2026-09-23 07:01:45 - INFO - Logging initialized for nexus_aiops
2026-09-23 07:01:45 - INFO - Log directory: C:\Users\FAVOUR\aiops-mvp\logs
2026-09-23 07:01:45 - INFO - Log level: INFO
2026-09-23 07:01:45 - INFO - Logging utils module loaded
2026-09-23 07:02:00 - INFO - ============================================================
2026-09-23 07:02:00 - INFO - Starting Nexus AIOps v1.0.0
2026-09-23 07:02:00 - INFO - Timestamp: 2026-09-23 07:02:00
2026-09-23 07:02:00 - INFO - Configuration: Environment: development
2026-09-23 07:02:00 - INFO - ============================================================

======================================================================
  [NEXUS] NEXUS AIOPS - Enterprise Autonomous Observability Platform
======================================================================
  [*] Connecting to MongoDB...
  [*] MongoDB connection established
[*] MongoDB connected successfully with collections initialized
[*] Initialized 5 approval requests in MongoDB
[*] Initialized 144 demo audit entries
[*] Telemetry: 2 critical, 0 warning, 16 healthy

[INFO] Access at: http://localhost:5000
   Demo: admin / admin123
   API Docs: http://localhost:5000/api/docs

 * Serving Flask app 'nexus_app'
 * Debug mode: off
[*] Telemetry: 2 critical, 0 warning, 16 healthy
[*] Telemetry: 2 critical, 0 warning, 16 healthy
[*] Telemetry: 2 critical, 0 warning, 16 healthy
[*] Telemetry: 2 critical, 0 warning, 16 healthy
[*] Telemetry: 2 critical, 0 warning, 16 healthy
[*] Telemetry: 2 critical, 0 warning, 16 healthy
[*] Telemetry: 2 critical, 0 warning, 16 healthy
[*] Telemetry: 2 critical, 0 warning, 16 healthy
[*] Telemetry: 2 critical, 0 warning, 16 healthy
[*] Telemetry: 2 critical, 0 warning, 16 healthy
[*] Telemetry: 2 critical, 0 warning, 16 healthy
[*] Telemetry: 2 critical, 0 warning, 16 healthy
[*] Telemetry: 2 critical, 0 warning, 16 healthy
[*] Telemetry: 2 critical, 0 warning, 16 healthy
[*] Telemetry: 2 critical, 0 warning, 16 healthy
[*] Telemetry: 2 critical, 0 warning, 16 healthy
[*] Telemetry: 2 critical, 0 warning, 16 healthy
[*] Telemetry: 2 critical, 0 warning, 16 healthy
[*] Telemetry: 2 critical, 0 warning, 16 healthy
[*] Telemetry: 2 critical, 0 warning, 16 healthy
[*] Telemetry: 2 critical, 0 warning, 16 healthy
[*] Telemetry: 2 critical, 0 warning, 16 healthy
[*] Telemetry: 2 critical, 0 warning, 16 healthy
[*] Telemetry: 2 critical, 0 warning, 16 healthy
[*] Telemetry: 2 critical, 0 warning, 16 healthy
[*] Telemetry: 2 critical, 0 warning, 16 healthy
[*] Telemetry: 2 critical, 0 warning, 16 healthy
[*] Telemetry: 2 critical, 0 warning, 16 healthy
[*] Telemetry: 2 critical, 0 warning, 16 healthy
[*] Telemetry: 2 critical, 0 warning, 16 healthy
[*] Telemetry: 2 critical, 0 warning, 16 healthy
[*] Telemetry: 2 critical, 0 warning, 16 healthy
[*] Telemetry: 2 critical, 0 warning, 16 healthy
[*] Telemetry: 2 critical, 0 warning, 16 healthy
[*] Telemetry: 2 critical, 0 warning, 16 healthy
[*] Telemetry: 2 critical, 0 warning, 16 healthy
[*] Telemetry: 2 critical, 0 warning, 16 healthy
[*] Telemetry: 2 critical, 0 warning, 16 healthy
[*] Telemetry: 2 critical, 0 warning, 16 healthy
[*] Telemetry: 2 critical, 0 warning, 16 healthy
[*] Telemetry: 2 critical, 0 warning, 16 healthy
[*] Telemetry: 2 critical, 0 warning, 16 healthy
[*] Telemetry: 2 critical, 0 warning, 16 healthy
[*] Telemetry: 2 critical, 0 warning, 16 healthy
[*] Telemetry: 2 critical, 0 warning, 16 healthy
[*] Telemetry: 2 critical, 0 warning, 16 healthy
[*] Telemetry: 2 critical, 0 warning, 16 healthy
[*] Telemetry: 2 critical, 0 warning, 16 healthy
[*] Telemetry: 2 critical, 0 warning, 16 healthy
[*] Telemetry: 2 critical, 0 warning, 16 healthy
[*] Telemetry: 2 critical, 0 warning, 16 healthy
[*] Telemetry: 2 critical, 0 warning, 16 healthy
[*] Telemetry: 2 critical, 0 warning, 16 healthy
[*] Telemetry: 2 critical, 0 warning, 16 healthy
[*] Telemetry: 2 critical, 0 warning, 16 healthy
[*] Telemetry: 2 critical, 0 warning, 16 healthy
[*] Telemetry: 2 critical, 0 warning, 16 healthy
[*] Telemetry: 2 critical, 0 warning, 16 healthy
[*] Telemetry: 2 critical, 0 warning, 16 healthy
[*] Telemetry: 2 critical, 0 warning, 16 healthy
[*] Telemetry: 2 critical, 0 warning, 16 healthy
[*] Telemetry: 2 critical, 0 warning, 16 healthy
[*] Telemetry: 2 critical, 0 warning, 16 healthy
[*] Telemetry: 2 critical, 0 warning, 16 healthy
[*] Telemetry: 2 critical, 0 warning, 16 healthy
[*] Telemetry: 2 critical, 0 warning, 16 healthy
[*] Telemetry: 2 critical, 0 warning, 16 healthy
[*] Telemetry: 2 critical, 0 warning, 16 healthy
[*] Telemetry: 2 critical, 0 warning, 16 healthy
[*] Telemetry: 2 critical, 0 warning, 16 healthy
[*] Telemetry: 2 critical, 0 warning, 16 healthy
[*] Telemetry: 2 critical, 0 warning, 16 healthy
[*] Telemetry: 2 critical, 0 warning, 16 healthy
[*] Telemetry: 2 critical, 0 warning, 16 healthy
[*] Telemetry: 2 critical, 0 warning, 16 healthy
[*] Telemetry: 2 critical, 0 warning, 16 healthy
[*] Telemetry: 2 critical, 0 warning, 16 healthy
[*] Telemetry: 2 critical, 0 warning, 16 healthy
[*] Telemetry: 2 critical, 0 warning, 16 healthy
[*] Telemetry: 2 critical, 0 warning, 16 healthy
[*] Telemetry: 2 critical, 0 warning, 16 healthy
[*] Telemetry: 2 critical, 0 warning, 16 healthy
[*] Telemetry: 2 critical, 0 warning, 16 healthy
[*] Telemetry: 2 critical, 0 warning, 16 healthy
[*] Telemetry: 2 critical, 0 warning, 16 healthy
[*] Telemetry: 2 critical, 0 warning, 16 healthy
[*] Telemetry: 2 critical, 0 warning, 16 healthy
[*] Telemetry: 2 critical, 0 warning, 16 healthy
[*] Telemetry: 2 critical, 0 warning, 16 healthy
[*] Telemetry: 2 critical, 0 warning, 16 healthy
[*] Telemetry: 2 critical, 0 warning, 16 healthy
[*] Telemetry: 2 critical, 0 warning, 16 healthy
[*] Telemetry: 2 critical, 0 warning, 16 healthy
[*] Telemetry: 2 critical, 0 warning, 16 healthy
[*] Telemetry: 2 critical, 0 warning, 16 healthy
[*] Telemetry: 2 critical, 0 warning, 16 healthy
[*] Telemetry: 2 critical, 0 warning, 16 healthy
[*] Telemetry: 2 critical, 0 warning, 16 healthy
[*] Telemetry: 2 critical, 0 warning, 16 healthy
[*] Telemetry: 2 critical, 0 warning, 16 healthy
[*] Telemetry: 2 critical, 0 warning, 16 healthy
[*] Telemetry: 2 critical, 0 warning, 16 healthy
[*] Telemetry: 2 critical, 0 warning, 16 healthy
[*] Telemetry: 2 critical, 0 warning, 16 healthy
[*] Telemetry: 2 critical, 0 warning, 16 healthy
[*] Telemetry: 2 critical, 0 warning, 16 healthy
[*] Telemetry: 2 critical, 0 warning, 16 healthy
[*] Telemetry: 2 critical, 0 warning, 16 healthy
[*] Telemetry: 2 critical, 0 warning, 16 healthy
[*] Telemetry: 2 critical, 0 warning, 16 healthy
[*] Telemetry: 2 critical, 0 warning, 16 healthy
[*] Telemetry: 2 critical, 0 warning, 16 healthy
[*] Telemetry: 2 critical, 0 warning, 16 healthy
[*] Telemetry: 2 critical, 0 warning, 16 healthy
[*] Telemetry: 2 critical, 0 warning, 16 healthy
[*] Telemetry: 2 critical, 0 warning, 16 healthy
[*] Telemetry: 2 critical, 0 warning, 16 healthy
[*] Telemetry: 2 critical, 0 warning, 16 healthy
[*] Telemetry: 2 critical, 0 warning, 16 healthy
[*] Telemetry: 2 critical, 0 warning, 16 healthy
[*] Telemetry: 2 critical, 0 warning, 16 healthy
[*] Telemetry: 2 critical, 0 warning, 16 healthy
[*] Telemetry: 2 critical, 0 warning, 16 healthy
[*] Telemetry: 2 critical, 0 warning, 16 healthy
[*] Telemetry: 2 critical, 0 warning, 16 healthy
[*] Telemetry: 2 critical, 0 warning, 16 healthy
[*] Telemetry: 2 critical, 0 warning, 16 healthy
[*] Telemetry: 2 critical, 0 warning, 16 healthy
[*] Telemetry: 2 critical, 0 warning, 16 healthy
[*] Telemetry: 2 critical, 0 warning, 16 healthy
[*] Telemetry: 2 critical, 0 warning, 16 healthy
[*] Telemetry: 2 critical, 0 warning, 16 healthy
[*] Telemetry: 2 critical, 0 warning, 16 healthy
[*] Telemetry: 2 critical, 0 warning, 16 healthy
[*] Telemetry: 2 critical, 0 warning, 16 healthy
[*] Telemetry: 2 critical, 0 warning, 16 healthy
[*] Telemetry: 2 critical, 0 warning, 16 healthy
[*] Telemetry: 2 critical, 0 warning, 16 healthy
[*] Telemetry: 2 critical, 0 warning, 16 healthy
[*] Telemetry: 2 critical, 0 warning, 16 healthy
[*] Telemetry: 2 critical, 0 warning, 16 healthy
[*] Telemetry: 2 critical, 0 warning, 16 healthy
[*] Telemetry: 2 critical, 0 warning, 16 healthy
[*] Telemetry: 2 critical, 0 warning, 16 healthy
[*] Telemetry: 2 critical, 0 warning, 16 healthy
[*] Telemetry: 2 critical, 0 warning, 16 healthy
[*] Telemetry: 2 critical, 0 warning, 16 healthy
[*] Telemetry: 2 critical, 0 warning, 16 healthy
[*] Telemetry: 2 critical, 0 warning, 16 healthy
[*] Telemetry: 2 critical, 0 warning, 16 healthy
[*] Telemetry: 2 critical, 0 warning, 16 healthy
[*] Telemetry: 2 critical, 0 warning, 16 healthy
[*] Telemetry: 2 critical, 0 warning, 16 healthy
[*] Telemetry: 2 critical, 0 warning, 16 healthy
[*] Telemetry: 2 critical, 0 warning, 16 healthy
[*] Telemetry: 2 critical, 0 warning, 16 healthy
[*] Telemetry: 2 critical, 0 warning, 16 healthy
[*] Telemetry: 2 critical, 0 warning, 16 healthy
[*] Telemetry: 2 critical, 0 warning, 16 healthy
[*] Telemetry: 2 critical, 0 warning, 16 healthy
[*] Telemetry: 2 critical, 0 warning, 16 healthy
[*] Telemetry: 2 critical, 0 warning, 16 healthy
[*] Telemetry: 2 critical, 0 warning, 16 healthy
[*] Telemetry: 2 critical, 0 warning, 16 healthy
[*] Telemetry: 2 critical, 0 warning, 16 healthy
[*] Telemetry: 2 critical, 0 warning, 16 healthy
[*] Telemetry: 2 critical, 0 warning, 16 healthy
[*] Telemetry: 2 critical, 0 warning, 16 healthy
[*] Telemetry: 2 critical, 0 warning, 16 healthy
[*] Telemetry: 2 critical, 0 warning, 16 healthy
[*] Telemetry: 2 critical, 0 warning, 16 healthy
[*] Telemetry: 2 critical, 0 warning, 16 healthy
[*] Telemetry: 2 critical, 0 warning, 16 healthy
[*] Telemetry: 2 critical, 0 warning, 16 healthy
[*] Telemetry: 2 critical, 0 warning, 16 healthy
[*] Telemetry: 2 critical, 0 warning, 16 healthy
[*] Telemetry: 2 critical, 0 warning, 16 healthy
[*] Telemetry: 2 critical, 0 warning, 16 healthy
[*] Telemetry: 2 critical, 0 warning, 16 healthy
[*] Telemetry: 2 critical, 0 warning, 16 healthy
[*] Telemetry: 2 critical, 0 warning, 16 healthy
[*] Telemetry: 2 critical, 0 warning, 16 healthy
[*] Telemetry: 2 critical, 0 warning, 16 healthy
[*] Telemetry: 2 critical, 0 warning, 16 healthy
[*] Telemetry: 2 critical, 0 warning, 16 healthy
[*] Telemetry: 2 critical, 0 warning, 16 healthy
[*] Telemetry: 2 critical, 0 warning, 16 healthy
[*] Telemetry: 2 critical, 0 warning, 16 healthy
[*] Telemetry: 2 critical, 0 warning, 16 healthy
[*] Telemetry: 2 critical, 0 warning, 16 healthy
[*] Telemetry: 2 critical, 0 warning, 16 healthy
[*] Telemetry: 2 critical, 0 warning, 16 healthy
[*] Telemetry: 2 critical, 0 warning, 16 healthy
[*] Telemetry: 2 critical, 0 warning, 16 healthy
[*] Telemetry: 2 critical, 0 warning, 16 healthy
[*] Telemetry: 2 critical, 0 warning, 16 healthy
[*] Telemetry: 2 critical, 0 warning, 16 healthy
[*] Telemetry: 2 critical, 0 warning, 16 healthy
[*] Telemetry: 2 critical, 0 warning, 16 healthy
[*] Telemetry: 2 critical, 0 warning, 16 healthy
[*] Telemetry: 2 critical, 0 warning, 16 healthy
[*] Telemetry: 2 critical, 0 warning, 16 healthy
[*] Telemetry: 2 critical, 0 warning, 16 healthy
[*] Telemetry: 2 critical, 0 warning, 16 healthy
[*] Telemetry: 2 critical, 0 warning, 16 healthy
[*] Telemetry: 2 critical, 0 warning, 16 healthy
[*] Telemetry: 2 critical, 0 warning, 16 healthy
[*] Telemetry: 2 critical, 0 warning, 16 healthy
[*] Telemetry: 2 critical, 0 warning, 16 healthy
[*] Telemetry: 2 critical, 0 warning, 16 healthy
[*] Telemetry: 2 critical, 0 warning, 16 healthy
[*] Telemetry: 2 critical, 0 warning, 16 healthy
[*] Telemetry: 2 critical, 0 warning, 16 healthy
[*] Telemetry: 2 critical, 0 warning, 16 healthy
[*] Telemetry: 2 critical, 0 warning, 16 healthy
[*] Telemetry: 2 critical, 0 warning, 16 healthy
[*] Telemetry: 2 critical, 0 warning, 16 healthy
[*] Telemetry: 2 critical, 0 warning, 16 healthy
[*] Telemetry: 2 critical, 0 warning, 16 healthy
[*] Telemetry: 2 critical, 0 warning, 16 healthy
[*] Telemetry: 2 critical, 0 warning, 16 healthy
[*] Telemetry: 2 critical, 0 warning, 16 healthy
[*] Telemetry: 2 critical, 0 warning, 16 healthy
[*] Telemetry: 2 critical, 0 warning, 16 healthy
[*] Telemetry: 2 critical, 0 warning, 16 healthy
[*] Telemetry: 2 critical, 0 warning, 16 healthy
[*] Telemetry: 2 critical, 0 warning, 16 healthy
[*] Telemetry: 2 critical, 0 warning, 16 healthy
[*] Telemetry: 2 critical, 0 warning, 16 healthy
[*] Telemetry: 2 critical, 0 warning, 16 healthy
[*] Telemetry: 2 critical, 0 warning, 16 healthy
[*] Telemetry: 2 critical, 0 warning, 16 healthy
[*] Telemetry: 2 critical, 0 warning, 16 healthy
[*] Telemetry: 2 critical, 0 warning, 16 healthy
[*] Telemetry: 2 critical, 0 warning, 16 healthy
[*] Telemetry: 2 critical, 0 warning, 16 healthy
[*] Telemetry: 2 critical, 0 warning, 16 healthy
[*] Telemetry: 2 critical, 0 warning, 16 healthy
[*] Telemetry: 2 critical, 0 warning, 16 healthy
[*] Telemetry: 2 critical, 0 warning, 16 healthy
[*] Telemetry: 2 critical, 0 warning, 16 healthy
[*] Telemetry: 2 critical, 0 warning, 16 healthy
[*] Telemetry: 2 critical, 0 warning, 16 healthy
[*] Telemetry: 2 critical, 0 warning, 16 healthy
[*] Telemetry: 2 critical, 0 warning, 16 healthy
[*] Telemetry: 2 critical, 0 warning, 16 healthy
[*] Telemetry: 2 critical, 0 warning, 16 healthy
[*] Telemetry: 2 critical, 0 warning, 16 healthy
[*] Telemetry: 2 critical, 0 warning, 16 healthy
[*] Telemetry: 2 critical, 0 warning, 16 healthy
[*] Telemetry: 2 critical, 0 warning, 16 healthy
[*] Telemetry: 2 critical, 0 warning, 16 healthy
[*] Telemetry: 2 critical, 0 warning, 16 healthy
[*] Telemetry: 2 critical, 0 warning, 16 healthy
[*] Telemetry: 2 critical, 0 warning, 16 healthy
[*] Telemetry: 2 critical, 0 warning, 16 healthy
[*] Telemetry: 2 critical, 0 warning, 16 healthy
[*] Telemetry: 2 critical, 0 warning, 16 healthy
[*] Telemetry: 2 critical, 0 warning, 16 healthy
[*] Telemetry: 2 critical, 0 warning, 16 healthy
[*] Telemetry: 2 critical, 0 warning, 16 healthy
[*] Telemetry: 2 critical, 0 warning, 16 healthy
[*] Telemetry: 2 critical, 0 warning, 16 healthy
[*] Telemetry: 2 critical, 0 warning, 16 healthy
[*] Telemetry: 2 critical, 0 warning, 16 healthy
[*] Telemetry: 2 critical, 0 warning, 16 healthy
[*] Telemetry: 2 critical, 0 warning, 16 healthy
[*] Telemetry: 2 critical, 0 warning, 16 healthy
[*] Telemetry: 2 critical, 0 warning, 16 healthy
[*] Telemetry: 2 critical, 0 warning, 16 healthy
[*] Telemetry: 2 critical, 0 warning, 16 healthy
[*] Telemetry: 2 critical, 0 warning, 16 healthy
[*] Telemetry: 2 critical, 0 warning, 16 healthy
[*] Telemetry: 2 critical, 0 warning, 16 healthy
[*] Telemetry: 2 critical, 0 warning, 16 healthy
[*] Telemetry: 2 critical, 0 warning, 16 healthy
[*] Telemetry: 2 critical, 0 warning, 16 healthy
[*] Telemetry: 2 critical, 0 warning, 16 healthy
[*] Telemetry: 2 critical, 0 warning, 16 healthy
[*] Telemetry: 2 critical, 0 warning, 16 healthy
[*] Telemetry: 2 critical, 0 warning, 16 healthy
[*] Telemetry: 2 critical, 0 warning, 16 healthy
[*] Telemetry: 2 critical, 0 warning, 16 healthy
[*] Telemetry: 2 critical, 0 warning, 16 healthy
[*] Telemetry: 2 critical, 0 warning, 16 healthy
[*] Telemetry: 2 critical, 0 warning, 16 healthy
[*] Telemetry: 2 critical, 0 warning, 16 healthy
[*] Telemetry: 2 critical, 0 warning, 16 healthy
[*] Telemetry: 2 critical, 0 warning, 16 healthy
[*] Telemetry: 2 critical, 0 warning, 16 healthy
[*] Telemetry: 2 critical, 0 warning, 16 healthy
[*] Telemetry: 2 critical, 0 warning, 16 healthy
[*] Telemetry: 2 critical, 0 warning, 16 healthy
[*] Telemetry: 2 critical, 0 warning, 16 healthy
[*] Telemetry: 2 critical, 0 warning, 16 healthy
[*] Telemetry: 2 critical, 0 warning, 16 healthy
[*] Telemetry: 2 critical, 0 warning, 16 healthy
[*] Telemetry: 2 critical, 0 warning, 16 healthy
[*] Telemetry: 2 critical, 0 warning, 16 healthy
[*] Telemetry: 2 critical, 0 warning, 16 healthy
[*] Telemetry: 2 critical, 0 warning, 16 healthy
[*] Telemetry: 2 critical, 0 warning, 16 healthy
[*] Telemetry: 2 critical, 0 warning, 16 healthy
[*] Telemetry: 2 critical, 0 warning, 16 healthy
[*] Telemetry: 2 critical, 0 warning, 16 healthy
[*] Telemetry: 2 critical, 0 warning, 16 healthy
[*] Telemetry: 2 critical, 0 warning, 16 healthy
[*] Telemetry: 2 critical, 0 warning, 16 healthy
[*] Telemetry: 2 critical, 0 warning, 16 healthy
[*] Telemetry: 2 critical, 0 warning, 16 healthy
[*] Telemetry: 2 critical, 0 warning, 16 healthy
[*] Telemetry: 2 critical, 0 warning, 16 healthy
[*] Telemetry: 2 critical, 0 warning, 16 healthy
[*] Telemetry: 2 critical, 0 warning, 16 healthy
[*] Telemetry: 2 critical, 0 warning, 16 healthy
[*] Telemetry: 2 critical, 0 warning, 16 healthy
[*] Telemetry: 2 critical, 0 warning, 16 healthy
[*] Telemetry: 2 critical, 0 warning, 16 healthy
[*] Telemetry: 2 critical, 0 warning, 16 healthy
[*] Telemetry: 2 critical, 0 warning, 16 healthy
[*] Telemetry: 2 critical, 0 warning, 16 healthy
[*] Telemetry: 2 critical, 0 warning, 16 healthy
[*] Telemetry: 2 critical, 0 warning, 16 healthy
[*] Telemetry: 2 critical, 0 warning, 16 healthy
[*] Telemetry: 2 critical, 0 warning, 16 healthy
[*] Telemetry: 2 critical, 0 warning, 16 healthy
[*] Telemetry: 2 critical, 0 warning, 16 healthy
[*] Telemetry: 2 critical, 0 warning, 16 healthy
[*] Telemetry: 2 critical, 0 warning, 16 healthy
[*] Telemetry: 2 critical, 0 warning, 16 healthy
[*] Telemetry: 2 critical, 0 warning, 16 healthy
[*] Telemetry: 2 critical, 0 warning, 16 healthy
[*] Telemetry: 2 critical, 0 warning, 16 healthy
[*] Telemetry: 2 critical, 0 warning, 16 healthy
[*] Telemetry: 2 critical, 0 warning, 16 healthy
[*] Telemetry: 2 critical, 0 warning, 16 healthy
[*] Telemetry: 2 critical, 0 warning, 16 healthy
[*] Telemetry: 2 critical, 0 warning, 16 healthy
[*] Telemetry: 2 critical, 0 warning, 16 healthy
[*] Telemetry: 2 critical, 0 warning, 16 healthy
[*] Telemetry: 2 critical, 0 warning, 16 healthy
[*] Telemetry: 2 critical, 0 warning, 16 healthy
[*] Telemetry: 2 critical, 0 warning, 16 healthy
[*] Telemetry: 2 critical, 0 warning, 16 healthy
[*] Telemetry: 2 critical, 0 warning, 16 healthy
[*] Telemetry: 2 critical, 0 warning, 16 healthy
[*] Telemetry: 2 critical, 0 warning, 16 healthy
[*] Telemetry: 2 critical, 0 warning, 16 healthy
[*] Telemetry: 2 critical, 0 warning, 16 healthy
[*] Telemetry: 2 critical, 0 warning, 16 healthy
[*] Telemetry: 2 critical, 0 warning, 16 healthy
[*] Telemetry: 2 critical, 0 warning, 16 healthy
[*] Telemetry: 2 critical, 0 warning, 16 healthy
[*] Telemetry: 2 critical, 0 warning, 16 healthy
[*] Telemetry: 2 critical, 0 warning, 16 healthy
[*] Telemetry: 2 critical, 0 warning, 16 healthy
[*] Telemetry: 2 critical, 0 warning, 16 healthy
[*] Telemetry: 2 critical, 0 warning, 16 healthy
[*] Telemetry: 2 critical, 0 warning, 16 healthy
[*] Telemetry: 2 critical, 0 warning, 16 healthy
[*] Telemetry: 2 critical, 0 warning, 16 healthy
[*] Telemetry: 2 critical, 0 warning, 16 healthy
[*] Telemetry: 2 critical, 0 warning, 16 healthy
[*] Telemetry: 2 critical, 0 warning, 16 healthy
[*] Telemetry: 2 critical, 0 warning, 16 healthy
[*] Telemetry: 2 critical, 0 warning, 16 healthy
[*] Telemetry: 2 critical, 0 warning, 16 healthy
[*] Telemetry: 2 critical, 0 warning, 16 healthy
[*] Telemetry: 2 critical, 0 warning, 16 healthy
[*] Telemetry: 2 critical, 0 warning, 16 healthy
[*] Telemetry: 2 critical, 0 warning, 16 healthy
[*] Telemetry: 2 critical, 0 warning, 16 healthy
[*] Telemetry: 2 critical, 0 warning, 16 healthy
[*] Telemetry: 2 critical, 0 warning, 16 healthy
[*] Telemetry: 2 critical, 0 warning, 16 healthy
[*] Telemetry: 2 critical, 0 warning, 16 healthy
[*] Telemetry: 2 critical, 0 warning, 16 healthy
[*] Telemetry: 2 critical, 0 warning, 16 healthy
[*] Telemetry: 2 critical, 0 warning, 16 healthy
[*] Telemetry: 2 critical, 0 warning, 16 healthy
[*] Telemetry: 2 critical, 0 warning, 16 healthy
[*] Telemetry: 2 critical, 0 warning, 16 healthy
[*] Telemetry: 2 critical, 0 warning, 16 healthy
[*] Telemetry: 2 critical, 0 warning, 16 healthy
[*] Telemetry: 2 critical, 0 warning, 16 healthy
[*] Telemetry: 2 critical, 0 warning, 16 healthy
[*] Telemetry: 2 critical, 0 warning, 16 healthy
[*] Telemetry: 2 critical, 0 warning, 16 healthy
[*] Telemetry: 2 critical, 0 warning, 16 healthy
[*] Telemetry: 2 critical, 0 warning, 16 healthy
[*] Telemetry: 2 critical, 0 warning, 16 healthy
[*] Telemetry: 2 critical, 0 warning, 16 healthy
[*] Telemetry: 2 critical, 0 warning, 16 healthy
[*] Telemetry: 2 critical, 0 warning, 16 healthy
[*] Telemetry: 2 critical, 0 warning, 16 healthy
[*] Telemetry: 2 critical, 0 warning, 16 healthy
[*] Telemetry: 2 critical, 0 warning, 16 healthy
[*] Telemetry: 2 critical, 0 warning, 16 healthy
[*] Telemetry: 2 critical, 0 warning, 16 healthy
[*] Telemetry: 2 critical, 0 warning, 16 healthy
[*] Telemetry: 2 critical, 0 warning, 16 healthy
[*] Telemetry: 2 critical, 0 warning, 16 healthy
[*] Telemetry: 2 critical, 0 warning, 16 healthy
[*] Telemetry: 2 critical, 0 warning, 16 healthy
[*] Telemetry: 2 critical, 0 warning, 16 healthy
[*] Telemetry: 2 critical, 0 warning, 16 healthy
[*] Telemetry: 2 critical, 0 warning, 16 healthy
[*] Telemetry: 2 critical, 0 warning, 16 healthy
[*] Telemetry: 2 critical, 0 warning, 16 healthy
[*] Telemetry: 2 critical, 0 warning, 16 healthy
[*] Telemetry: 2 critical, 0 warning, 16 healthy
[*] Telemetry: 2 critical, 0 warning, 16 healthy
[*] Telemetry: 2 critical, 0 warning, 16 healthy
[*] Telemetry: 2 critical, 0 warning, 16 healthy
[*] Telemetry: 2 critical, 0 warning, 16 healthy
[*] Telemetry: 2 critical, 0 warning, 16 healthy
[*] Telemetry: 2 critical, 0 warning, 16 healthy
[*] Telemetry: 2 critical, 0 warning, 16 healthy
[*] Telemetry: 2 critical, 0 warning, 16 healthy
[*] Telemetry: 2 critical, 0 warning, 16 healthy
[*] Telemetry: 2 critical, 0 warning, 16 healthy
[*] Telemetry: 2 critical, 0 warning, 16 healthy
[*] Telemetry: 2 critical, 0 warning, 16 healthy
[*] Telemetry: 2 critical, 0 warning, 16 healthy
[*] Telemetry: 2 critical, 0 warning, 16 healthy
[*] Telemetry: 2 critical, 0 warning, 16 healthy
[*] Telemetry: 2 critical, 0 warning, 16 healthy
[*] Telemetry: 2 critical, 0 warning, 16 healthy
[*] Telemetry: 2 critical, 0 warning, 16 healthy
[*] Telemetry: 2 critical, 0 warning, 16 healthy
[*] Telemetry: 2 critical, 0 warning, 16 healthy
[*] Telemetry: 2 critical, 0 warning, 16 healthy
[*] Telemetry: 2 critical, 0 warning, 16 healthy
[*] Telemetry: 2 critical, 0 warning, 16 healthy
[*] Telemetry: 2 critical, 0 warning, 16 healthy
[*] Telemetry: 2 critical, 0 warning, 16 healthy
[*] Telemetry: 2 critical, 0 warning, 16 healthy
[*] Telemetry: 2 critical, 0 warning, 16 healthy
[*] Telemetry: 2 critical, 0 warning, 16 healthy
[*] Telemetry: 2 critical, 0 warning, 16 healthy
[*] Telemetry: 2 critical, 0 warning, 16 healthy
[*] Telemetry: 2 critical, 0 warning, 16 healthy
[*] Telemetry: 2 critical, 0 warning, 16 healthy
[*] Telemetry: 2 critical, 0 warning, 16 healthy
[*] Telemetry: 2 critical, 0 warning, 16 healthy
[*] Telemetry: 2 critical, 0 warning, 16 healthy
[*] Telemetry: 2 critical, 0 warning, 16 healthy
[*] Telemetry: 2 critical, 0 warning, 16 healthy
[*] Telemetry: 2 critical, 0 warning, 16 healthy
[*] Telemetry: 2 critical, 0 warning, 16 healthy
[*] Telemetry: 2 critical, 0 warning, 16 healthy
[*] Telemetry: 2 critical, 0 warning, 16 healthy
[*] Telemetry: 2 critical, 0 warning, 16 healthy
[*] Telemetry: 2 critical, 0 warning, 16 healthy
[*] Telemetry: 2 critical, 0 warning, 16 healthy
[*] Telemetry: 2 critical, 0 warning, 16 healthy
[*] Telemetry: 2 critical, 0 warning, 16 healthy
[*] Telemetry: 2 critical, 0 warning, 16 healthy
[*] Telemetry: 2 critical, 0 warning, 16 healthy
[*] Telemetry: 2 critical, 0 warning, 16 healthy
[*] Telemetry: 2 critical, 0 warning, 16 healthy
[*] Telemetry: 2 critical, 0 warning, 16 healthy
[*] Telemetry: 2 critical, 0 warning, 16 healthy
[*] Telemetry: 2 critical, 0 warning, 16 healthy
[*] Telemetry: 2 critical, 0 warning, 16 healthy
[*] Telemetry: 2 critical, 0 warning, 16 healthy
[*] Telemetry: 2 critical, 0 warning, 16 healthy
[*] Telemetry: 2 critical, 0 warning, 16 healthy
[*] Telemetry: 2 critical, 0 warning, 16 healthy
[*] Telemetry: 2 critical, 0 warning, 16 healthy
[*] Telemetry: 2 critical, 0 warning, 16 healthy
[*] Telemetry: 2 critical, 0 warning, 16 healthy
[*] Telemetry: 2 critical, 0 warning, 16 healthy
[*] Telemetry: 2 critical, 0 warning, 16 healthy
[*] Telemetry: 2 critical, 0 warning, 16 healthy
[*] Telemetry: 2 critical, 0 warning, 16 healthy
[*] Telemetry: 2 critical, 0 warning, 16 healthy
[*] Telemetry: 2 critical, 0 warning, 16 healthy
[*] Telemetry: 2 critical, 0 warning, 16 healthy
[*] Telemetry: 2 critical, 0 warning, 16 healthy
[*] Telemetry: 2 critical, 0 warning, 16 healthy
[*] Telemetry: 2 critical, 0 warning, 16 healthy
[*] Telemetry: 2 critical, 0 warning, 16 healthy
[*] Telemetry: 2 critical, 0 warning, 16 healthy
[*] Telemetry: 2 critical, 0 warning, 16 healthy
[*] Telemetry: 2 critical, 0 warning, 16 healthy
[*] Telemetry: 2 critical, 0 warning, 16 healthy
[*] Telemetry: 2 critical, 0 warning, 16 healthy
[*] Telemetry: 2 critical, 0 warning, 16 healthy
[*] Telemetry: 2 critical, 0 warning, 16 healthy
[*] Telemetry: 2 critical, 0 warning, 16 healthy
[*] Telemetry: 2 critical, 0 warning, 16 healthy
[*] Telemetry: 2 critical, 0 warning, 16 healthy
[*] Telemetry: 2 critical, 0 warning, 16 healthy
[*] Telemetry: 2 critical, 0 warning, 16 healthy
[*] Telemetry: 2 critical, 0 warning, 16 healthy
[*] Telemetry: 2 critical, 0 warning, 16 healthy
[*] Telemetry: 2 critical, 0 warning, 16 healthy
[*] Telemetry: 2 critical, 0 warning, 16 healthy
[*] Telemetry: 2 critical, 0 warning, 16 healthy
[*] Telemetry: 2 critical, 0 warning, 16 healthy
[*] Telemetry: 2 critical, 0 warning, 16 healthy
[*] Telemetry: 2 critical, 0 warning, 16 healthy
[*] Telemetry: 2 critical, 0 warning, 16 healthy
[*] Telemetry: 2 critical, 0 warning, 16 healthy
[*] Telemetry: 2 critical, 0 warning, 16 healthy
[*] Telemetry: 2 critical, 0 warning, 16 healthy
[*] Telemetry: 2 critical, 0 warning, 16 healthy
[*] Telemetry: 2 critical, 0 warning, 16 healthy
[*] Telemetry: 2 critical, 0 warning, 16 healthy
[*] Telemetry: 2 critical, 0 warning, 16 healthy
[*] Telemetry: 2 critical, 0 warning, 16 healthy
[*] Telemetry: 2 critical, 0 warning, 16 healthy
[*] Telemetry: 2 critical, 0 warning, 16 healthy
[*] Telemetry: 2 critical, 0 warning, 16 healthy
[*] Telemetry: 2 critical, 0 warning, 16 healthy
[*] Telemetry: 2 critical, 0 warning, 16 healthy
[*] Telemetry: 2 critical, 0 warning, 16 healthy
[*] Telemetry: 2 critical, 0 warning, 16 healthy
[*] Telemetry: 2 critical, 0 warning, 16 healthy
[*] Telemetry: 2 critical, 0 warning, 16 healthy
[*] Telemetry: 2 critical, 0 warning, 16 healthy
[*] Telemetry: 2 critical, 0 warning, 16 healthy
[*] Telemetry: 2 critical, 0 warning, 16 healthy
[*] Telemetry: 2 critical, 0 warning, 16 healthy
[*] Telemetry: 2 critical, 0 warning, 16 healthy
[*] Telemetry: 2 critical, 0 warning, 16 healthy
[*] Telemetry: 2 critical, 0 warning, 16 healthy
[*] Telemetry: 2 critical, 0 warning, 16 healthy
[*] Telemetry: 2 critical, 0 warning, 16 healthy
[*] Telemetry: 2 critical, 0 warning, 16 healthy
[*] Telemetry: 2 critical, 0 warning, 16 healthy
[*] Telemetry: 2 critical, 0 warning, 16 healthy
[*] Telemetry: 2 critical, 0 warning, 16 healthy
[*] Telemetry: 2 critical, 0 warning, 16 healthy
[*] Telemetry: 2 critical, 0 warning, 16 healthy
[*] Telemetry: 2 critical, 0 warning, 16 healthy
[*] Telemetry: 2 critical, 0 warning, 16 healthy
[*] Telemetry: 2 critical, 0 warning, 16 healthy
[*] Telemetry: 2 critical, 0 warning, 16 healthy
[*] Telemetry: 2 critical, 0 warning, 16 healthy
[*] Telemetry: 2 critical, 0 warning, 16 healthy
[*] Telemetry: 2 critical, 0 warning, 16 healthy
[*] Telemetry: 2 critical, 0 warning, 16 healthy
[*] Telemetry: 2 critical, 0 warning, 16 healthy
[*] Telemetry: 2 critical, 0 warning, 16 healthy
[*] Telemetry: 2 critical, 0 warning, 16 healthy
[*] Telemetry: 2 critical, 0 warning, 16 healthy
[*] Telemetry: 2 critical, 0 warning, 16 healthy
[*] Telemetry: 2 critical, 0 warning, 16 healthy
[*] Telemetry: 2 critical, 0 warning, 16 healthy
[*] Telemetry: 2 critical, 0 warning, 16 healthy
[*] Telemetry: 2 critical, 0 warning, 16 healthy
[*] Telemetry: 2 critical, 0 warning, 16 healthy
[*] Telemetry: 2 critical, 0 warning, 16 healthy
[*] Telemetry: 2 critical, 0 warning, 16 healthy
[*] Telemetry: 2 critical, 0 warning, 16 healthy
[*] Telemetry: 2 critical, 0 warning, 16 healthy
[*] Telemetry: 2 critical, 0 warning, 16 healthy
[*] Telemetry: 2 critical, 0 warning, 16 healthy
[*] Telemetry: 2 critical, 0 warning, 16 healthy
[*] Telemetry: 2 critical, 0 warning, 16 healthy
[*] Telemetry: 2 critical, 0 warning, 16 healthy
[*] Telemetry: 2 critical, 0 warning, 16 healthy
[*] Telemetry: 2 critical, 0 warning, 16 healthy
[*] Telemetry: 2 critical, 0 warning, 16 healthy
[*] Telemetry: 2 critical, 0 warning, 16 healthy
[*] Telemetry: 2 critical, 0 warning, 16 healthy
[*] Telemetry: 2 critical, 0 warning, 16 healthy
[*] Telemetry: 2 critical, 0 warning, 16 healthy
[*] Telemetry: 2 critical, 0 warning, 16 healthy
[*] Telemetry: 2 critical, 0 warning, 16 healthy
[*] Telemetry: 2 critical, 0 warning, 16 healthy
[*] Telemetry: 2 critical, 0 warning, 16 healthy
[*] Telemetry: 2 critical, 0 warning, 16 healthy
[*] Telemetry: 2 critical, 0 warning, 16 healthy
[*] Telemetry: 2 critical, 0 warning, 16 healthy
[*] Telemetry: 2 critical, 0 warning, 16 healthy
[*] Telemetry: 2 critical, 0 warning, 16 healthy
[*] Telemetry: 2 critical, 0 warning, 16 healthy
[*] Telemetry: 2 critical, 0 warning, 16 healthy
[*] Telemetry: 2 critical, 0 warning, 16 healthy
[*] Telemetry: 2 critical, 0 warning, 16 healthy
[*] Telemetry: 2 critical, 0 warning, 16 healthy
[*] Telemetry: 2 critical, 0 warning, 16 healthy
[*] Telemetry: 2 critical, 0 warning, 16 healthy
[*] Telemetry: 2 critical, 0 warning, 16 healthy
[*] Telemetry: 2 critical, 0 warning, 16 healthy
[*] Telemetry: 2 critical, 0 warning, 16 healthy
[*] Telemetry: 2 critical, 0 warning, 16 healthy
[*] Telemetry: 2 critical, 0 warning, 16 healthy
[*] Telemetry: 2 critical, 0 warning, 16 healthy
[*] Telemetry: 2 critical, 0 warning, 16 healthy
[*] Telemetry: 2 critical, 0 warning, 16 healthy
[*] Telemetry: 2 critical, 0 warning, 16 healthy
[*] Telemetry: 2 critical, 0 warning, 16 healthy
[*] Telemetry: 2 critical, 0 warning, 16 healthy
[*] Telemetry: 2 critical, 0 warning, 16 healthy
[*] Telemetry: 2 critical, 0 warning, 16 healthy
[*] Telemetry: 2 critical, 0 warning, 16 healthy
[*] Telemetry: 2 critical, 0 warning, 16 healthy
[*] Telemetry: 2 critical, 0 warning, 16 healthy
[*] Telemetry: 2 critical, 0 warning, 16 healthy
[*] Telemetry: 2 critical, 0 warning, 16 healthy
[*] Telemetry: 2 critical, 0 warning, 16 healthy
[*] Telemetry: 2 critical, 0 warning, 16 healthy
[*] Telemetry: 2 critical, 0 warning, 16 healthy
[*] Telemetry: 2 critical, 0 warning, 16 healthy
[*] Telemetry: 2 critical, 0 warning, 16 healthy
[*] Telemetry: 2 critical, 0 warning, 16 healthy
[*] Telemetry: 2 critical, 0 warning, 16 healthy
[*] Telemetry: 2 critical, 0 warning, 16 healthy
[*] Telemetry: 2 critical, 0 warning, 16 healthy
[*] Telemetry: 2 critical, 0 warning, 16 healthy
[*] Telemetry: 2 critical, 0 warning, 16 healthy
[*] Telemetry: 2 critical, 0 warning, 16 healthy
[*] Telemetry: 2 critical, 0 warning, 16 healthy
[*] Telemetry: 2 critical, 0 warning, 16 healthy
[*] Telemetry: 2 critical, 0 warning, 16 healthy
[*] Telemetry: 2 critical, 0 warning, 16 healthy
[*] Telemetry: 2 critical, 0 warning, 16 healthy
[*] Telemetry: 2 critical, 0 warning, 16 healthy
[*] Telemetry: 2 critical, 0 warning, 16 healthy
[*] Telemetry: 2 critical, 0 warning, 16 healthy
[*] Telemetry: 2 critical, 0 warning, 16 healthy
[*] Telemetry: 2 critical, 0 warning, 16 healthy
[*] Telemetry: 2 critical, 0 warning, 16 healthy
[*] Telemetry: 2 critical, 0 warning, 16 healthy
[*] Telemetry: 2 critical, 0 warning, 16 healthy
[*] Telemetry: 2 critical, 0 warning, 16 healthy
[*] Telemetry: 2 critical, 0 warning, 16 healthy
[*] Telemetry: 2 critical, 0 warning, 16 healthy
[*] Telemetry: 2 critical, 0 warning, 16 healthy
[*] Telemetry: 2 critical, 0 warning, 16 healthy
[*] Telemetry: 2 critical, 0 warning, 16 healthy
[*] Telemetry: 2 critical, 0 warning, 16 healthy
[*] Telemetry: 2 critical, 0 warning, 16 healthy
[*] Telemetry: 2 critical, 0 warning, 16 healthy
[*] Telemetry: 2 critical, 0 warning, 16 healthy
[*] Telemetry: 2 critical, 0 warning, 16 healthy
[*] Telemetry: 2 critical, 0 warning, 16 healthy
[*] Telemetry: 2 critical, 0 warning, 16 healthy
[*] Telemetry: 2 critical, 0 warning, 16 healthy
[*] Telemetry: 2 critical, 0 warning, 16 healthy
[*] Telemetry: 2 critical, 0 warning, 16 healthy
[*] Telemetry: 2 critical, 0 warning, 16 healthy
[*] Telemetry: 2 critical, 0 warning, 16 healthy
[*] Telemetry: 2 critical, 0 warning, 16 healthy
[*] Telemetry: 2 critical, 0 warning, 16 healthy
[*] Telemetry: 2 critical, 0 warning, 16 healthy
[*] Telemetry: 2 critical, 0 warning, 16 healthy
[*] Telemetry: 2 critical, 0 warning, 16 healthy
[*] Telemetry: 2 critical, 0 warning, 16 healthy
[*] Telemetry: 2 critical, 0 warning, 16 healthy
[*] Telemetry: 2 critical, 0 warning, 16 healthy
[*] Telemetry: 2 critical, 0 warning, 16 healthy
[*] Telemetry: 2 critical, 0 warning, 16 healthy
[*] Telemetry: 2 critical, 0 warning, 16 healthy
[*] Telemetry: 2 critical, 0 warning, 16 healthy
[*] Telemetry: 2 critical, 0 warning, 16 healthy
[*] Telemetry: 2 critical, 0 warning, 16 healthy
[*] Telemetry: 2 critical, 0 warning, 16 healthy
[*] Telemetry: 2 critical, 0 warning, 16 healthy
[*] Telemetry: 2 critical, 0 warning, 16 healthy
[*] Telemetry: 2 critical, 0 warning, 16 healthy
[*] Telemetry: 2 critical, 0 warning, 16 healthy
[*] Telemetry: 2 critical, 0 warning, 16 healthy
[*] Telemetry: 2 critical, 0 warning, 16 healthy
[*] Telemetry: 2 critical, 0 warning, 16 healthy
[*] Telemetry: 2 critical, 0 warning, 16 healthy
[*] Telemetry: 2 critical, 0 warning, 16 healthy
[*] Telemetry: 2 critical, 0 warning, 16 healthy
[*] Telemetry: 2 critical, 0 warning, 16 healthy
[*] Telemetry: 2 critical, 0 warning, 16 healthy
[*] Telemetry: 2 critical, 0 warning, 16 healthy
[*] Telemetry: 2 critical, 0 warning, 16 healthy
[*] Telemetry: 2 critical, 0 warning, 16 healthy
[*] Telemetry: 2 critical, 0 warning, 16 healthy
[*] Telemetry: 2 critical, 0 warning, 16 healthy
[*] Telemetry: 2 critical, 0 warning, 16 healthy
[*] Telemetry: 2 critical, 0 warning, 16 healthy
[*] Telemetry: 2 critical, 0 warning, 16 healthy
[*] Telemetry: 2 critical, 0 warning, 16 healthy
[*] Telemetry: 2 critical, 0 warning, 16 healthy
[*] Telemetry: 2 critical, 0 warning, 16 healthy
[*] Telemetry: 2 critical, 0 warning, 16 healthy
[*] Telemetry: 2 critical, 0 warning, 16 healthy
[*] Telemetry: 2 critical, 0 warning, 16 healthy
[*] Telemetry: 2 critical, 0 warning, 16 healthy
[*] Telemetry: 2 critical, 0 warning, 16 healthy
[*] Telemetry: 2 critical, 0 warning, 16 healthy
[*] Telemetry: 2 critical, 0 warning, 16 healthy
[*] Telemetry: 2 critical, 0 warning, 16 healthy
[*] Telemetry: 2 critical, 0 warning, 16 healthy
[*] Telemetry: 2 critical, 0 warning, 16 healthy
[*] Telemetry: 2 critical, 0 warning, 16 healthy
[*] Telemetry: 2 critical, 0 warning, 16 healthy
[*] Telemetry: 2 critical, 0 warning, 16 healthy
[*] Telemetry: 2 critical, 0 warning, 16 healthy
[*] Telemetry: 2 critical, 0 warning, 16 healthy
[*] Telemetry: 2 critical, 0 warning, 16 healthy
[*] Telemetry: 2 critical, 0 warning, 16 healthy
[*] Telemetry: 2 critical, 0 warning, 16 healthy
[*] Telemetry: 2 critical, 0 warning, 16 healthy
[*] Telemetry: 2 critical, 0 warning, 16 healthy
[*] Telemetry: 2 critical, 0 warning, 16 healthy
[*] Telemetry: 2 critical, 0 warning, 16 healthy
[*] Telemetry: 2 critical, 0 warning, 16 healthy
[*] Telemetry: 2 critical, 0 warning, 16 healthy
[*] Telemetry: 2 critical, 0 warning, 16 healthy
[*] Telemetry: 2 critical, 0 warning, 16 healthy
[*] Telemetry: 2 critical, 0 warning, 16 healthy
[*] Telemetry: 2 critical, 0 warning, 16 healthy
[*] Telemetry: 2 critical, 0 warning, 16 healthy
[*] Telemetry: 2 critical, 0 warning, 16 healthy
[*] Telemetry: 2 critical, 0 warning, 16 healthy
[*] Telemetry: 2 critical, 0 warning, 16 healthy
[*] Telemetry: 2 critical, 0 warning, 16 healthy
[*] Telemetry: 2 critical, 0 warning, 16 healthy
[*] Telemetry: 2 critical, 0 warning, 16 healthy
[*] Telemetry: 2 critical, 0 warning, 16 healthy
[*] Telemetry: 2 critical, 0 warning, 16 healthy
[*] Telemetry: 2 critical, 0 warning, 16 healthy
[*] Telemetry: 2 critical, 0 warning, 16 healthy
[*] Telemetry: 2 critical, 0 warning, 16 healthy
[*] Telemetry: 2 critical, 0 warning, 16 healthy
[*] Telemetry: 2 critical, 0 warning, 16 healthy
[*] Telemetry: 2 critical, 0 warning, 16 healthy
[*] Telemetry: 2 critical, 0 warning, 16 healthy
[*] Telemetry: 2 critical, 0 warning, 16 healthy
[*] Telemetry: 2 critical, 0 warning, 16 healthy
[*] Telemetry: 2 critical, 0 warning, 16 healthy
[*] Telemetry: 2 critical, 0 warning, 16 healthy
[*] Telemetry: 2 critical, 0 warning, 16 healthy
[*] Telemetry: 2 critical, 0 warning, 16 healthy
[*] Telemetry: 2 critical, 0 warning, 16 healthy
[*] Telemetry: 2 critical, 0 warning, 16 healthy
[*] Telemetry: 2 critical, 0 warning, 16 healthy
[*] Telemetry: 2 critical, 0 warning, 16 healthy
[*] Telemetry: 2 critical, 0 warning, 16 healthy
[*] Telemetry: 2 critical, 0 warning, 16 healthy
[*] Telemetry: 2 critical, 0 warning, 16 healthy
[*] Telemetry: 2 critical, 0 warning, 16 healthy
[*] Telemetry: 2 critical, 0 warning, 16 healthy
[*] Telemetry: 2 critical, 0 warning, 16 healthy
[*] Telemetry: 2 critical, 0 warning, 16 healthy
[*] Telemetry: 2 critical, 0 warning, 16 healthy
[*] Telemetry: 2 critical, 0 warning, 16 healthy
[*] Telemetry: 2 critical, 0 warning, 16 healthy
[*] Telemetry: 2 critical, 0 warning, 16 healthy
[*] Telemetry: 2 critical, 0 warning, 16 healthy
[*] Telemetry: 2 critical, 0 warning, 16 healthy
[*] Telemetry: 2 critical, 0 warning, 16 healthy
[*] Telemetry: 2 critical, 0 warning, 16 healthy
[*] Telemetry: 2 critical, 0 warning, 16 healthy
[*] Telemetry: 2 critical, 0 warning, 16 healthy
[*] Telemetry: 2 critical, 0 warning, 16 healthy
[*] Telemetry: 2 critical, 0 warning, 16 healthy
[*] Telemetry: 2 critical, 0 warning, 16 healthy
[*] Telemetry: 2 critical, 0 warning, 16 healthy
[*] Telemetry: 2 critical, 0 warning, 16 healthy
[*] Telemetry: 2 critical, 0 warning, 16 healthy
[*] Telemetry: 2 critical, 0 warning, 16 healthy
[*] Telemetry: 2 critical, 0 warning, 16 healthy
[*] Telemetry: 2 critical, 0 warning, 16 healthy
[*] Telemetry: 2 critical, 0 warning, 16 healthy
[*] Telemetry: 2 critical, 0 warning, 16 healthy
[*] Telemetry: 2 critical, 0 warning, 16 healthy
[*] Telemetry: 2 critical, 0 warning, 16 healthy
[*] Telemetry: 2 critical, 0 warning, 16 healthy
[*] Telemetry: 2 critical, 0 warning, 16 healthy
[*] Telemetry: 2 critical, 0 warning, 16 healthy
[*] Telemetry: 2 critical, 0 warning, 16 healthy
[*] Telemetry: 2 critical, 0 warning, 16 healthy
[*] Telemetry: 2 critical, 0 warning, 16 healthy
[*] Telemetry: 2 critical, 0 warning, 16 healthy
[*] Telemetry: 2 critical, 0 warning, 16 healthy
[*] Telemetry: 2 critical, 0 warning, 16 healthy
[*] Telemetry: 2 critical, 0 warning, 16 healthy
[*] Telemetry: 2 critical, 0 warning, 16 healthy
[*] Telemetry: 2 critical, 0 warning, 16 healthy
[*] Telemetry: 2 critical, 0 warning, 16 healthy
[*] Telemetry: 2 critical, 0 warning, 16 healthy
[*] Telemetry: 2 critical, 0 warning, 16 healthy
[*] Telemetry: 2 critical, 0 warning, 16 healthy
[*] Telemetry: 2 critical, 0 warning, 16 healthy
[*] Telemetry: 2 critical, 0 warning, 16 healthy
[*] Telemetry: 2 critical, 0 warning, 16 healthy
[*] Telemetry: 2 critical, 0 warning, 16 healthy
[*] Telemetry: 2 critical, 0 warning, 16 healthy
[*] Telemetry: 2 critical, 0 warning, 16 healthy
[*] Telemetry: 2 critical, 0 warning, 16 healthy
[*] Telemetry: 2 critical, 0 warning, 16 healthy
[*] Telemetry: 2 critical, 0 warning, 16 healthy
[*] Telemetry: 2 critical, 0 warning, 16 healthy
[*] Telemetry: 2 critical, 0 warning, 16 healthy
[*] Telemetry: 2 critical, 0 warning, 16 healthy
[*] Telemetry: 2 critical, 0 warning, 16 healthy
[*] Telemetry: 2 critical, 0 warning, 16 healthy
[*] Telemetry: 2 critical, 0 warning, 16 healthy
[*] Telemetry: 2 critical, 0 warning, 16 healthy
[*] Telemetry: 2 critical, 0 warning, 16 healthy
[*] Telemetry: 2 critical, 0 warning, 16 healthy
[*] Telemetry: 2 critical, 0 warning, 16 healthy
[*] Telemetry: 2 critical, 0 warning, 16 healthy
[*] Telemetry: 2 critical, 0 warning, 16 healthy
[*] Telemetry: 2 critical, 0 warning, 16 healthy
[*] Telemetry: 2 critical, 0 warning, 16 healthy
[*] Telemetry: 2 critical, 0 warning, 16 healthy
[*] Telemetry: 2 critical, 0 warning, 16 healthy
[*] Telemetry: 2 critical, 0 warning, 16 healthy
[*] Telemetry: 2 critical, 0 warning, 16 healthy
[*] Telemetry: 2 critical, 0 warning, 16 healthy
[*] Telemetry: 2 critical, 0 warning, 16 healthy
[*] Telemetry: 2 critical, 0 warning, 16 healthy
[*] Telemetry: 2 critical, 0 warning, 16 healthy
[*] Telemetry: 2 critical, 0 warning, 16 healthy
[*] Telemetry: 2 critical, 0 warning, 16 healthy
[*] Telemetry: 2 critical, 0 warning, 16 healthy
[*] Telemetry: 2 critical, 0 warning, 16 healthy
[*] Telemetry: 2 critical, 0 warning, 16 healthy
[*] Telemetry: 2 critical, 0 warning, 16 healthy
[*] Telemetry: 2 critical, 0 warning, 16 healthy
[*] Telemetry: 2 critical, 0 warning, 16 healthy
[*] Telemetry: 2 critical, 0 warning, 16 healthy
[*] Telemetry: 2 critical, 0 warning, 16 healthy
[*] Telemetry: 2 critical, 0 warning, 16 healthy
[*] Telemetry: 2 critical, 0 warning, 16 healthy
[*] Telemetry: 2 critical, 0 warning, 16 healthy
[*] Telemetry: 2 critical, 0 warning, 16 healthy
[*] Telemetry: 2 critical, 0 warning, 16 healthy
[*] Telemetry: 2 critical, 0 warning, 16 healthy
[*] Telemetry: 2 critical, 0 warning, 16 healthy
[*] Telemetry: 2 critical, 0 warning, 16 healthy
[*] Telemetry: 2 critical, 0 warning, 16 healthy
[*] Telemetry: 2 critical, 0 warning, 16 healthy
[*] Telemetry: 2 critical, 0 warning, 16 healthy
[*] Telemetry: 2 critical, 0 warning, 16 healthy
[*] Telemetry: 2 critical, 0 warning, 16 healthy
[*] Telemetry: 2 critical, 0 warning, 16 healthy
[*] Telemetry: 2 critical, 0 warning, 16 healthy
[*] Telemetry: 2 critical, 0 warning, 16 healthy
[*] Telemetry: 2 critical, 0 warning, 16 healthy
[*] Telemetry: 2 critical, 0 warning, 16 healthy
[*] Telemetry: 2 critical, 0 warning, 16 healthy
[*] Telemetry: 2 critical, 0 warning, 16 healthy
[*] Telemetry: 2 critical, 0 warning, 16 healthy
[*] Telemetry: 2 critical, 0 warning, 16 healthy
[*] Telemetry: 2 critical, 0 warning, 16 healthy
[*] Telemetry: 2 critical, 0 warning, 16 healthy
[*] Telemetry: 2 critical, 0 warning, 16 healthy
[*] Telemetry: 2 critical, 0 warning, 16 healthy
[*] Telemetry: 2 critical, 0 warning, 16 healthy
[*] Telemetry: 2 critical, 0 warning, 16 healthy
[*] Telemetry: 2 critical, 0 warning, 16 healthy
[*] Telemetry: 2 critical, 0 warning, 16 healthy
[*] Telemetry: 2 critical, 0 warning, 16 healthy
[*] Telemetry: 2 critical, 0 warning, 16 healthy
[*] Telemetry: 2 critical, 0 warning, 16 healthy
[*] Telemetry: 2 critical, 0 warning, 16 healthy
[*] Telemetry: 2 critical, 0 warning, 16 healthy
[*] Telemetry: 2 critical, 0 warning, 16 healthy
[*] Telemetry: 2 critical, 0 warning, 16 healthy
[*] Telemetry: 2 critical, 0 warning, 16 healthy
[*] Telemetry: 2 critical, 0 warning, 16 healthy
[*] Telemetry: 2 critical, 0 warning, 16 healthy
[*] Telemetry: 2 critical, 0 warning, 16 healthy
[*] Telemetry: 2 critical, 0 warning, 16 healthy
[*] Telemetry: 2 critical, 0 warning, 16 healthy
[*] Telemetry: 2 critical, 0 warning, 16 healthy
[*] Telemetry: 2 critical, 0 warning, 16 healthy
[*] Telemetry: 2 critical, 0 warning, 16 healthy
[*] Telemetry: 2 critical, 0 warning, 16 healthy
[*] Telemetry: 2 critical, 0 warning, 16 healthy
[*] Telemetry: 2 critical, 0 warning, 16 healthy
[*] Telemetry: 2 critical, 0 warning, 16 healthy
[*] Telemetry: 2 critical, 0 warning, 16 healthy
[*] Telemetry: 2 critical, 0 warning, 16 healthy
[*] Telemetry: 2 critical, 0 warning, 16 healthy
[*] Telemetry: 2 critical, 0 warning, 16 healthy
[*] Telemetry: 2 critical, 0 warning, 16 healthy
[*] Telemetry: 2 critical, 0 warning, 16 healthy
[*] Telemetry: 2 critical, 0 warning, 16 healthy
[*] Telemetry: 2 critical, 0 warning, 16 healthy
[*] Telemetry: 2 critical, 0 warning, 16 healthy
[*] Telemetry: 2 critical, 0 warning, 16 healthy
[*] Telemetry: 2 critical, 0 warning, 16 healthy
[*] Telemetry: 2 critical, 0 warning, 16 healthy
[*] Telemetry: 2 critical, 0 warning, 16 healthy
[*] Telemetry: 2 critical, 0 warning, 16 healthy
[*] Telemetry: 2 critical, 0 warning, 16 healthy
[*] Telemetry: 2 critical, 0 warning, 16 healthy
[*] Telemetry: 2 critical, 0 warning, 16 healthy
[*] Telemetry: 2 critical, 0 warning, 16 healthy
[*] Telemetry: 2 critical, 0 warning, 16 healthy
[*] Telemetry: 2 critical, 0 warning, 16 healthy
[*] Telemetry: 2 critical, 0 warning, 16 healthy
[*] Telemetry: 2 critical, 0 warning, 16 healthy
[*] Telemetry: 2 critical, 0 warning, 16 healthy
[*] Telemetry: 2 critical, 0 warning, 16 healthy
[*] Telemetry: 2 critical, 0 warning, 16 healthy
[*] Telemetry: 2 critical, 0 warning, 16 healthy
[*] Telemetry: 2 critical, 0 warning, 16 healthy
[*] Telemetry: 2 critical, 0 warning, 16 healthy
[*] Telemetry: 2 critical, 0 warning, 16 healthy
[*] Telemetry: 2 critical, 0 warning, 16 healthy
[*] Telemetry: 2 critical, 0 warning, 16 healthy
[*] Telemetry: 2 critical, 0 warning, 16 healthy
[*] Telemetry: 2 critical, 0 warning, 16 healthy
[*] Telemetry: 2 critical, 0 warning, 16 healthy
[*] Telemetry: 2 critical, 0 warning, 16 healthy
[*] Telemetry: 2 critical, 0 warning, 16 healthy
[*] Telemetry: 2 critical, 0 warning, 16 healthy
[*] Telemetry: 2 critical, 0 warning, 16 healthy
[*] Telemetry: 2 critical, 0 warning, 16 healthy
[*] Telemetry: 2 critical, 0 warning, 16 healthy
[*] Telemetry: 2 critical, 0 warning, 16 healthy
[*] Telemetry: 2 critical, 0 warning, 16 healthy
[*] Telemetry: 2 critical, 0 warning, 16 healthy
[*] Telemetry: 2 critical, 0 warning, 16 healthy
[*] Telemetry: 2 critical, 0 warning, 16 healthy
[*] Telemetry: 2 critical, 0 warning, 16 healthy
[*] Telemetry: 2 critical, 0 warning, 16 healthy
[*] Telemetry: 2 critical, 0 warning, 16 healthy
[*] Telemetry: 2 critical, 0 warning, 16 healthy
[*] Telemetry: 2 critical, 0 warning, 16 healthy
[*] Telemetry: 2 critical, 0 warning, 16 healthy
[*] Telemetry: 2 critical, 0 warning, 16 healthy
[*] Telemetry: 2 critical, 0 warning, 16 healthy
[*] Telemetry: 2 critical, 0 warning, 16 healthy
[*] Telemetry: 2 critical, 0 warning, 16 healthy
[*] Telemetry: 2 critical, 0 warning, 16 healthy
[*] Telemetry: 2 critical, 0 warning, 16 healthy
[*] Telemetry: 2 critical, 0 warning, 16 healthy
[*] Telemetry: 2 critical, 0 warning, 16 healthy
[*] Telemetry: 2 critical, 0 warning, 16 healthy
[*] Telemetry: 2 critical, 0 warning, 16 healthy
[*] Telemetry: 2 critical, 0 warning, 16 healthy
[*] Telemetry: 2 critical, 0 warning, 16 healthy
[*] Telemetry: 2 critical, 0 warning, 16 healthy
[*] Telemetry: 2 critical, 0 warning, 16 healthy
[*] Telemetry: 2 critical, 0 warning, 16 healthy
[*] Telemetry: 2 critical, 0 warning, 16 healthy
[*] Telemetry: 2 critical, 0 warning, 16 healthy
[*] Telemetry: 2 critical, 0 warning, 16 healthy
[*] Telemetry: 2 critical, 0 warning, 16 healthy
[*] Telemetry: 2 critical, 0 warning, 16 healthy
[*] Telemetry: 2 critical, 0 warning, 16 healthy
[*] Telemetry: 2 critical, 0 warning, 16 healthy
[*] Telemetry: 2 critical, 0 warning, 16 healthy
[*] Telemetry: 2 critical, 0 warning, 16 healthy
[*] Telemetry: 2 critical, 0 warning, 16 healthy
[*] Telemetry: 2 critical, 0 warning, 16 healthy
[*] Telemetry: 2 critical, 0 warning, 16 healthy
[*] Telemetry: 2 critical, 0 warning, 16 healthy
[*] Telemetry: 2 critical, 0 warning, 16 healthy
[*] Telemetry: 2 critical, 0 warning, 16 healthy
[*] Telemetry: 2 critical, 0 warning, 16 healthy
[*] Telemetry: 2 critical, 0 warning, 16 healthy
[*] Telemetry: 2 critical, 0 warning, 16 healthy
[*] Telemetry: 2 critical, 0 warning, 16 healthy
[*] Telemetry: 2 critical, 0 warning, 16 healthy
[*] Telemetry: 2 critical, 0 warning, 16 healthy
[*] Telemetry: 2 critical, 0 warning, 16 healthy
[*] Telemetry: 2 critical, 0 warning, 16 healthy
[*] Telemetry: 2 critical, 0 warning, 16 healthy
[*] Telemetry: 2 critical, 0 warning, 16 healthy
[*] Telemetry: 2 critical, 0 warning, 16 healthy
[*] Telemetry: 2 critical, 0 warning, 16 healthy
[*] Telemetry: 2 critical, 0 warning, 16 healthy
[*] Telemetry: 2 critical, 0 warning, 16 healthy
[*] Telemetry: 2 critical, 0 warning, 16 healthy
[*] Telemetry: 2 critical, 0 warning, 16 healthy
[*] Telemetry: 2 critical, 0 warning, 16 healthy
[*] Telemetry: 2 critical, 0 warning, 16 healthy
[*] Telemetry: 2 critical, 0 warning, 16 healthy
[*] Telemetry: 2 critical, 0 warning, 16 healthy
[*] Telemetry: 2 critical, 0 warning, 16 healthy
[*] Telemetry: 2 critical, 0 warning, 16 healthy
[*] Telemetry: 2 critical, 0 warning, 16 healthy
[*] Telemetry: 2 critical, 0 warning, 16 healthy
[*] Telemetry: 2 critical, 0 warning, 16 healthy
[*] Telemetry: 2 critical, 0 warning, 16 healthy
[*] Telemetry: 2 critical, 0 warning, 16 healthy
[*] Telemetry: 2 critical, 0 warning, 16 healthy
[*] Telemetry: 2 critical, 0 warning, 16 healthy
[*] Telemetry: 2 critical, 0 warning, 16 healthy
[*] Telemetry: 2 critical, 0 warning, 16 healthy
[*] Telemetry: 2 critical, 0 warning, 16 healthy
[*] Telemetry: 2 critical, 0 warning, 16 healthy
[*] Telemetry: 2 critical, 0 warning, 16 healthy
[*] Telemetry: 2 critical, 0 warning, 16 healthy
[*] Telemetry: 2 critical, 0 warning, 16 healthy
[*] Telemetry: 2 critical, 0 warning, 16 healthy
[*] Telemetry: 2 critical, 0 warning, 16 healthy
[*] Telemetry: 2 critical, 0 warning, 16 healthy
[*] Telemetry: 2 critical, 0 warning, 16 healthy
[*] Telemetry: 2 critical, 0 warning, 16 healthy
[*] Telemetry: 2 critical, 0 warning, 16 healthy
[*] Telemetry: 2 critical, 0 warning, 16 healthy
[*] Telemetry: 2 critical, 0 warning, 16 healthy
[*] Telemetry: 2 critical, 0 warning, 16 healthy
[*] Telemetry: 2 critical, 0 warning, 16 healthy
[*] Telemetry: 2 critical, 0 warning, 16 healthy
[*] Telemetry: 2 critical, 0 warning, 16 healthy
[*] Telemetry: 2 critical, 0 warning, 16 healthy
[*] Telemetry: 2 critical, 0 warning, 16 healthy
[*] Telemetry: 2 critical, 0 warning, 16 healthy
[*] Telemetry: 2 critical, 0 warning, 16 healthy
[*] Telemetry: 2 critical, 0 warning, 16 healthy
[*] Telemetry: 2 critical, 0 warning, 16 healthy
[*] Telemetry: 2 critical, 0 warning, 16 healthy
[*] Telemetry: 2 critical, 0 warning, 16 healthy
[*] Telemetry: 2 critical, 0 warning, 16 healthy
[*] Telemetry: 2 critical, 0 warning, 16 healthy
[*] Telemetry: 2 critical, 0 warning, 16 healthy
[*] Telemetry: 2 critical, 0 warning, 16 healthy
[*] Telemetry: 2 critical, 0 warning, 16 healthy
[*] Telemetry: 2 critical, 0 warning, 16 healthy
[*] Telemetry: 2 critical, 0 warning, 16 healthy
[*] Telemetry: 2 critical, 0 warning, 16 healthy
[*] Telemetry: 2 critical, 0 warning, 16 healthy
[*] Telemetry: 2 critical, 0 warning, 16 healthy
[*] Telemetry: 2 critical, 0 warning, 16 healthy
[*] Telemetry: 2 critical, 0 warning, 16 healthy
[*] Telemetry: 2 critical, 0 warning, 16 healthy
[*] Telemetry: 2 critical, 0 warning, 16 healthy
[*] Telemetry: 2 critical, 0 warning, 16 healthy
[*] Telemetry: 2 critical, 0 warning, 16 healthy
[*] Telemetry: 2 critical, 0 warning, 16 healthy
[*] Telemetry: 2 critical, 0 warning, 16 healthy
[*] Telemetry: 2 critical, 0 warning, 16 healthy
[*] Telemetry: 2 critical, 0 warning, 16 healthy
[*] Telemetry: 2 critical, 0 warning, 16 healthy
[*] Telemetry: 2 critical, 0 warning, 16 healthy
[*] Telemetry: 2 critical, 0 warning, 16 healthy
[*] Telemetry: 2 critical, 0 warning, 16 healthy
[*] Telemetry: 2 critical, 0 warning, 16 healthy
[*] Telemetry: 2 critical, 0 warning, 16 healthy
[*] Telemetry: 2 critical, 0 warning, 16 healthy
[*] Telemetry: 2 critical, 0 warning, 16 healthy
[*] Telemetry: 2 critical, 0 warning, 16 healthy
[*] Telemetry: 2 critical, 0 warning, 16 healthy
[*] Telemetry: 2 critical, 0 warning, 16 healthy
[*] Telemetry: 2 critical, 0 warning, 16 healthy
[*] Telemetry: 2 critical, 0 warning, 16 healthy
[*] Telemetry: 2 critical, 0 warning, 16 healthy
[*] Telemetry: 2 critical, 0 warning, 16 healthy
[*] Telemetry: 2 critical, 0 warning, 16 healthy
[*] Telemetry: 2 critical, 0 warning, 16 healthy
[*] Telemetry: 2 critical, 0 warning, 16 healthy
[*] Telemetry: 2 critical, 0 warning, 16 healthy
[*] Telemetry: 2 critical, 0 warning, 16 healthy
[*] Telemetry: 2 critical, 0 warning, 16 healthy
[*] Telemetry: 2 critical, 0 warning, 16 healthy
[*] Telemetry: 2 critical, 0 warning, 16 healthy
[*] Telemetry: 2 critical, 0 warning, 16 healthy
[*] Telemetry: 2 critical, 0 warning, 16 healthy
[*] Telemetry: 2 critical, 0 warning, 16 healthy
[*] Telemetry: 2 critical, 0 warning, 16 healthy
[*] Telemetry: 2 critical, 0 warning, 16 healthy
[*] Telemetry: 2 critical, 0 warning, 16 healthy
[*] Telemetry: 2 critical, 0 warning, 16 healthy
[*] Telemetry: 2 critical, 0 warning, 16 healthy
[*] Telemetry: 2 critical, 0 warning, 16 healthy
[*] Telemetry: 2 critical, 0 warning, 16 healthy
[*] Telemetry: 2 critical, 0 warning, 16 healthy
[*] Telemetry: 2 critical, 0 warning, 16 healthy
[*] Telemetry: 2 critical, 0 warning, 16 healthy
[*] Telemetry: 2 critical, 0 warning, 16 healthy
[*] Telemetry: 2 critical, 0 warning, 16 healthy
[*] Telemetry: 2 critical, 0 warning, 16 healthy
[*] Telemetry: 2 critical, 0 warning, 16 healthy
[*] Telemetry: 2 critical, 0 warning, 16 healthy
[*] Telemetry: 2 critical, 0 warning, 16 healthy
[*] Telemetry: 2 critical, 0 warning, 16 healthy
[*] Telemetry: 2 critical, 0 warning, 16 healthy
[*] Telemetry: 2 critical, 0 warning, 16 healthy
[*] Telemetry: 2 critical, 0 warning, 16 healthy
[*] Telemetry: 2 critical, 0 warning, 16 healthy
[*] Telemetry: 2 critical, 0 warning, 16 healthy
[*] Telemetry: 2 critical, 0 warning, 16 healthy
[*] Telemetry: 2 critical, 0 warning, 16 healthy
[*] Telemetry: 2 critical, 0 warning, 16 healthy
[*] Telemetry: 2 critical, 0 warning, 16 healthy
[*] Telemetry: 2 critical, 0 warning, 16 healthy
[*] Telemetry: 2 critical, 0 warning, 16 healthy
[*] Telemetry: 2 critical, 0 warning, 16 healthy
[*] Telemetry: 2 critical, 0 warning, 16 healthy
[*] Telemetry: 2 critical, 0 warning, 16 healthy
[*] Telemetry: 2 critical, 0 warning, 16 healthy
[*] Telemetry: 2 critical, 0 warning, 16 healthy
[*] Telemetry: 2 critical, 0 warning, 16 healthy
[*] Telemetry: 2 critical, 0 warning, 16 healthy
[*] Telemetry: 2 critical, 0 warning, 16 healthy
[*] Telemetry: 2 critical, 0 warning, 16 healthy
[*] Telemetry: 2 critical, 0 warning, 16 healthy
[*] Telemetry: 2 critical, 0 warning, 16 healthy
[*] Telemetry: 2 critical, 0 warning, 16 healthy
[*] Telemetry: 2 critical, 0 warning, 16 healthy
[*] Telemetry: 2 critical, 0 warning, 16 healthy
[*] Telemetry: 2 critical, 0 warning, 16 healthy
[*] Telemetry: 2 critical, 0 warning, 16 healthy
[*] Telemetry: 2 critical, 0 warning, 16 healthy
[*] Telemetry: 2 critical, 0 warning, 16 healthy
[*] Telemetry: 2 critical, 0 warning, 16 healthy
[*] Telemetry: 2 critical, 0 warning, 16 healthy
[*] Telemetry: 2 critical, 0 warning, 16 healthy
[*] Telemetry: 2 critical, 0 warning, 16 healthy
[*] Telemetry: 2 critical, 0 warning, 16 healthy
[*] Telemetry: 2 critical, 0 warning, 16 healthy
[*] Telemetry: 2 critical, 0 warning, 16 healthy
[*] Telemetry: 2 critical, 0 warning, 16 healthy
[*] Telemetry: 2 critical, 0 warning, 16 healthy
[*] Telemetry: 2 critical, 0 warning, 16 healthy
[*] Telemetry: 2 critical, 0 warning, 16 healthy
[*] Telemetry: 2 critical, 0 warning, 16 healthy
[*] Telemetry: 2 critical, 0 warning, 16 healthy
[*] Telemetry: 2 critical, 0 warning, 16 healthy
[*] Telemetry: 2 critical, 0 warning, 16 healthy
[*] Telemetry: 2 critical, 0 warning, 16 healthy
[*] Telemetry: 2 critical, 0 warning, 16 healthy
[*] Telemetry: 2 critical, 0 warning, 16 healthy
[*] Telemetry: 2 critical, 0 warning, 16 healthy
[*] Telemetry: 2 critical, 0 warning, 16 healthy
[*] Telemetry: 2 critical, 0 warning, 16 healthy
[*] Telemetry: 2 critical, 0 warning, 16 healthy
[*] Telemetry: 2 critical, 0 warning, 16 healthy
[*] Telemetry: 2 critical, 0 warning, 16 healthy
[*] Telemetry: 2 critical, 0 warning, 16 healthy
[*] Telemetry: 2 critical, 0 warning, 16 healthy
[*] Telemetry: 2 critical, 0 warning, 16 healthy
[*] Telemetry: 2 critical, 0 warning, 16 healthy
[*] Telemetry: 2 critical, 0 warning, 16 healthy
[*] Telemetry: 2 critical, 0 warning, 16 healthy
[*] Telemetry: 2 critical, 0 warning, 16 healthy
[*] Telemetry: 2 critical, 0 warning, 16 healthy
[*] Telemetry: 2 critical, 0 warning, 16 healthy
[*] Telemetry: 2 critical, 0 warning, 16 healthy
[*] Telemetry: 2 critical, 0 warning, 16 healthy
[*] Telemetry: 2 critical, 0 warning, 16 healthy
[*] Telemetry: 2 critical, 0 warning, 16 healthy
[*] Telemetry: 2 critical, 0 warning, 16 healthy
[*] Telemetry: 2 critical, 0 warning, 16 healthy
[*] Telemetry: 2 critical, 0 warning, 16 healthy
[*] Telemetry: 2 critical, 0 warning, 16 healthy
[*] Telemetry: 2 critical, 0 warning, 16 healthy
[*] Telemetry: 2 critical, 0 warning, 16 healthy
[*] Telemetry: 2 critical, 0 warning, 16 healthy
[*] Telemetry: 2 critical, 0 warning, 16 healthy
[*] Telemetry: 2 critical, 0 warning, 16 healthy
[*] Telemetry: 2 critical, 0 warning, 16 healthy
[*] Telemetry: 2 critical, 0 warning, 16 healthy
[*] Telemetry: 2 critical, 0 warning, 16 healthy
[*] Telemetry: 2 critical, 0 warning, 16 healthy
[*] Telemetry: 2 critical, 0 warning, 16 healthy
[*] Telemetry: 2 critical, 0 warning, 16 healthy
[*] Telemetry: 2 critical, 0 warning, 16 healthy
[*] Telemetry: 2 critical, 0 warning, 16 healthy
[*] Telemetry: 2 critical, 0 warning, 16 healthy
[*] Telemetry: 2 critical, 0 warning, 16 healthy
[*] Telemetry: 2 critical, 0 warning, 16 healthy
[*] Telemetry: 2 critical, 0 warning, 16 healthy
[*] Telemetry: 2 critical, 0 warning, 16 healthy
[*] Telemetry: 2 critical, 0 warning, 16 healthy
[*] Telemetry: 2 critical, 0 warning, 16 healthy
[*] Telemetry: 2 critical, 0 warning, 16 healthy
[*] Telemetry: 2 critical, 0 warning, 16 healthy
[*] Telemetry: 2 critical, 0 warning, 16 healthy
[*] Telemetry: 2 critical, 0 warning, 16 healthy
[*] Telemetry: 2 critical, 0 warning, 16 healthy
[*] Telemetry: 2 critical, 0 warning, 16 healthy
[*] Telemetry: 2 critical, 0 warning, 16 healthy
[*] Telemetry: 2 critical, 0 warning, 16 healthy
[*] Telemetry: 2 critical, 0 warning, 16 healthy
[*] Telemetry: 2 critical, 0 warning, 16 healthy
[*] Telemetry: 2 critical, 0 warning, 16 healthy
[*] Telemetry: 2 critical, 0 warning, 16 healthy
[*] Telemetry: 2 critical, 0 warning, 16 healthy
[*] Telemetry: 2 critical, 0 warning, 16 healthy
[*] Telemetry: 2 critical, 0 warning, 16 healthy
[*] Telemetry: 2 critical, 0 warning, 16 healthy
[*] Telemetry: 2 critical, 0 warning, 16 healthy
[*] Telemetry: 2 critical, 0 warning, 16 healthy
[*] Telemetry: 2 critical, 0 warning, 16 healthy
[*] Telemetry: 2 critical, 0 warning, 16 healthy
[*] Telemetry: 2 critical, 0 warning, 16 healthy
[*] Telemetry: 2 critical, 0 warning, 16 healthy
[*] Telemetry: 2 critical, 0 warning, 16 healthy
[*] Telemetry: 2 critical, 0 warning, 16 healthy
[*] Telemetry: 2 critical, 0 warning, 16 healthy
[*] Telemetry: 2 critical, 0 warning, 16 healthy
[*] Telemetry: 2 critical, 0 warning, 16 healthy
[*] Telemetry: 2 critical, 0 warning, 16 healthy
[*] Telemetry: 2 critical, 0 warning, 16 healthy
[*] Telemetry: 2 critical, 0 warning, 16 healthy
[*] Telemetry: 2 critical, 0 warning, 16 healthy
[*] Telemetry: 2 critical, 0 warning, 16 healthy
[*] Telemetry: 2 critical, 0 warning, 16 healthy
[*] Telemetry: 2 critical, 0 warning, 16 healthy
[*] Telemetry: 2 critical, 0 warning, 16 healthy
[*] Telemetry: 2 critical, 0 warning, 16 healthy
[*] Telemetry: 2 critical, 0 warning, 16 healthy
[*] Telemetry: 2 critical, 0 warning, 16 healthy
[*] Telemetry: 2 critical, 0 warning, 16 healthy
[*] Telemetry: 2 critical, 0 warning, 16 healthy
[*] Telemetry: 2 critical, 0 warning, 16 healthy
[*] Telemetry: 2 critical, 0 warning, 16 healthy
[*] Telemetry: 2 critical, 0 warning, 16 healthy
[*] Telemetry: 2 critical, 0 warning, 16 healthy
[*] Telemetry: 2 critical, 0 warning, 16 healthy
[*] Telemetry: 2 critical, 0 warning, 16 healthy
[*] Telemetry: 2 critical, 0 warning, 16 healthy
[*] Telemetry: 2 critical, 0 warning, 16 healthy
[*] Telemetry: 2 critical, 0 warning, 16 healthy
[*] Telemetry: 2 critical, 0 warning, 16 healthy
[*] Telemetry: 2 critical, 0 warning, 16 healthy
[*] Telemetry: 2 critical, 0 warning, 16 healthy
[*] Telemetry: 2 critical, 0 warning, 16 healthy
[*] Telemetry: 2 critical, 0 warning, 16 healthy
[*] Telemetry: 2 critical, 0 warning, 16 healthy
[*] Telemetry: 2 critical, 0 warning, 16 healthy
[*] Telemetry: 2 critical, 0 warning, 16 healthy
[*] Telemetry: 2 critical, 0 warning, 16 healthy
[*] Telemetry: 2 critical, 0 warning, 16 healthy
[*] Telemetry: 2 critical, 0 warning, 16 healthy
[*] Telemetry: 2 critical, 0 warning, 16 healthy
[*] Telemetry: 2 critical, 0 warning, 16 healthy
[*] Telemetry: 2 critical, 0 warning, 16 healthy
[*] Telemetry: 2 critical, 0 warning, 16 healthy
[*] Telemetry: 2 critical, 0 warning, 16 healthy
[*] Telemetry: 2 critical, 0 warning, 16 healthy
[*] Telemetry: 2 critical, 0 warning, 16 healthy
[*] Telemetry: 2 critical, 0 warning, 16 healthy
[*] Telemetry: 2 critical, 0 warning, 16 healthy
[*] Telemetry: 2 critical, 0 warning, 16 healthy
[*] Telemetry: 2 critical, 0 warning, 16 healthy
[*] Telemetry: 2 critical, 0 warning, 16 healthy
[*] Telemetry: 2 critical, 0 warning, 16 healthy
[*] Telemetry: 2 critical, 0 warning, 16 healthy
[*] Telemetry: 2 critical, 0 warning, 16 healthy
[*] Telemetry: 2 critical, 0 warning, 16 healthy
[*] Telemetry: 2 critical, 0 warning, 16 healthy
[*] Telemetry: 2 critical, 0 warning, 16 healthy
[*] Telemetry: 2 critical, 0 warning, 16 healthy
[*] Telemetry: 2 critical, 0 warning, 16 healthy
[*] Telemetry: 2 critical, 0 warning, 16 healthy
[*] Telemetry: 2 critical, 0 warning, 16 healthy
[*] Telemetry: 2 critical, 0 warning, 16 healthy
[*] Telemetry: 2 critical, 0 warning, 16 healthy
[*] Telemetry: 2 critical, 0 warning, 16 healthy
[*] Telemetry: 2 critical, 0 warning, 16 healthy
[*] Telemetry: 2 critical, 0 warning, 16 healthy
[*] Telemetry: 2 critical, 0 warning, 16 healthy
[*] Telemetry: 2 critical, 0 warning, 16 healthy
[*] Telemetry: 2 critical, 0 warning, 16 healthy
[*] Telemetry: 2 critical, 0 warning, 16 healthy
[*] Telemetry: 2 critical, 0 warning, 16 healthy
[*] Telemetry: 2 critical, 0 warning, 16 healthy
[*] Telemetry: 2 critical, 0 warning, 16 healthy
[*] Telemetry: 2 critical, 0 warning, 16 healthy
[*] Telemetry: 2 critical, 0 warning, 16 healthy
[*] Telemetry: 2 critical, 0 warning, 16 healthy
[*] Telemetry: 2 critical, 0 warning, 16 healthy
[*] Telemetry: 2 critical, 0 warning, 16 healthy
[*] Telemetry: 2 critical, 0 warning, 16 healthy
[*] Telemetry: 2 critical, 0 warning, 16 healthy
[*] Telemetry: 2 critical, 0 warning, 16 healthy
[*] Telemetry: 2 critical, 0 warning, 16 healthy
[*] Telemetry: 2 critical, 0 warning, 16 healthy
[*] Telemetry: 2 critical, 0 warning, 16 healthy
[*] Telemetry: 2 critical, 0 warning, 16 healthy
[*] Telemetry: 2 critical, 0 warning, 16 healthy
[*] Telemetry: 2 critical, 0 warning, 16 healthy
[*] Telemetry: 2 critical, 0 warning, 16 healthy
[*] Telemetry: 2 critical, 0 warning, 16 healthy
[*] Telemetry: 2 critical, 0 warning, 16 healthy
[*] Telemetry: 2 critical, 0 warning, 16 healthy
[*] Telemetry: 2 critical, 0 warning, 16 healthy
[*] Telemetry: 2 critical, 0 warning, 16 healthy
[*] Telemetry: 2 critical, 0 warning, 16 healthy
[*] Telemetry: 2 critical, 0 warning, 16 healthy
[*] Telemetry: 2 critical, 0 warning, 16 healthy
[*] Telemetry: 2 critical, 0 warning, 16 healthy
[*] Telemetry: 2 critical, 0 warning, 16 healthy
[*] Telemetry: 2 critical, 0 warning, 16 healthy
[*] Telemetry: 2 critical, 0 warning, 16 healthy
[*] Telemetry: 2 critical, 0 warning, 16 healthy
[*] Telemetry: 2 critical, 0 warning, 16 healthy
[*] Telemetry: 2 critical, 0 warning, 16 healthy
[*] Telemetry: 2 critical, 0 warning, 16 healthy
[*] Telemetry: 2 critical, 0 warning, 16 healthy
[*] Telemetry: 2 critical, 0 warning, 16 healthy
[*] Telemetry: 2 critical, 0 warning, 16 healthy
[*] Telemetry: 2 critical, 0 warning, 16 healthy
[*] Telemetry: 2 critical, 0 warning, 16 healthy
[*] Telemetry: 2 critical, 0 warning, 16 healthy
[*] Telemetry: 2 critical, 0 warning, 16 healthy
[*] Telemetry: 2 critical, 0 warning, 16 healthy
[*] Telemetry: 2 critical, 0 warning, 16 healthy
[*] Telemetry: 2 critical, 0 warning, 16 healthy
[*] Telemetry: 2 critical, 0 warning, 16 healthy
[*] Telemetry: 2 critical, 0 warning, 16 healthy
[*] Telemetry: 2 critical, 0 warning, 16 healthy
[*] Telemetry: 2 critical, 0 warning, 16 healthy
[*] Telemetry: 2 critical, 0 warning, 16 healthy
[*] Telemetry: 2 critical, 0 warning, 16 healthy
[*] Telemetry: 2 critical, 0 warning, 16 healthy
[*] Telemetry: 2 critical, 0 warning, 16 healthy
[*] Telemetry: 2 critical, 0 warning, 16 healthy
[*] Telemetry: 2 critical, 0 warning, 16 healthy
[*] Telemetry: 2 critical, 0 warning, 16 healthy
[*] Telemetry: 2 critical, 0 warning, 16 healthy
[*] Telemetry: 2 critical, 0 warning, 16 healthy
[*] Telemetry: 2 critical, 0 warning, 16 healthy
[*] Telemetry: 2 critical, 0 warning, 16 healthy
[*] Telemetry: 2 critical, 0 warning, 16 healthy
[*] Telemetry: 2 critical, 0 warning, 16 healthy
[*] Telemetry: 2 critical, 0 warning, 16 healthy
[*] Telemetry: 2 critical, 0 warning, 16 healthy
[*] Telemetry: 2 critical, 0 warning, 16 healthy
[*] Telemetry: 2 critical, 0 warning, 16 healthy
[*] Telemetry: 2 critical, 0 warning, 16 healthy
[*] Telemetry: 2 critical, 0 warning, 16 healthy
[*] Telemetry: 2 critical, 0 warning, 16 healthy
[*] Telemetry: 2 critical, 0 warning, 16 healthy
[*] Telemetry: 2 critical, 0 warning, 16 healthy
[*] Telemetry: 2 critical, 0 warning, 16 healthy
[*] Telemetry: 2 critical, 0 warning, 16 healthy
[*] Telemetry: 2 critical, 0 warning, 16 healthy
[*] Telemetry: 2 critical, 0 warning, 16 healthy
[*] Telemetry: 2 critical, 0 warning, 16 healthy
[*] Telemetry: 2 critical, 0 warning, 16 healthy
[*] Telemetry: 2 critical, 0 warning, 16 healthy
[*] Telemetry: 2 critical, 0 warning, 16 healthy
[*] Telemetry: 2 critical, 0 warning, 16 healthy
[*] Telemetry: 2 critical, 0 warning, 16 healthy
[*] Telemetry: 2 critical, 0 warning, 16 healthy
[*] Telemetry: 2 critical, 0 warning, 16 healthy
[*] Telemetry: 2 critical, 0 warning, 16 healthy
[*] Telemetry: 2 critical, 0 warning, 16 healthy
[*] Telemetry: 2 critical, 0 warning, 16 healthy
[*] Telemetry: 2 critical, 0 warning, 16 healthy
[*] Telemetry: 2 critical, 0 warning, 16 healthy
[*] Telemetry: 2 critical, 0 warning, 16 healthy
[*] Telemetry: 2 critical, 0 warning, 16 healthy
[*] Telemetry: 2 critical, 0 warning, 16 healthy
[*] Telemetry: 2 critical, 0 warning, 16 healthy
[*] Telemetry: 2 critical, 0 warning, 16 healthy
[*] Telemetry: 2 critical, 0 warning, 16 healthy
[*] Telemetry: 2 critical, 0 warning, 16 healthy
[*] Telemetry: 2 critical, 0 warning, 16 healthy
[*] Telemetry: 2 critical, 0 warning, 16 healthy
[*] Telemetry: 2 critical, 0 warning, 16 healthy
[*] Telemetry: 2 critical, 0 warning, 16 healthy
[*] Telemetry: 2 critical, 0 warning, 16 healthy
[*] Telemetry: 2 critical, 0 warning, 16 healthy
[*] Telemetry: 2 critical, 0 warning, 16 healthy
[*] Telemetry: 2 critical, 0 warning, 16 healthy
[*] Telemetry: 2 critical, 0 warning, 16 healthy
[*] Telemetry: 2 critical, 0 warning, 16 healthy
[*] Telemetry: 2 critical, 0 warning, 16 healthy
[*] Telemetry: 2 critical, 0 warning, 16 healthy
[*] Telemetry: 2 critical, 0 warning, 16 healthy
[*] Telemetry: 2 critical, 0 warning, 16 healthy
[*] Telemetry: 2 critical, 0 warning, 16 healthy
[*] Telemetry: 2 critical, 0 warning, 16 healthy
[*] Telemetry: 2 critical, 0 warning, 16 healthy
[*] Telemetry: 2 critical, 0 warning, 16 healthy
[*] Telemetry: 2 critical, 0 warning, 16 healthy
[*] Telemetry: 2 critical, 0 warning, 16 healthy
[*] Telemetry: 2 critical, 0 warning, 16 healthy
[*] Telemetry: 2 critical, 0 warning, 16 healthy
[*] Telemetry: 2 critical, 0 warning, 16 healthy
[*] Telemetry: 2 critical, 0 warning, 16 healthy
[*] Telemetry: 2 critical, 0 warning, 16 healthy
[*] Telemetry: 2 critical, 0 warning, 16 healthy
[*] Telemetry: 2 critical, 0 warning, 16 healthy
[*] Telemetry: 2 critical, 0 warning, 16 healthy
[*] Telemetry: 2 critical, 0 warning, 16 healthy
[*] Telemetry: 2 critical, 0 warning, 16 healthy
[*] Telemetry: 2 critical, 0 warning, 16 healthy
[*] Telemetry: 2 critical, 0 warning, 16 healthy
[*] Telemetry: 2 critical, 0 warning, 16 healthy
[*] Telemetry: 2 critical, 0 warning, 16 healthy
[*] Telemetry: 2 critical, 0 warning, 16 healthy
[*] Telemetry: 2 critical, 0 warning, 16 healthy
[*] Telemetry: 2 critical, 0 warning, 16 healthy
[*] Telemetry: 2 critical, 0 warning, 16 healthy
[*] Telemetry: 2 critical, 0 warning, 16 healthy
[*] Telemetry: 2 critical, 0 warning, 16 healthy
[*] Telemetry: 2 critical, 0 warning, 16 healthy
[*] Telemetry: 2 critical, 0 warning, 16 healthy
[*] Telemetry: 2 critical, 0 warning, 16 healthy
[*] Telemetry: 2 critical, 0 warning, 16 healthy
[*] Telemetry: 2 critical, 0 warning, 16 healthy
[*] Telemetry: 2 critical, 0 warning, 16 healthy
[*] Telemetry: 2 critical, 0 warning, 16 healthy
[*] Telemetry: 2 critical, 0 warning, 16 healthy
[*] Telemetry: 2 critical, 0 warning, 16 healthy
[*] Telemetry: 2 critical, 0 warning, 16 healthy
[*] Telemetry: 2 critical, 0 warning, 16 healthy
[*] Telemetry: 2 critical, 0 warning, 16 healthy
[*] Telemetry: 2 critical, 0 warning, 16 healthy
[*] Telemetry: 2 critical, 0 warning, 16 healthy
[*] Telemetry: 2 critical, 0 warning, 16 healthy
[*] Telemetry: 2 critical, 0 warning, 16 healthy
[*] Telemetry: 2 critical, 0 warning, 16 healthy
[*] Telemetry: 2 critical, 0 warning, 16 healthy
[*] Telemetry: 2 critical, 0 warning, 16 healthy
[*] Telemetry: 2 critical, 0 warning, 16 healthy
[*] Telemetry: 2 critical, 0 warning, 16 healthy
[*] Telemetry: 2 critical, 0 warning, 16 healthy
[*] Telemetry: 2 critical, 0 warning, 16 healthy
[*] Telemetry: 2 critical, 0 warning, 16 healthy
[*] Telemetry: 2 critical, 0 warning, 16 healthy
[*] Telemetry: 2 critical, 0 warning, 16 healthy
[*] Telemetry: 2 critical, 0 warning, 16 healthy
[*] Telemetry: 2 critical, 0 warning, 16 healthy
[*] Telemetry: 2 critical, 0 warning, 16 healthy
[*] Telemetry: 2 critical, 0 warning, 16 healthy
[*] Telemetry: 2 critical, 0 warning, 16 healthy
[*] Telemetry: 2 critical, 0 warning, 16 healthy
[*] Telemetry: 2 critical, 0 warning, 16 healthy
[*] Telemetry: 2 critical, 0 warning, 16 healthy
[*] Telemetry: 2 critical, 0 warning, 16 healthy
[*] Telemetry: 2 critical, 0 warning, 16 healthy
[*] Telemetry: 2 critical, 0 warning, 16 healthy
[*] Telemetry: 2 critical, 0 warning, 16 healthy
[*] Telemetry: 2 critical, 0 warning, 16 healthy
[*] Telemetry: 2 critical, 0 warning, 16 healthy
[*] Telemetry: 2 critical, 0 warning, 16 healthy
[*] Telemetry: 2 critical, 0 warning, 16 healthy
[*] Telemetry: 2 critical, 0 warning, 16 healthy
[*] Telemetry: 2 critical, 0 warning, 16 healthy
[*] Telemetry: 2 critical, 0 warning, 16 healthy
[*] Telemetry: 2 critical, 0 warning, 16 healthy
[*] Telemetry: 2 critical, 0 warning, 16 healthy
[*] Telemetry: 2 critical, 0 warning, 16 healthy
[*] Telemetry: 2 critical, 0 warning, 16 healthy
[*] Telemetry: 2 critical, 0 warning, 16 healthy
[*] Telemetry: 2 critical, 0 warning, 16 healthy
[*] Telemetry: 2 critical, 0 warning, 16 healthy
[*] Telemetry: 2 critical, 0 warning, 16 healthy
[*] Telemetry: 2 critical, 0 warning, 16 healthy
[*] Telemetry: 2 critical, 0 warning, 16 healthy
[*] Telemetry: 2 critical, 0 warning, 16 healthy
[*] Telemetry: 2 critical, 0 warning, 16 healthy
[*] Telemetry: 2 critical, 0 warning, 16 healthy
[*] Telemetry: 2 critical, 0 warning, 16 healthy
[*] Telemetry: 2 critical, 0 warning, 16 healthy
[*] Telemetry: 2 critical, 0 warning, 16 healthy
[*] Telemetry: 2 critical, 0 warning, 16 healthy
[*] Telemetry: 2 critical, 0 warning, 16 healthy
[*] Telemetry: 2 critical, 0 warning, 16 healthy
[*] Telemetry: 2 critical, 0 warning, 16 healthy
[*] Telemetry: 2 critical, 0 warning, 16 healthy
[*] Telemetry: 2 critical, 0 warning, 16 healthy
[*] Telemetry: 2 critical, 0 warning, 16 healthy
[*] Telemetry: 2 critical, 0 warning, 16 healthy
[*] Telemetry: 2 critical, 0 warning, 16 healthy
[*] Telemetry: 2 critical, 0 warning, 16 healthy
[*] Telemetry: 2 critical, 0 warning, 16 healthy
[*] Telemetry: 2 critical, 0 warning, 16 healthy
[*] Telemetry: 2 critical, 0 warning, 16 healthy
[*] Telemetry: 2 critical, 0 warning, 16 healthy
[*] Telemetry: 2 critical, 0 warning, 16 healthy
[*] Telemetry: 2 critical, 0 warning, 16 healthy
[*] Telemetry: 2 critical, 0 warning, 16 healthy
[*] Telemetry: 2 critical, 0 warning, 16 healthy
[*] Telemetry: 2 critical, 0 warning, 16 healthy
[*] Telemetry: 2 critical, 0 warning, 16 healthy
[*] Telemetry: 2 critical, 0 warning, 16 healthy
[*] Telemetry: 2 critical, 0 warning, 16 healthy
[*] Telemetry: 2 critical, 0 warning, 16 healthy
[*] Telemetry: 2 critical, 0 warning, 16 healthy
[*] Telemetry: 2 critical, 0 warning, 16 healthy
[*] Telemetry: 2 critical, 0 warning, 16 healthy
[*] Telemetry: 2 critical, 0 warning, 16 healthy
[*] Telemetry: 2 critical, 0 warning, 16 healthy
[*] Telemetry: 2 critical, 0 warning, 16 healthy
[*] Telemetry: 2 critical, 0 warning, 16 healthy
[*] Telemetry: 2 critical, 0 warning, 16 healthy
[*] Telemetry: 2 critical, 0 warning, 16 healthy
[*] Telemetry: 2 critical, 0 warning, 16 healthy
[*] Telemetry: 2 critical, 0 warning, 16 healthy
[*] Telemetry: 2 critical, 0 warning, 16 healthy
[*] Telemetry: 2 critical, 0 warning, 16 healthy
[*] Telemetry: 2 critical, 0 warning, 16 healthy
[*] Telemetry: 2 critical, 0 warning, 16 healthy
[*] Telemetry: 2 critical, 0 warning, 16 healthy
[*] Telemetry: 2 critical, 0 warning, 16 healthy
[*] Telemetry: 2 critical, 0 warning, 16 healthy
[*] Telemetry: 2 critical, 0 warning, 16 healthy
[*] Telemetry: 2 critical, 0 warning, 16 healthy
[*] Telemetry: 2 critical, 0 warning, 16 healthy
[*] Telemetry: 2 critical, 0 warning, 16 healthy
[*] Telemetry: 2 critical, 0 warning, 16 healthy
[*] Telemetry: 2 critical, 0 warning, 16 healthy
[*] Telemetry: 2 critical, 0 warning, 16 healthy
[*] Telemetry: 2 critical, 0 warning, 16 healthy
[*] Telemetry: 2 critical, 0 warning, 16 healthy
[*] Telemetry: 2 critical, 0 warning, 16 healthy
[*] Telemetry: 2 critical, 0 warning, 16 healthy
[*] Telemetry: 2 critical, 0 warning, 16 healthy
[*] Telemetry: 2 critical, 0 warning, 16 healthy
[*] Telemetry: 2 critical, 0 warning, 16 healthy
[*] Telemetry: 2 critical, 0 warning, 16 healthy
[*] Telemetry: 2 critical, 0 warning, 16 healthy
[*] Telemetry: 2 critical, 0 warning, 16 healthy
[*] Telemetry: 2 critical, 0 warning, 16 healthy
[*] Telemetry: 2 critical, 0 warning, 16 healthy
[*] Telemetry: 2 critical, 0 warning, 16 healthy
[*] Telemetry: 2 critical, 0 warning, 16 healthy
[*] Telemetry: 2 critical, 0 warning, 16 healthy
[*] Telemetry: 2 critical, 0 warning, 16 healthy
[*] Telemetry: 2 critical, 0 warning, 16 healthy
[*] Telemetry: 2 critical, 0 warning, 16 healthy
[*] Telemetry: 2 critical, 0 warning, 16 healthy
[*] Telemetry: 2 critical, 0 warning, 16 healthy
[*] Telemetry: 2 critical, 0 warning, 16 healthy
[*] Telemetry: 2 critical, 0 warning, 16 healthy
[*] Telemetry: 2 critical, 0 warning, 16 healthy
[*] Telemetry: 2 critical, 0 warning, 16 healthy
[*] Telemetry: 2 critical, 0 warning, 16 healthy
[*] Telemetry: 2 critical, 0 warning, 16 healthy
[*] Telemetry: 2 critical, 0 warning, 16 healthy
[*] Telemetry: 2 critical, 0 warning, 16 healthy
[*] Telemetry: 2 critical, 0 warning, 16 healthy
[*] Telemetry: 2 critical, 0 warning, 16 healthy
[*] Telemetry: 2 critical, 0 warning, 16 healthy
[*] Telemetry: 2 critical, 0 warning, 16 healthy
[*] Telemetry: 2 critical, 0 warning, 16 healthy
[*] Telemetry: 2 critical, 0 warning, 16 healthy
[*] Telemetry: 2 critical, 0 warning, 16 healthy
[*] Telemetry: 2 critical, 0 warning, 16 healthy
[*] Telemetry: 2 critical, 0 warning, 16 healthy
[*] Telemetry: 2 critical, 0 warning, 16 healthy
[*] Telemetry: 2 critical, 0 warning, 16 healthy
[*] Telemetry: 2 critical, 0 warning, 16 healthy
[*] Telemetry: 2 critical, 0 warning, 16 healthy
[*] Telemetry: 2 critical, 0 warning, 16 healthy
[*] Telemetry: 2 critical, 0 warning, 16 healthy
[*] Telemetry: 2 critical, 0 warning, 16 healthy
[*] Telemetry: 2 critical, 0 warning, 16 healthy
[*] Telemetry: 2 critical, 0 warning, 16 healthy
[*] Telemetry: 2 critical, 0 warning, 16 healthy
[*] Telemetry: 2 critical, 0 warning, 16 healthy
[*] Telemetry: 2 critical, 0 warning, 16 healthy
[*] Telemetry: 2 critical, 0 warning, 16 healthy
[*] Telemetry: 2 critical, 0 warning, 16 healthy
[*] Telemetry: 2 critical, 0 warning, 16 healthy
[*] Telemetry: 2 critical, 0 warning, 16 healthy
[*] Telemetry: 2 critical, 0 warning, 16 healthy
[*] Telemetry: 2 critical, 0 warning, 16 healthy
[*] Telemetry: 2 critical, 0 warning, 16 healthy
[*] Telemetry: 2 critical, 0 warning, 16 healthy
[*] Telemetry: 2 critical, 0 warning, 16 healthy
[*] Telemetry: 2 critical, 0 warning, 16 healthy
[*] Telemetry: 2 critical, 0 warning, 16 healthy
[*] Telemetry: 2 critical, 0 warning, 16 healthy
[*] Telemetry: 2 critical, 0 warning, 16 healthy
[*] Telemetry: 2 critical, 0 warning, 16 healthy
[*] Telemetry: 2 critical, 0 warning, 16 healthy
[*] Telemetry: 2 critical, 0 warning, 16 healthy
[*] Telemetry: 2 critical, 0 warning, 16 healthy
[*] Telemetry: 2 critical, 0 warning, 16 healthy
[*] Telemetry: 2 critical, 0 warning, 16 healthy
[*] Telemetry: 2 critical, 0 warning, 16 healthy
[*] Telemetry: 2 critical, 0 warning, 16 healthy
[*] Telemetry: 2 critical, 0 warning, 16 healthy
[*] Telemetry: 2 critical, 0 warning, 16 healthy
[*] Telemetry: 2 critical, 0 warning, 16 healthy
[*] Telemetry: 2 critical, 0 warning, 16 healthy
[*] Telemetry: 2 critical, 0 warning, 16 healthy
[*] Telemetry: 2 critical, 0 warning, 16 healthy
[*] Telemetry: 2 critical, 0 warning, 16 healthy
[*] Telemetry: 2 critical, 0 warning, 16 healthy
[*] Telemetry: 2 critical, 0 warning, 16 healthy
[*] Telemetry: 2 critical, 0 warning, 16 healthy
[*] Telemetry: 2 critical, 0 warning, 16 healthy
[*] Telemetry: 2 critical, 0 warning, 16 healthy
[*] Telemetry: 2 critical, 0 warning, 16 healthy
[*] Telemetry: 2 critical, 0 warning, 16 healthy
[*] Telemetry: 2 critical, 0 warning, 16 healthy
[*] Telemetry: 2 critical, 0 warning, 16 healthy
[*] Telemetry: 2 critical, 0 warning, 16 healthy
[*] Telemetry: 2 critical, 0 warning, 16 healthy
[*] Telemetry: 2 critical, 0 warning, 16 healthy
[*] Telemetry: 2 critical, 0 warning, 16 healthy
[*] Telemetry: 2 critical, 0 warning, 16 healthy
[*] Telemetry: 2 critical, 0 warning, 16 healthy
[*] Telemetry: 2 critical, 0 warning, 16 healthy
[*] Telemetry: 2 critical, 0 warning, 16 healthy
[*] Telemetry: 2 critical, 0 warning, 16 healthy
[*] Telemetry: 2 critical, 0 warning, 16 healthy
[*] Telemetry: 2 critical, 0 warning, 16 healthy
[*] Telemetry: 2 critical, 0 warning, 16 healthy
[*] Telemetry: 2 critical, 0 warning, 16 healthy
[*] Telemetry: 2 critical, 0 warning, 16 healthy
[*] Telemetry: 2 critical, 0 warning, 16 healthy
[*] Telemetry: 2 critical, 0 warning, 16 healthy
[*] Telemetry: 2 critical, 0 warning, 16 healthy
[*] Telemetry: 2 critical, 0 warning, 16 healthy
[*] Telemetry: 2 critical, 0 warning, 16 healthy
[*] Telemetry: 2 critical, 0 warning, 16 healthy
[*] Telemetry: 2 critical, 0 warning, 16 healthy
[*] Telemetry: 2 critical, 0 warning, 16 healthy
[*] Telemetry: 2 critical, 0 warning, 16 healthy
[*] Telemetry: 2 critical, 0 warning, 16 healthy
[*] Telemetry: 2 critical, 0 warning, 16 healthy
[*] Telemetry: 2 critical, 0 warning, 16 healthy
[*] Telemetry: 2 critical, 0 warning, 16 healthy
[*] Telemetry: 2 critical, 0 warning, 16 healthy
[*] Telemetry: 2 critical, 0 warning, 16 healthy
[*] Telemetry: 2 critical, 0 warning, 16 healthy
[*] Telemetry: 2 critical, 0 warning, 16 healthy
[*] Telemetry: 2 critical, 0 warning, 16 healthy
[*] Telemetry: 2 critical, 0 warning, 16 healthy
[*] Telemetry: 2 critical, 0 warning, 16 healthy
[*] Telemetry: 2 critical, 0 warning, 16 healthy
[*] Telemetry: 2 critical, 0 warning, 16 healthy
[*] Telemetry: 2 critical, 0 warning, 16 healthy
[*] Telemetry: 2 critical, 0 warning, 16 healthy
[*] Telemetry: 2 critical, 0 warning, 16 healthy
[*] Telemetry: 2 critical, 0 warning, 16 healthy
[*] Telemetry: 2 critical, 0 warning, 16 healthy
[*] Telemetry: 2 critical, 0 warning, 16 healthy
[*] Telemetry: 2 critical, 0 warning, 16 healthy
[*] Telemetry: 2 critical, 0 warning, 16 healthy
[*] Telemetry: 2 critical, 0 warning, 16 healthy
[*] Telemetry: 2 critical, 0 warning, 16 healthy
[*] Telemetry: 2 critical, 0 warning, 16 healthy
[*] Telemetry: 2 critical, 0 warning, 16 healthy
[*] Telemetry: 2 critical, 0 warning, 16 healthy
[*] Telemetry: 2 critical, 0 warning, 16 healthy
[*] Telemetry: 2 critical, 0 warning, 16 healthy
[*] Telemetry: 2 critical, 0 warning, 16 healthy
[*] Telemetry: 2 critical, 0 warning, 16 healthy
[*] Telemetry: 2 critical, 0 warning, 16 healthy
[*] Telemetry: 2 critical, 0 warning, 16 healthy
[*] Telemetry: 2 critical, 0 warning, 16 healthy
[*] Telemetry: 2 critical, 0 warning, 16 healthy
[*] Telemetry: 2 critical, 0 warning, 16 healthy
[*] Telemetry: 2 critical, 0 warning, 16 healthy
[*] Telemetry: 2 critical, 0 warning, 16 healthy
[*] Telemetry: 2 critical, 0 warning, 16 healthy
[*] Telemetry: 2 critical, 0 warning, 16 healthy
[*] Telemetry: 2 critical, 0 warning, 16 healthy
[*] Telemetry: 2 critical, 0 warning, 16 healthy
[*] Telemetry: 2 critical, 0 warning, 16 healthy
[*] Telemetry: 2 critical, 0 warning, 16 healthy
[*] Telemetry: 2 critical, 0 warning, 16 healthy
[*] Telemetry: 2 critical, 0 warning, 16 healthy
[*] Telemetry: 2 critical, 0 warning, 16 healthy
[*] Telemetry: 2 critical, 0 warning, 16 healthy
[*] Telemetry: 2 critical, 0 warning, 16 healthy
[*] Telemetry: 2 critical, 0 warning, 16 healthy
[*] Telemetry: 2 critical, 0 warning, 16 healthy
[*] Telemetry: 2 critical, 0 warning, 16 healthy
[*] Telemetry: 2 critical, 0 warning, 16 healthy
[*] Telemetry: 2 critical, 0 warning, 16 healthy
[*] Telemetry: 2 critical, 0 warning, 16 healthy
[*] Telemetry: 2 critical, 0 warning, 16 healthy
[*] Telemetry: 2 critical, 0 warning, 16 healthy
[*] Telemetry: 2 critical, 0 warning, 16 healthy
[*] Telemetry: 2 critical, 0 warning, 16 healthy
[*] Telemetry: 2 critical, 0 warning, 16 healthy
[*] Telemetry: 2 critical, 0 warning, 16 healthy
[*] Telemetry: 2 critical, 0 warning, 16 healthy
[*] Telemetry: 2 critical, 0 warning, 16 healthy
[*] Telemetry: 2 critical, 0 warning, 16 healthy
[*] Telemetry: 2 critical, 0 warning, 16 healthy
[*] Telemetry: 2 critical, 0 warning, 16 healthy
[*] Telemetry: 2 critical, 0 warning, 16 healthy
[*] Telemetry: 2 critical, 0 warning, 16 healthy
[*] Telemetry: 2 critical, 0 warning, 16 healthy
[*] Telemetry: 2 critical, 0 warning, 16 healthy
[*] Telemetry: 2 critical, 0 warning, 16 healthy
[*] Telemetry: 2 critical, 0 warning, 16 healthy
[*] Telemetry: 2 critical, 0 warning, 16 healthy
[*] Telemetry: 2 critical, 0 warning, 16 healthy
[*] Telemetry: 2 critical, 0 warning, 16 healthy
[*] Telemetry: 2 critical, 0 warning, 16 healthy
[*] Telemetry: 2 critical, 0 warning, 16 healthy
[*] Telemetry: 2 critical, 0 warning, 16 healthy
[*] Telemetry: 2 critical, 0 warning, 16 healthy
[*] Telemetry: 2 critical, 0 warning, 16 healthy
[*] Telemetry: 2 critical, 0 warning, 16 healthy
[*] Telemetry: 2 critical, 0 warning, 16 healthy
[*] Telemetry: 2 critical, 0 warning, 16 healthy
[*] Telemetry: 2 critical, 0 warning, 16 healthy
[*] Telemetry: 2 critical, 0 warning, 16 healthy
[*] Telemetry: 2 critical, 0 warning, 16 healthy
[*] Telemetry: 2 critical, 0 warning, 16 healthy
[*] Telemetry: 2 critical, 0 warning, 16 healthy
[*] Telemetry: 2 critical, 0 warning, 16 healthy
[*] Telemetry: 2 critical, 0 warning, 16 healthy
[*] Telemetry: 2 critical, 0 warning, 16 healthy
[*] Telemetry: 2 critical, 0 warning, 16 healthy
[*] Telemetry: 2 critical, 0 warning, 16 healthy
[*] Telemetry: 2 critical, 0 warning, 16 healthy
[*] Telemetry: 2 critical, 0 warning, 16 healthy
[*] Telemetry: 2 critical, 0 warning, 16 healthy
[*] Telemetry: 2 critical, 0 warning, 16 healthy
[*] Telemetry: 2 critical, 0 warning, 16 healthy
[*] Telemetry: 2 critical, 0 warning, 16 healthy
[*] Telemetry: 2 critical, 0 warning, 16 healthy
[*] Telemetry: 2 critical, 0 warning, 16 healthy
[*] Telemetry: 2 critical, 0 warning, 16 healthy
[*] Telemetry: 2 critical, 0 warning, 16 healthy
[*] Telemetry: 2 critical, 0 warning, 16 healthy
[*] Telemetry: 2 critical, 0 warning, 16 healthy
[*] Telemetry: 2 critical, 0 warning, 16 healthy
[*] Telemetry: 2 critical, 0 warning, 16 healthy
[*] Telemetry: 2 critical, 0 warning, 16 healthy
[*] Telemetry: 2 critical, 0 warning, 16 healthy
[*] Telemetry: 2 critical, 0 warning, 16 healthy
[*] Telemetry: 2 critical, 0 warning, 16 healthy
[*] Telemetry: 2 critical, 0 warning, 16 healthy
[*] Telemetry: 2 critical, 0 warning, 16 healthy
[*] Telemetry: 2 critical, 0 warning, 16 healthy
[*] Telemetry: 2 critical, 0 warning, 16 healthy
[*] Telemetry: 2 critical, 0 warning, 16 healthy
[*] Telemetry: 2 critical, 0 warning, 16 healthy
[*] Telemetry: 2 critical, 0 warning, 16 healthy
[*] Telemetry: 2 critical, 0 warning, 16 healthy
[*] Telemetry: 2 critical, 0 warning, 16 healthy
[*] Telemetry: 2 critical, 0 warning, 16 healthy
[*] Telemetry: 2 critical, 0 warning, 16 healthy
[*] Telemetry: 2 critical, 0 warning, 16 healthy
[*] Telemetry: 2 critical, 0 warning, 16 healthy
[*] Telemetry: 2 critical, 0 warning, 16 healthy
[*] Telemetry: 2 critical, 0 warning, 16 healthy
[*] Telemetry: 2 critical, 0 warning, 16 healthy
[*] Telemetry: 2 critical, 0 warning, 16 healthy
[*] Telemetry: 2 critical, 0 warning, 16 healthy
[*] Telemetry: 2 critical, 0 warning, 16 healthy
[*] Telemetry: 2 critical, 0 warning, 16 healthy
[*] Telemetry: 2 critical, 0 warning, 16 healthy
[*] Telemetry: 2 critical, 0 warning, 16 healthy
[*] Telemetry: 2 critical, 0 warning, 16 healthy
[*] Telemetry: 2 critical, 0 warning, 16 healthy
[*] Telemetry: 2 critical, 0 warning, 16 healthy
[*] Telemetry: 2 critical, 0 warning, 16 healthy
[*] Telemetry: 2 critical, 0 warning, 16 healthy
[*] Telemetry: 2 critical, 0 warning, 16 healthy
[*] Telemetry: 2 critical, 0 warning, 16 healthy
[*] Telemetry: 2 critical, 0 warning, 16 healthy
[*] Telemetry: 2 critical, 0 warning, 16 healthy
[*] Telemetry: 2 critical, 0 warning, 16 healthy
[*] Telemetry: 2 critical, 0 warning, 16 healthy
[*] Telemetry: 2 critical, 0 warning, 16 healthy
[*] Telemetry: 2 critical, 0 warning, 16 healthy
[*] Telemetry: 2 critical, 0 warning, 16 healthy
[*] Telemetry: 2 critical, 0 warning, 16 healthy
[*] Telemetry: 2 critical, 0 warning, 16 healthy
[*] Telemetry: 2 critical, 0 warning, 16 healthy
[*] Telemetry: 2 critical, 0 warning, 16 healthy
[*] Telemetry: 2 critical, 0 warning, 16 healthy
[*] Telemetry: 2 critical, 0 warning, 16 healthy
[*] Telemetry: 2 critical, 0 warning, 16 healthy
[*] Telemetry: 2 critical, 0 warning, 16 healthy
[*] Telemetry: 2 critical, 0 warning, 16 healthy
[*] Telemetry: 2 critical, 0 warning, 16 healthy
[*] Telemetry: 2 critical, 0 warning, 16 healthy
[*] Telemetry: 2 critical, 0 warning, 16 healthy
[*] Telemetry: 2 critical, 0 warning, 16 healthy
[*] Telemetry: 2 critical, 0 warning, 16 healthy
[*] Telemetry: 2 critical, 0 warning, 16 healthy
[*] Telemetry: 2 critical, 0 warning, 16 healthy
[*] Telemetry: 2 critical, 0 warning, 16 healthy
[*] Telemetry: 2 critical, 0 warning, 16 healthy
[*] Telemetry: 2 critical, 0 warning, 16 healthy
[*] Telemetry: 2 critical, 0 warning, 16 healthy
[*] Telemetry: 2 critical, 0 warning, 16 healthy
[*] Telemetry: 2 critical, 0 warning, 16 healthy
[*] Telemetry: 2 critical, 0 warning, 16 healthy
[*] Telemetry: 2 critical, 0 warning, 16 healthy
[*] Telemetry: 2 critical, 0 warning, 16 healthy
[*] Telemetry: 2 critical, 0 warning, 16 healthy
[*] Telemetry: 2 critical, 0 warning, 16 healthy
[*] Telemetry: 2 critical, 0 warning, 16 healthy
[*] Telemetry: 2 critical, 0 warning, 16 healthy
[*] Telemetry: 2 critical, 0 warning, 16 healthy
[*] Telemetry: 2 critical, 0 warning, 16 healthy
[*] Telemetry: 2 critical, 0 warning, 16 healthy
[*] Telemetry: 2 critical, 0 warning, 16 healthy
[*] Telemetry: 2 critical, 0 warning, 16 healthy
[*] Telemetry: 2 critical, 0 warning, 16 healthy
[*] Telemetry: 2 critical, 0 warning, 16 healthy
[*] Telemetry: 2 critical, 0 warning, 16 healthy
[*] Telemetry: 2 critical, 0 warning, 16 healthy
[*] Telemetry: 2 critical, 0 warning, 16 healthy
[*] Telemetry: 2 critical, 0 warning, 16 healthy
[*] Telemetry: 2 critical, 0 warning, 16 healthy
[*] Telemetry: 2 critical, 0 warning, 16 healthy
[*] Telemetry: 2 critical, 0 warning, 16 healthy
[*] Telemetry: 2 critical, 0 warning, 16 healthy
[*] Telemetry: 2 critical, 0 warning, 16 healthy
[*] Telemetry: 2 critical, 0 warning, 16 healthy
[*] Telemetry: 2 critical, 0 warning, 16 healthy
[*] Telemetry: 2 critical, 0 warning, 16 healthy
[*] Telemetry: 2 critical, 0 warning, 16 healthy
[*] Telemetry: 2 critical, 0 warning, 16 healthy
[*] Telemetry: 2 critical, 0 warning, 16 healthy
[*] Telemetry: 2 critical, 0 warning, 16 healthy
[*] Telemetry: 2 critical, 0 warning, 16 healthy
[*] Telemetry: 2 critical, 0 warning, 16 healthy
[*] Telemetry: 2 critical, 0 warning, 16 healthy
[*] Telemetry: 2 critical, 0 warning, 16 healthy
[*] Telemetry: 2 critical, 0 warning, 16 healthy
[*] Telemetry: 2 critical, 0 warning, 16 healthy
[*] Telemetry: 2 critical, 0 warning, 16 healthy
[*] Telemetry: 2 critical, 0 warning, 16 healthy
[*] Telemetry: 2 critical, 0 warning, 16 healthy
[*] Telemetry: 2 critical, 0 warning, 16 healthy
[*] Telemetry: 2 critical, 0 warning, 16 healthy
[*] Telemetry: 2 critical, 0 warning, 16 healthy
[*] Telemetry: 2 critical, 0 warning, 16 healthy
[*] Telemetry: 2 critical, 0 warning, 16 healthy
[*] Telemetry: 2 critical, 0 warning, 16 healthy
[*] Telemetry: 2 critical, 0 warning, 16 healthy
[*] Telemetry: 2 critical, 0 warning, 16 healthy
[*] Telemetry: 2 critical, 0 warning, 16 healthy
[*] Telemetry: 2 critical, 0 warning, 16 healthy
[*] Telemetry: 2 critical, 0 warning, 16 healthy
[*] Telemetry: 2 critical, 0 warning, 16 healthy
[*] Telemetry: 2 critical, 0 warning, 16 healthy
[*] Telemetry: 2 critical, 0 warning, 16 healthy
[*] Telemetry: 2 critical, 0 warning, 16 healthy
[*] Telemetry: 2 critical, 0 warning, 16 healthy
[*] Telemetry: 2 critical, 0 warning, 16 healthy
[*] Telemetry: 2 critical, 0 warning, 16 healthy
[*] Telemetry: 2 critical, 0 warning, 16 healthy
[*] Telemetry: 2 critical, 0 warning, 16 healthy
[*] Telemetry: 2 critical, 0 warning, 16 healthy
[*] Telemetry: 2 critical, 0 warning, 16 healthy
[*] Telemetry: 2 critical, 0 warning, 16 healthy
[*] Telemetry: 2 critical, 0 warning, 16 healthy
[*] Telemetry: 2 critical, 0 warning, 16 healthy
[*] Telemetry: 2 critical, 0 warning, 16 healthy
[*] Telemetry: 2 critical, 0 warning, 16 healthy
[*] Telemetry: 2 critical, 0 warning, 16 healthy
[*] Telemetry: 2 critical, 0 warning, 16 healthy
[*] Telemetry: 2 critical, 0 warning, 16 healthy
[*] Telemetry: 2 critical, 0 warning, 16 healthy
[*] Telemetry: 2 critical, 0 warning, 16 healthy
[*] Telemetry: 2 critical, 0 warning, 16 healthy
[*] Telemetry: 2 critical, 0 warning, 16 healthy
[*] Telemetry: 2 critical, 0 warning, 16 healthy
[*] Telemetry: 2 critical, 0 warning, 16 healthy
[*] Telemetry: 2 critical, 0 warning, 16 healthy
[*] Telemetry: 2 critical, 0 warning, 16 healthy
[*] Telemetry: 2 critical, 0 warning, 16 healthy
[*] Telemetry: 2 critical, 0 warning, 16 healthy
[*] Telemetry: 2 critical, 0 warning, 16 healthy
[*] Telemetry: 2 critical, 0 warning, 16 healthy
[*] Telemetry: 2 critical, 0 warning, 16 healthy
[*] Telemetry: 2 critical, 0 warning, 16 healthy
[*] Telemetry: 2 critical, 0 warning, 16 healthy
[*] Telemetry: 2 critical, 0 warning, 16 healthy
[*] Telemetry: 2 critical, 0 warning, 16 healthy
[*] Telemetry: 2 critical, 0 warning, 16 healthy
[*] Telemetry: 2 critical, 0 warning, 16 healthy
[*] Telemetry: 2 critical, 0 warning, 16 healthy
[*] Telemetry: 2 critical, 0 warning, 16 healthy
[*] Telemetry: 2 critical, 0 warning, 16 healthy
[*] Telemetry: 2 critical, 0 warning, 16 healthy
[*] Telemetry: 2 critical, 0 warning, 16 healthy
[*] Telemetry: 2 critical, 0 warning, 16 healthy
[*] Telemetry: 2 critical, 0 warning, 16 healthy
[*] Telemetry: 2 critical, 0 warning, 16 healthy
[*] Telemetry: 2 critical, 0 warning, 16 healthy
[*] Telemetry: 2 critical, 0 warning, 16 healthy
[*] Telemetry: 2 critical, 0 warning, 16 healthy
[*] Telemetry: 2 critical, 0 warning, 16 healthy
[*] Telemetry: 2 critical, 0 warning, 16 healthy
[*] Telemetry: 2 critical, 0 warning, 16 healthy
[*] Telemetry: 2 critical, 0 warning, 16 healthy
[*] Telemetry: 2 critical, 0 warning, 16 healthy
[*] Telemetry: 2 critical, 0 warning, 16 healthy
[*] Telemetry: 2 critical, 0 warning, 16 healthy
[*] Telemetry: 2 critical, 0 warning, 16 healthy
[*] Telemetry: 2 critical, 0 warning, 16 healthy
[*] Telemetry: 2 critical, 0 warning, 16 healthy
[*] Telemetry: 2 critical, 0 warning, 16 healthy
[*] Telemetry: 2 critical, 0 warning, 16 healthy
[*] Telemetry: 2 critical, 0 warning, 16 healthy
[*] Telemetry: 2 critical, 0 warning, 16 healthy
[*] Telemetry: 2 critical, 0 warning, 16 healthy
[*] Telemetry: 2 critical, 0 warning, 16 healthy
[*] Telemetry: 2 critical, 0 warning, 16 healthy
[*] Telemetry: 2 critical, 0 warning, 16 healthy
[*] Telemetry: 2 critical, 0 warning, 16 healthy
[*] Telemetry: 2 critical, 0 warning, 16 healthy
[*] Telemetry: 2 critical, 0 warning, 16 healthy
[*] Telemetry: 2 critical, 0 warning, 16 healthy
[*] Telemetry: 2 critical, 0 warning, 16 healthy
[*] Telemetry: 2 critical, 0 warning, 16 healthy
[*] Telemetry: 2 critical, 0 warning, 16 healthy
[*] Telemetry: 2 critical, 0 warning, 16 healthy
[*] Telemetry: 2 critical, 0 warning, 16 healthy
[*] Telemetry: 2 critical, 0 warning, 16 healthy
[*] Telemetry: 2 critical, 0 warning, 16 healthy
[*] Telemetry: 2 critical, 0 warning, 16 healthy
[*] Telemetry: 2 critical, 0 warning, 16 healthy
[*] Telemetry: 2 critical, 0 warning, 16 healthy
[*] Telemetry: 2 critical, 0 warning, 16 healthy
[*] Telemetry: 2 critical, 0 warning, 16 healthy
[*] Telemetry: 2 critical, 0 warning, 16 healthy
[*] Telemetry: 2 critical, 0 warning, 16 healthy
[*] Telemetry: 2 critical, 0 warning, 16 healthy
[*] Telemetry: 2 critical, 0 warning, 16 healthy
[*] Telemetry: 2 critical, 0 warning, 16 healthy
[*] Telemetry: 2 critical, 0 warning, 16 healthy
[*] Telemetry: 2 critical, 0 warning, 16 healthy
[*] Telemetry: 2 critical, 0 warning, 16 healthy
[*] Telemetry: 2 critical, 0 warning, 16 healthy
[*] Telemetry: 2 critical, 0 warning, 16 healthy
[*] Telemetry: 2 critical, 0 warning, 16 healthy
[*] Telemetry: 2 critical, 0 warning, 16 healthy
[*] Telemetry: 2 critical, 0 warning, 16 healthy
[*] Telemetry: 2 critical, 0 warning, 16 healthy
[*] Telemetry: 2 critical, 0 warning, 16 healthy
[*] Telemetry: 2 critical, 0 warning, 16 healthy
[*] Telemetry: 2 critical, 0 warning, 16 healthy
[*] Telemetry: 2 critical, 0 warning, 16 healthy
[*] Telemetry: 2 critical, 0 warning, 16 healthy
[*] Telemetry: 2 critical, 0 warning, 16 healthy
[*] Telemetry: 2 critical, 0 warning, 16 healthy
[*] Telemetry: 2 critical, 0 warning, 16 healthy
[*] Telemetry: 2 critical, 0 warning, 16 healthy
[*] Telemetry: 2 critical, 0 warning, 16 healthy
[*] Telemetry: 2 critical, 0 warning, 16 healthy
[*] Telemetry: 2 critical, 0 warning, 16 healthy
[*] Telemetry: 2 critical, 0 warning, 16 healthy
[*] Telemetry: 2 critical, 0 warning, 16 healthy
[*] Telemetry: 2 critical, 0 warning, 16 healthy
[*] Telemetry: 2 critical, 0 warning, 16 healthy
[*] Telemetry: 2 critical, 0 warning, 16 healthy
[*] Telemetry: 2 critical, 0 warning, 16 healthy
[*] Telemetry: 2 critical, 0 warning, 16 healthy
[*] Telemetry: 2 critical, 0 warning, 16 healthy
[*] Telemetry: 2 critical, 0 warning, 16 healthy
[*] Telemetry: 2 critical, 0 warning, 16 healthy
[*] Telemetry: 2 critical, 0 warning, 16 healthy
[*] Telemetry: 2 critical, 0 warning, 16 healthy
[*] Telemetry: 2 critical, 0 warning, 16 healthy
[*] Telemetry: 2 critical, 0 warning, 16 healthy
[*] Telemetry: 2 critical, 0 warning, 16 healthy
[*] Telemetry: 2 critical, 0 warning, 16 healthy
[*] Telemetry: 2 critical, 0 warning, 16 healthy
[*] Telemetry: 2 critical, 0 warning, 16 healthy
[*] Telemetry: 2 critical, 0 warning, 16 healthy
[*] Telemetry: 2 critical, 0 warning, 16 healthy
SLO slo_api_availability already exists
SLO slo_api_latency already exists
SLO slo_database_availability already exists
[*] Telemetry: 2 critical, 0 warning, 16 healthy
[*] Telemetry: 2 critical, 0 warning, 16 healthy
[*] Telemetry: 2 critical, 0 warning, 16 healthy
[*] Telemetry: 2 critical, 0 warning, 16 healthy
[*] Telemetry: 2 critical, 0 warning, 16 healthy
[*] Telemetry: 2 critical, 0 warning, 16 healthy
[*] Telemetry: 2 critical, 0 warning, 16 healthy
[*] Telemetry: 2 critical, 0 warning, 16 healthy
[*] Telemetry: 2 critical, 0 warning, 16 healthy
[*] Telemetry: 2 critical, 0 warning, 16 healthy
[*] Telemetry: 2 critical, 0 warning, 16 healthy
[*] Telemetry: 2 critical, 0 warning, 16 healthy
[*] Telemetry: 2 critical, 0 warning, 16 healthy
[*] Telemetry: 2 critical, 0 warning, 16 healthy
[*] Telemetry: 2 critical, 0 warning, 16 healthy
[*] Telemetry: 2 critical, 0 warning, 16 healthy
[*] Telemetry: 2 critical, 0 warning, 16 healthy
[*] Telemetry: 2 critical, 0 warning, 16 healthy
[*] Telemetry: 2 critical, 0 warning, 16 healthy
[*] Telemetry: 2 critical, 0 warning, 16 healthy
[*] Telemetry: 2 critical, 0 warning, 16 healthy
[*] Telemetry: 2 critical, 0 warning, 16 healthy
[*] Telemetry: 2 critical, 0 warning, 16 healthy
[*] Telemetry: 2 critical, 0 warning, 16 healthy
[*] Telemetry: 2 critical, 0 warning, 16 healthy
[*] Telemetry: 2 critical, 0 warning, 16 healthy
[*] Telemetry: 2 critical, 0 warning, 16 healthy
[*] Telemetry: 2 critical, 0 warning, 16 healthy
[*] Telemetry: 2 critical, 0 warning, 16 healthy
[*] Telemetry: 2 critical, 0 warning, 16 healthy
[*] Telemetry: 2 critical, 0 warning, 16 healthy
[*] Telemetry: 2 critical, 0 warning, 16 healthy
[*] Telemetry: 2 critical, 0 warning, 16 healthy
[*] Telemetry: 2 critical, 0 warning, 16 healthy
[*] Telemetry: 2 critical, 0 warning, 16 healthy
[*] Telemetry: 2 critical, 0 warning, 16 healthy
[*] Telemetry: 2 critical, 0 warning, 16 healthy
[*] Telemetry: 2 critical, 0 warning, 16 healthy
[*] Telemetry: 2 critical, 0 warning, 16 healthy
[*] Telemetry: 2 critical, 0 warning, 16 healthy
[*] Telemetry: 2 critical, 0 warning, 16 healthy
[*] Telemetry: 2 critical, 0 warning, 16 healthy
[*] Telemetry: 2 critical, 0 warning, 16 healthy
[*] Telemetry: 2 critical, 0 warning, 16 healthy
[*] Telemetry: 2 critical, 0 warning, 16 healthy
[*] Telemetry: 2 critical, 0 warning, 16 healthy
[*] Telemetry: 2 critical, 0 warning, 16 healthy
[*] Telemetry: 2 critical, 0 warning, 16 healthy
[*] Telemetry: 2 critical, 0 warning, 16 healthy
[*] Telemetry: 2 critical, 0 warning, 16 healthy
[*] Telemetry: 2 critical, 0 warning, 16 healthy
[*] Telemetry: 2 critical, 0 warning, 16 healthy
[*] Telemetry: 2 critical, 0 warning, 16 healthy
[*] Telemetry: 2 critical, 0 warning, 16 healthy
[*] Telemetry: 2 critical, 0 warning, 16 healthy
[*] Telemetry: 2 critical, 0 warning, 16 healthy
[*] Telemetry: 2 critical, 0 warning, 16 healthy
[*] Telemetry: 2 critical, 0 warning, 16 healthy
[*] Telemetry: 2 critical, 0 warning, 16 healthy
[*] Telemetry: 2 critical, 0 warning, 16 healthy
[*] Telemetry: 2 critical, 0 warning, 16 healthy
[*] Telemetry: 2 critical, 0 warning, 16 healthy
[*] Telemetry: 2 critical, 0 warning, 16 healthy
[*] Telemetry: 2 critical, 0 warning, 16 healthy
[*] Telemetry: 2 critical, 0 warning, 16 healthy
[*] Telemetry: 2 critical, 0 warning, 16 healthy
[*] Telemetry: 2 critical, 0 warning, 16 healthy
[*] Telemetry: 2 critical, 0 warning, 16 healthy
[*] Telemetry: 2 critical, 0 warning, 16 healthy
[*] Telemetry: 2 critical, 0 warning, 16 healthy
[*] Telemetry: 2 critical, 0 warning, 16 healthy
[*] Telemetry: 2 critical, 0 warning, 16 healthy
[*] Telemetry: 2 critical, 0 warning, 16 healthy
[*] Telemetry: 2 critical, 0 warning, 16 healthy
[*] Telemetry: 2 critical, 0 warning, 16 healthy
[*] Telemetry: 2 critical, 0 warning, 16 healthy
[*] Telemetry: 2 critical, 0 warning, 16 healthy
[*] Telemetry: 2 critical, 0 warning, 16 healthy
[*] Telemetry: 2 critical, 0 warning, 16 healthy
[*] Telemetry: 2 critical, 0 warning, 16 healthy
[*] Telemetry: 2 critical, 0 warning, 16 healthy
[*] Telemetry: 2 critical, 0 warning, 16 healthy
[*] Telemetry: 2 critical, 0 warning, 16 healthy
[*] Telemetry: 2 critical, 0 warning, 16 healthy
[*] Telemetry: 2 critical, 0 warning, 16 healthy
[*] Telemetry: 2 critical, 0 warning, 16 healthy
[*] Telemetry: 2 critical, 0 warning, 16 healthy
[*] Telemetry: 2 critical, 0 warning, 16 healthy
[*] Telemetry: 2 critical, 0 warning, 16 healthy
[*] Telemetry: 2 critical, 0 warning, 16 healthy
[*] Telemetry: 2 critical, 0 warning, 16 healthy
[*] Telemetry: 2 critical, 0 warning, 16 healthy
[*] Telemetry: 2 critical, 0 warning, 16 healthy
[*] Telemetry: 2 critical, 0 warning, 16 healthy
[*] Telemetry: 2 critical, 0 warning, 16 healthy
[*] Telemetry: 2 critical, 0 warning, 16 healthy
[*] Telemetry: 2 critical, 0 warning, 16 healthy
[*] Telemetry: 2 critical, 0 warning, 16 healthy
[*] Telemetry: 2 critical, 0 warning, 16 healthy
[*] Telemetry: 2 critical, 0 warning, 16 healthy
[*] Telemetry: 2 critical, 0 warning, 16 healthy
[*] Telemetry: 2 critical, 0 warning, 16 healthy
[*] Telemetry: 2 critical, 0 warning, 16 healthy
[*] Telemetry: 2 critical, 0 warning, 16 healthy
[*] Telemetry: 2 critical, 0 warning, 16 healthy
[*] Telemetry: 2 critical, 0 warning, 16 healthy
[*] Telemetry: 2 critical, 0 warning, 16 healthy
[*] Telemetry: 2 critical, 0 warning, 16 healthy
[*] Telemetry: 2 critical, 0 warning, 16 healthy
[*] Telemetry: 2 critical, 0 warning, 16 healthy
[*] Telemetry: 2 critical, 0 warning, 16 healthy
[*] Telemetry: 2 critical, 0 warning, 16 healthy
[*] Telemetry: 2 critical, 0 warning, 16 healthy
[*] Telemetry: 2 critical, 0 warning, 16 healthy
[*] Telemetry: 2 critical, 0 warning, 16 healthy
[*] Telemetry: 2 critical, 0 warning, 16 healthy
[*] Telemetry: 2 critical, 0 warning, 16 healthy
[*] Telemetry: 2 critical, 0 warning, 16 healthy
[*] Telemetry: 2 critical, 0 warning, 16 healthy
[*] Telemetry: 2 critical, 0 warning, 16 healthy
[*] Telemetry: 2 critical, 0 warning, 16 healthy
[*] Telemetry: 2 critical, 0 warning, 16 healthy
[*] Telemetry: 2 critical, 0 warning, 16 healthy
[*] Telemetry: 2 critical, 0 warning, 16 healthy
[*] Telemetry: 2 critical, 0 warning, 16 healthy
[*] Telemetry: 2 critical, 0 warning, 16 healthy
[*] Telemetry: 2 critical, 0 warning, 16 healthy
[*] Telemetry: 2 critical, 0 warning, 16 healthy
[*] Telemetry: 2 critical, 0 warning, 16 healthy
[*] Telemetry: 2 critical, 0 warning, 16 healthy
[*] Telemetry: 2 critical, 0 warning, 16 healthy
[*] Telemetry: 2 critical, 0 warning, 16 healthy
[*] Telemetry: 2 critical, 0 warning, 16 healthy
[*] Telemetry: 2 critical, 0 warning, 16 healthy
[*] Telemetry: 2 critical, 0 warning, 16 healthy
[*] Telemetry: 2 critical, 0 warning, 16 healthy
[*] Telemetry: 2 critical, 0 warning, 16 healthy
[*] Telemetry: 2 critical, 0 warning, 16 healthy
[*] Telemetry: 2 critical, 0 warning, 16 healthy
[*] Telemetry: 2 critical, 0 warning, 16 healthy
[*] Telemetry: 2 critical, 0 warning, 16 healthy
[*] Telemetry: 2 critical, 0 warning, 16 healthy
[*] Telemetry: 2 critical, 0 warning, 16 healthy
[*] Telemetry: 2 critical, 0 warning, 16 healthy
[*] Telemetry: 2 critical, 0 warning, 16 healthy
[*] Telemetry: 2 critical, 0 warning, 16 healthy
[*] Telemetry: 2 critical, 0 warning, 16 healthy
[*] Telemetry: 2 critical, 0 warning, 16 healthy
[*] Telemetry: 2 critical, 0 warning, 16 healthy
[*] Telemetry: 2 critical, 0 warning, 16 healthy
[*] Telemetry: 2 critical, 0 warning, 16 healthy
[*] Telemetry: 2 critical, 0 warning, 16 healthy
[*] Telemetry: 2 critical, 0 warning, 16 healthy
  [*] Connecting to MongoDB...
[*] Telemetry: 2 critical, 0 warning, 16 healthy
  [*] MongoDB connection established
[*] Telemetry: 2 critical, 0 warning, 16 healthy
[*] MongoDB connected successfully with collections initialized
[INIT] Machine data directory: C:\Users\FAVOUR\aiops-mvp\data\raw\smd
[INIT] Existing machines: 28
[*] Machine data ready (28 machines)
[*] Telemetry: 2 critical, 0 warning, 16 healthy
[*] Initialized 5 approval requests in MongoDB
[*] Telemetry: 2 critical, 0 warning, 16 healthy
[*]  Initialization warning: 'charmap' codec can't encode characters in position 0-1: character maps to <undefined>
  [*] Connecting to MongoDB...
[*] Telemetry: 2 critical, 0 warning, 16 healthy
  [*] MongoDB connection established
[*] Telemetry: 2 critical, 0 warning, 16 healthy
[*] Telemetry: 2 critical, 0 warning, 16 healthy
[*] MongoDB connected successfully with collections initialized
[*] Telemetry: 2 critical, 0 warning, 16 healthy
[*] Telemetry: 2 critical, 0 warning, 16 healthy
[*] Initialized 5 approval requests in MongoDB
[*] Telemetry: 2 critical, 0 warning, 16 healthy
[*] Telemetry: 2 critical, 0 warning, 16 healthy
[*] Telemetry: 2 critical, 0 warning, 16 healthy
[*] Telemetry: 2 critical, 0 warning, 16 healthy
[*] Telemetry: 2 critical, 0 warning, 16 healthy
[*] Telemetry: 2 critical, 0 warning, 16 healthy
[*] Telemetry: 2 critical, 0 warning, 16 healthy
[*] Telemetry: 2 critical, 0 warning, 16 healthy
[*] Telemetry: 2 critical, 0 warning, 16 healthy
[*] Telemetry: 2 critical, 0 warning, 16 healthy
[*] Telemetry: 2 critical, 0 warning, 16 healthy
[*] Telemetry: 2 critical, 0 warning, 16 healthy
[*] Telemetry: 2 critical, 0 warning, 16 healthy
[*] Telemetry: 2 critical, 0 warning, 16 healthy
[*] Telemetry: 2 critical, 0 warning, 16 healthy
[*] Telemetry: 2 critical, 0 warning, 16 healthy
[*] Telemetry: 2 critical, 0 warning, 16 healthy
[*] Telemetry: 2 critical, 0 warning, 16 healthy
[*] Telemetry: 2 critical, 0 warning, 16 healthy
[*] Telemetry: 2 critical, 0 warning, 16 healthy
[*] Telemetry: 2 critical, 0 warning, 16 healthy
[*] Telemetry: 2 critical, 0 warning, 16 healthy
[*] Telemetry: 2 critical, 0 warning, 16 healthy
[*] Telemetry: 2 critical, 0 warning, 16 healthy
[*] Telemetry: 2 critical, 0 warning, 16 healthy
[*] Telemetry: 2 critical, 0 warning, 16 healthy
[*] Telemetry: 2 critical, 0 warning, 16 healthy
[*] Telemetry: 2 critical, 0 warning, 16 healthy
[*] Telemetry: 2 critical, 0 warning, 16 healthy
[*] Telemetry: 2 critical, 0 warning, 16 healthy
[*] Telemetry: 2 critical, 0 warning, 16 healthy
[*] Telemetry: 2 critical, 0 warning, 16 healthy
[*] Telemetry: 2 critical, 0 warning, 16 healthy
[*] Telemetry: 2 critical, 0 warning, 16 healthy
[*] Telemetry: 2 critical, 0 warning, 16 healthy
[*] Telemetry: 2 critical, 0 warning, 16 healthy
[*] Telemetry: 2 critical, 0 warning, 16 healthy
[*] Telemetry: 2 critical, 0 warning, 16 healthy
[*] Telemetry: 2 critical, 0 warning, 16 healthy
[*] Telemetry: 2 critical, 0 warning, 16 healthy
[*] Telemetry: 2 critical, 0 warning, 16 healthy
[*] Telemetry: 2 critical, 0 warning, 16 healthy
[*] Telemetry: 2 critical, 0 warning, 16 healthy
[*] Telemetry: 2 critical, 0 warning, 16 healthy
[*] Telemetry: 2 critical, 0 warning, 16 healthy
[*] Telemetry: 2 critical, 0 warning, 16 healthy
[*] Telemetry: 2 critical, 0 warning, 16 healthy
[*] Telemetry: 2 critical, 0 warning, 16 healthy
[*] Telemetry: 2 critical, 0 warning, 16 healthy
[*] Telemetry: 2 critical, 0 warning, 16 healthy
[*] Telemetry: 2 critical, 0 warning, 16 healthy
[*] Telemetry: 2 critical, 0 warning, 16 healthy
[*] Telemetry: 2 critical, 0 warning, 16 healthy
[*] Telemetry: 2 critical, 0 warning, 16 healthy
[*] Telemetry: 2 critical, 0 warning, 16 healthy
[*] Telemetry: 2 critical, 0 warning, 16 healthy
[*] Telemetry: 2 critical, 0 warning, 16 healthy
[*] Telemetry: 2 critical, 0 warning, 16 healthy
[*] Telemetry: 2 critical, 0 warning, 16 healthy
[*] Telemetry: 2 critical, 0 warning, 16 healthy
[*] Telemetry: 2 critical, 0 warning, 16 healthy
[*] Telemetry: 2 critical, 0 warning, 16 healthy
[*] Telemetry: 2 critical, 0 warning, 16 healthy
[*] Telemetry: 2 critical, 0 warning, 16 healthy
[*] Telemetry: 2 critical, 0 warning, 16 healthy
[*] Telemetry: 2 critical, 0 warning, 16 healthy
[*] Telemetry: 2 critical, 0 warning, 16 healthy
[*] Telemetry: 2 critical, 0 warning, 16 healthy
[*] Telemetry: 2 critical, 0 warning, 16 healthy
[*] Telemetry: 2 critical, 0 warning, 16 healthy
[*] Telemetry: 2 critical, 0 warning, 16 healthy
[*] Telemetry: 2 critical, 0 warning, 16 healthy
[*] Telemetry: 2 critical, 0 warning, 16 healthy
[*] Telemetry: 2 critical, 0 warning, 16 healthy
[*] Telemetry: 2 critical, 0 warning, 16 healthy
[*] Telemetry: 2 critical, 0 warning, 16 healthy
[*] Telemetry: 2 critical, 0 warning, 16 healthy
[*] Telemetry: 2 critical, 0 warning, 16 healthy
[*] Telemetry: 2 critical, 0 warning, 16 healthy
[*] Telemetry: 2 critical, 0 warning, 16 healthy
[*] Telemetry: 2 critical, 0 warning, 16 healthy
[*] Telemetry: 2 critical, 0 warning, 16 healthy
[*] Telemetry: 2 critical, 0 warning, 16 healthy
[*] Telemetry: 2 critical, 0 warning, 16 healthy
[*] Telemetry: 2 critical, 0 warning, 16 healthy
[*] Telemetry: 2 critical, 0 warning, 16 healthy
[*] Telemetry: 2 critical, 0 warning, 16 healthy
[*] Telemetry: 2 critical, 0 warning, 16 healthy
[*] Telemetry: 2 critical, 0 warning, 16 healthy
[*] Telemetry: 2 critical, 0 warning, 16 healthy
[*] Telemetry: 2 critical, 0 warning, 16 healthy
[*] Telemetry: 2 critical, 0 warning, 16 healthy
[*] Telemetry: 2 critical, 0 warning, 16 healthy
[*] Telemetry: 2 critical, 0 warning, 16 healthy
[*] Telemetry: 2 critical, 0 warning, 16 healthy
[*] Telemetry: 2 critical, 0 warning, 16 healthy
[*] Telemetry: 2 critical, 0 warning, 16 healthy
[*] Telemetry: 2 critical, 0 warning, 16 healthy
[*] Telemetry: 2 critical, 0 warning, 16 healthy
[*] Telemetry: 2 critical, 0 warning, 16 healthy
[*] Telemetry: 2 critical, 0 warning, 16 healthy
[*] Telemetry: 2 critical, 0 warning, 16 healthy
[*] Telemetry: 2 critical, 0 warning, 16 healthy
[*] Telemetry: 2 critical, 0 warning, 16 healthy
[*] Telemetry: 2 critical, 0 warning, 16 healthy
[*] Telemetry: 2 critical, 0 warning, 16 healthy
[*] Telemetry: 2 critical, 0 warning, 16 healthy
[*] Telemetry: 2 critical, 0 warning, 16 healthy
[*] Telemetry: 2 critical, 0 warning, 16 healthy
[*] Telemetry: 2 critical, 0 warning, 16 healthy
[*] Telemetry: 2 critical, 0 warning, 16 healthy
[*] Telemetry: 2 critical, 0 warning, 16 healthy
[*] Telemetry: 2 critical, 0 warning, 16 healthy
[*] Telemetry: 2 critical, 0 warning, 16 healthy
[*] Telemetry: 2 critical, 0 warning, 16 healthy
[*] Telemetry: 2 critical, 0 warning, 16 healthy
[*] Telemetry: 2 critical, 0 warning, 16 healthy
[*] Telemetry: 2 critical, 0 warning, 16 healthy
[*] Telemetry: 2 critical, 0 warning, 16 healthy
[*] Telemetry: 2 critical, 0 warning, 16 healthy
[*] Telemetry: 2 critical, 0 warning, 16 healthy
[*] Telemetry: 2 critical, 0 warning, 16 healthy
[*] Telemetry: 2 critical, 0 warning, 16 healthy
[*] Telemetry: 2 critical, 0 warning, 16 healthy
[*] Telemetry: 2 critical, 0 warning, 16 healthy
[*] Telemetry: 2 critical, 0 warning, 16 healthy
[*] Telemetry: 2 critical, 0 warning, 16 healthy
[*] Telemetry: 2 critical, 0 warning, 16 healthy
[*] Telemetry: 2 critical, 0 warning, 16 healthy
[*] Telemetry: 2 critical, 0 warning, 16 healthy
[*] Telemetry: 2 critical, 0 warning, 16 healthy
[*] Telemetry: 2 critical, 0 warning, 16 healthy
[*] Telemetry: 2 critical, 0 warning, 16 healthy
[*] Telemetry: 2 critical, 0 warning, 16 healthy
[*] Telemetry: 2 critical, 0 warning, 16 healthy
[*] Telemetry: 2 critical, 0 warning, 16 healthy
[*] Telemetry: 2 critical, 0 warning, 16 healthy
[*] Telemetry: 2 critical, 0 warning, 16 healthy
[*] Telemetry: 2 critical, 0 warning, 16 healthy
[*] Telemetry: 2 critical, 0 warning, 16 healthy
[*] Telemetry: 2 critical, 0 warning, 16 healthy
[*] Telemetry: 2 critical, 0 warning, 16 healthy
[*] Telemetry: 2 critical, 0 warning, 16 healthy
[*] Telemetry: 2 critical, 0 warning, 16 healthy
[*] Telemetry: 2 critical, 0 warning, 16 healthy
[*] Telemetry: 2 critical, 0 warning, 16 healthy
[*] Telemetry: 2 critical, 0 warning, 16 healthy
[*] Telemetry: 2 critical, 0 warning, 16 healthy
[*] Telemetry: 2 critical, 0 warning, 16 healthy
[*] Telemetry: 2 critical, 0 warning, 16 healthy
[*] Telemetry: 2 critical, 0 warning, 16 healthy
[*] Telemetry: 2 critical, 0 warning, 16 healthy
[*] Telemetry: 2 critical, 0 warning, 16 healthy
[*] Telemetry: 2 critical, 0 warning, 16 healthy
[*] Telemetry: 2 critical, 0 warning, 16 healthy
[*] Telemetry: 2 critical, 0 warning, 16 healthy
[*] Telemetry: 2 critical, 0 warning, 16 healthy
[*] Telemetry: 2 critical, 0 warning, 16 healthy
[*] Telemetry: 2 critical, 0 warning, 16 healthy
[*] Telemetry: 2 critical, 0 warning, 16 healthy
[*] Telemetry: 2 critical, 0 warning, 16 healthy
[*] Telemetry: 2 critical, 0 warning, 16 healthy
[*] Telemetry: 2 critical, 0 warning, 16 healthy
[*] Telemetry: 2 critical, 0 warning, 16 healthy
[*] Telemetry: 2 critical, 0 warning, 16 healthy
[*] Telemetry: 2 critical, 0 warning, 16 healthy
[*] Telemetry: 2 critical, 0 warning, 16 healthy
[*] Telemetry: 2 critical, 0 warning, 16 healthy
[*] Telemetry: 2 critical, 0 warning, 16 healthy
[*] Telemetry: 2 critical, 0 warning, 16 healthy
[*] Telemetry: 2 critical, 0 warning, 16 healthy
[*] Telemetry: 2 critical, 0 warning, 16 healthy
[*] Telemetry: 2 critical, 0 warning, 16 healthy
[*] Telemetry: 2 critical, 0 warning, 16 healthy
[*] Telemetry: 2 critical, 0 warning, 16 healthy
[*] Telemetry: 2 critical, 0 warning, 16 healthy
[*] Telemetry: 2 critical, 0 warning, 16 healthy
[*] Telemetry: 2 critical, 0 warning, 16 healthy
[*] Telemetry: 2 critical, 0 warning, 16 healthy
[*] Telemetry: 2 critical, 0 warning, 16 healthy
[*] Telemetry: 2 critical, 0 warning, 16 healthy
[*] Telemetry: 2 critical, 0 warning, 16 healthy
[*] Telemetry: 2 critical, 0 warning, 16 healthy
[*] Telemetry: 2 critical, 0 warning, 16 healthy
[*] Telemetry: 2 critical, 0 warning, 16 healthy
[*] Telemetry: 2 critical, 0 warning, 16 healthy
[*] Telemetry: 2 critical, 0 warning, 16 healthy
[*] Telemetry: 2 critical, 0 warning, 16 healthy
[*] Telemetry: 2 critical, 0 warning, 16 healthy
[*] Telemetry: 2 critical, 0 warning, 16 healthy
[*] Telemetry: 2 critical, 0 warning, 16 healthy
[*] Telemetry: 2 critical, 0 warning, 16 healthy
[*] Telemetry: 2 critical, 0 warning, 16 healthy
[*] Telemetry: 2 critical, 0 warning, 16 healthy
[*] Telemetry: 2 critical, 0 warning, 16 healthy
[*] Telemetry: 2 critical, 0 warning, 16 healthy
[*] Telemetry: 2 critical, 0 warning, 16 healthy
[*] Telemetry: 2 critical, 0 warning, 16 healthy
[*] Telemetry: 2 critical, 0 warning, 16 healthy
[*] Telemetry: 2 critical, 0 warning, 16 healthy
[*] Telemetry: 2 critical, 0 warning, 16 healthy
[*] Telemetry: 2 critical, 0 warning, 16 healthy
[*] Telemetry: 2 critical, 0 warning, 16 healthy
[*] Telemetry: 2 critical, 0 warning, 16 healthy
[*] Telemetry: 2 critical, 0 warning, 16 healthy
[*] Telemetry: 2 critical, 0 warning, 16 healthy
[*] Telemetry: 2 critical, 0 warning, 16 healthy
[*] Telemetry: 2 critical, 0 warning, 16 healthy
[*] Telemetry: 2 critical, 0 warning, 16 healthy
[*] Telemetry: 2 critical, 0 warning, 16 healthy
[*] Telemetry: 2 critical, 0 warning, 16 healthy
[*] Telemetry: 2 critical, 0 warning, 16 healthy
[*] Telemetry: 2 critical, 0 warning, 16 healthy
[*] Telemetry: 2 critical, 0 warning, 16 healthy
[*] Telemetry: 2 critical, 0 warning, 16 healthy
[*] Telemetry: 2 critical, 0 warning, 16 healthy
[*] Telemetry: 2 critical, 0 warning, 16 healthy
[*] Telemetry: 2 critical, 0 warning, 16 healthy
[*] Telemetry: 2 critical, 0 warning, 16 healthy
[*] Telemetry: 2 critical, 0 warning, 16 healthy
[*] Telemetry: 2 critical, 0 warning, 16 healthy
[*] Telemetry: 2 critical, 0 warning, 16 healthy
[*] Telemetry: 2 critical, 0 warning, 16 healthy
[*] Telemetry: 2 critical, 0 warning, 16 healthy
[*] Telemetry: 2 critical, 0 warning, 16 healthy
[*] Telemetry: 2 critical, 0 warning, 16 healthy
[*] Telemetry: 2 critical, 0 warning, 16 healthy
[*] Telemetry: 2 critical, 0 warning, 16 healthy
[*] Telemetry: 2 critical, 0 warning, 16 healthy
[*] Telemetry: 2 critical, 0 warning, 16 healthy
[*] Telemetry: 2 critical, 0 warning, 16 healthy
[*] Telemetry: 2 critical, 0 warning, 16 healthy
[*] Telemetry: 2 critical, 0 warning, 16 healthy
[*] Telemetry: 2 critical, 0 warning, 16 healthy
[*] Telemetry: 2 critical, 0 warning, 16 healthy
[*] Telemetry: 2 critical, 0 warning, 16 healthy
[*] Telemetry: 2 critical, 0 warning, 16 healthy
[*] Telemetry: 2 critical, 0 warning, 16 healthy
[*] Telemetry: 2 critical, 0 warning, 16 healthy
[*] Telemetry: 2 critical, 0 warning, 16 healthy
[*] Telemetry: 2 critical, 0 warning, 16 healthy
[*] Telemetry: 2 critical, 0 warning, 16 healthy
[*] Telemetry: 2 critical, 0 warning, 16 healthy
[*] Telemetry: 2 critical, 0 warning, 16 healthy
[*] Telemetry: 2 critical, 0 warning, 16 healthy
[*] Telemetry: 2 critical, 0 warning, 16 healthy
[*] Telemetry: 2 critical, 0 warning, 16 healthy
[*] Telemetry: 2 critical, 0 warning, 16 healthy
[*] Telemetry: 2 critical, 0 warning, 16 healthy
[*] Telemetry: 2 critical, 0 warning, 16 healthy
[*] Telemetry: 2 critical, 0 warning, 16 healthy
[*] Telemetry: 2 critical, 0 warning, 16 healthy
[*] Telemetry: 2 critical, 0 warning, 16 healthy
[*] Telemetry: 2 critical, 0 warning, 16 healthy
[*] Telemetry: 2 critical, 0 warning, 16 healthy
[*] Telemetry: 2 critical, 0 warning, 16 healthy
[*] Telemetry: 2 critical, 0 warning, 16 healthy
[*] Telemetry: 2 critical, 0 warning, 16 healthy
[*] Telemetry: 2 critical, 0 warning, 16 healthy
[*] Telemetry: 2 critical, 0 warning, 16 healthy
[*] Telemetry: 2 critical, 0 warning, 16 healthy
[*] Telemetry: 2 critical, 0 warning, 16 healthy
[*] Telemetry: 2 critical, 0 warning, 16 healthy
[*] Telemetry: 2 critical, 0 warning, 16 healthy
[*] Telemetry: 2 critical, 0 warning, 16 healthy
[*] Telemetry: 2 critical, 0 warning, 16 healthy
[*] Telemetry: 2 critical, 0 warning, 16 healthy
[*] Telemetry: 2 critical, 0 warning, 16 healthy
[*] Telemetry: 2 critical, 0 warning, 16 healthy
[*] Telemetry: 2 critical, 0 warning, 16 healthy
[*] Telemetry: 2 critical, 0 warning, 16 healthy
[*] Telemetry: 2 critical, 0 warning, 16 healthy
[*] Telemetry: 2 critical, 0 warning, 16 healthy
[*] Telemetry: 2 critical, 0 warning, 16 healthy
[*] Telemetry: 2 critical, 0 warning, 16 healthy
[*] Telemetry: 2 critical, 0 warning, 16 healthy
[*] Telemetry: 2 critical, 0 warning, 16 healthy
[*] Telemetry: 2 critical, 0 warning, 16 healthy
[*] Telemetry: 2 critical, 0 warning, 16 healthy
[*] Telemetry: 2 critical, 0 warning, 16 healthy
[*] Telemetry: 2 critical, 0 warning, 16 healthy
[*] Telemetry: 2 critical, 0 warning, 16 healthy
[*] Telemetry: 2 critical, 0 warning, 16 healthy
[*] Telemetry: 2 critical, 0 warning, 16 healthy
[*] Telemetry: 2 critical, 0 warning, 16 healthy
[*] Telemetry: 2 critical, 0 warning, 16 healthy
[*] Telemetry: 2 critical, 0 warning, 16 healthy
[*] Telemetry: 2 critical, 0 warning, 16 healthy
[*] Telemetry: 2 critical, 0 warning, 16 healthy
[*] Telemetry: 2 critical, 0 warning, 16 healthy
[*] Telemetry: 2 critical, 0 warning, 16 healthy
[*] Telemetry: 2 critical, 0 warning, 16 healthy
[*] Telemetry: 2 critical, 0 warning, 16 healthy
[*] Telemetry: 2 critical, 0 warning, 16 healthy
[*] Telemetry: 2 critical, 0 warning, 16 healthy
[*] Telemetry: 2 critical, 0 warning, 16 healthy
[*] Telemetry: 2 critical, 0 warning, 16 healthy
[*] Telemetry: 2 critical, 0 warning, 16 healthy
[*] Telemetry: 2 critical, 0 warning, 16 healthy
[*] Telemetry: 2 critical, 0 warning, 16 healthy
[*] Telemetry: 2 critical, 0 warning, 16 healthy
[*] Telemetry: 2 critical, 0 warning, 16 healthy
[*] Telemetry: 2 critical, 0 warning, 16 healthy
[*] Telemetry: 2 critical, 0 warning, 16 healthy
[*] Telemetry: 2 critical, 0 warning, 16 healthy
[*] Telemetry: 2 critical, 0 warning, 16 healthy
[*] Telemetry: 2 critical, 0 warning, 16 healthy
[*] Telemetry: 2 critical, 0 warning, 16 healthy
[*] Telemetry: 2 critical, 0 warning, 16 healthy
[*] Telemetry: 2 critical, 0 warning, 16 healthy
[*] Telemetry: 2 critical, 0 warning, 16 healthy
[*] Telemetry: 2 critical, 0 warning, 16 healthy
[*] Telemetry: 2 critical, 0 warning, 16 healthy
[*] Telemetry: 2 critical, 0 warning, 16 healthy
[*] Telemetry: 2 critical, 0 warning, 16 healthy
[*] Telemetry: 2 critical, 0 warning, 16 healthy
[*] Telemetry: 2 critical, 0 warning, 16 healthy
[*] Telemetry: 2 critical, 0 warning, 16 healthy
[*] Telemetry: 2 critical, 0 warning, 16 healthy
[*] Telemetry: 2 critical, 0 warning, 16 healthy
[*] Telemetry: 2 critical, 0 warning, 16 healthy
[*] Telemetry: 2 critical, 0 warning, 16 healthy
[*] Telemetry: 2 critical, 0 warning, 16 healthy
[*] Telemetry: 2 critical, 0 warning, 16 healthy
[*] Telemetry: 2 critical, 0 warning, 16 healthy
[*] Telemetry: 2 critical, 0 warning, 16 healthy
[*] Telemetry: 2 critical, 0 warning, 16 healthy
[*] Telemetry: 2 critical, 0 warning, 16 healthy
[*] Telemetry: 2 critical, 0 warning, 16 healthy
[*] Telemetry: 2 critical, 0 warning, 16 healthy
[*] Telemetry: 2 critical, 0 warning, 16 healthy
[*] Telemetry: 2 critical, 0 warning, 16 healthy
[*] Telemetry: 2 critical, 0 warning, 16 healthy
[*] Telemetry: 2 critical, 0 warning, 16 healthy
[*] Telemetry: 2 critical, 0 warning, 16 healthy
[*] Telemetry: 2 critical, 0 warning, 16 healthy
[*] Telemetry: 2 critical, 0 warning, 16 healthy
[*] Telemetry: 2 critical, 0 warning, 16 healthy
[*] Telemetry: 2 critical, 0 warning, 16 healthy
[*] Telemetry: 2 critical, 0 warning, 16 healthy
[*] Telemetry: 2 critical, 0 warning, 16 healthy
[*] Telemetry: 2 critical, 0 warning, 16 healthy
[*] Telemetry: 2 critical, 0 warning, 16 healthy
[*] Telemetry: 2 critical, 0 warning, 16 healthy
[*] Telemetry: 2 critical, 0 warning, 16 healthy
[*] Telemetry: 2 critical, 0 warning, 16 healthy
[*] Telemetry: 2 critical, 0 warning, 16 healthy
[*] Telemetry: 2 critical, 0 warning, 16 healthy
[*] Telemetry: 2 critical, 0 warning, 16 healthy
[*] Telemetry: 2 critical, 0 warning, 16 healthy
[*] Telemetry: 2 critical, 0 warning, 16 healthy
[*] Telemetry: 2 critical, 0 warning, 16 healthy
[*] Telemetry: 2 critical, 0 warning, 16 healthy
[*] Telemetry: 2 critical, 0 warning, 16 healthy
[*] Telemetry: 2 critical, 0 warning, 16 healthy
[*] Telemetry: 2 critical, 0 warning, 16 healthy
[*] Telemetry: 2 critical, 0 warning, 16 healthy
[*] Telemetry: 2 critical, 0 warning, 16 healthy
[*] Telemetry: 2 critical, 0 warning, 16 healthy
[*] Telemetry: 2 critical, 0 warning, 16 healthy
[*] Telemetry: 2 critical, 0 warning, 16 healthy
[*] Telemetry: 2 critical, 0 warning, 16 healthy
[*] Telemetry: 2 critical, 0 warning, 16 healthy
[*] Telemetry: 2 critical, 0 warning, 16 healthy
[*] Telemetry: 2 critical, 0 warning, 16 healthy
[*] Telemetry: 2 critical, 0 warning, 16 healthy
[*] Telemetry: 2 critical, 0 warning, 16 healthy
[*] Telemetry: 2 critical, 0 warning, 16 healthy
[*] Telemetry: 2 critical, 0 warning, 16 healthy
[*] Telemetry: 2 critical, 0 warning, 16 healthy
[*] Telemetry: 2 critical, 0 warning, 16 healthy
[*] Telemetry: 2 critical, 0 warning, 16 healthy
[*] Telemetry: 2 critical, 0 warning, 16 healthy
[*] Telemetry: 2 critical, 0 warning, 16 healthy
[*] Telemetry: 2 critical, 0 warning, 16 healthy
[*] Telemetry: 2 critical, 0 warning, 16 healthy
[*] Telemetry: 2 critical, 0 warning, 16 healthy
[*] Telemetry: 2 critical, 0 warning, 16 healthy
[*] Telemetry: 2 critical, 0 warning, 16 healthy
[*] Telemetry: 2 critical, 0 warning, 16 healthy
[*] Telemetry: 2 critical, 0 warning, 16 healthy
[*] Telemetry: 2 critical, 0 warning, 16 healthy
[*] Telemetry: 2 critical, 0 warning, 16 healthy
[*] Telemetry: 2 critical, 0 warning, 16 healthy
[*] Telemetry: 2 critical, 0 warning, 16 healthy
[*] Telemetry: 2 critical, 0 warning, 16 healthy
[*] Telemetry: 2 critical, 0 warning, 16 healthy
[*] Telemetry: 2 critical, 0 warning, 16 healthy
[*] Telemetry: 2 critical, 0 warning, 16 healthy
[*] Telemetry: 2 critical, 0 warning, 16 healthy
[*] Telemetry: 2 critical, 0 warning, 16 healthy
[*] Telemetry: 2 critical, 0 warning, 16 healthy
[*] Telemetry: 2 critical, 0 warning, 16 healthy
[*] Telemetry: 2 critical, 0 warning, 16 healthy
[*] Telemetry: 2 critical, 0 warning, 16 healthy
[*] Telemetry: 2 critical, 0 warning, 16 healthy
[*] Telemetry: 2 critical, 0 warning, 16 healthy
[*] Telemetry: 2 critical, 0 warning, 16 healthy
[*] Telemetry: 2 critical, 0 warning, 16 healthy
[*] Telemetry: 2 critical, 0 warning, 16 healthy
[*] Telemetry: 2 critical, 0 warning, 16 healthy
[*] Telemetry: 2 critical, 0 warning, 16 healthy
[*] Telemetry: 2 critical, 0 warning, 16 healthy
[*] Telemetry: 2 critical, 0 warning, 16 healthy
[*] Telemetry: 2 critical, 0 warning, 16 healthy
[*] Telemetry: 2 critical, 0 warning, 16 healthy
[*] Telemetry: 2 critical, 0 warning, 16 healthy
[*] Telemetry: 2 critical, 0 warning, 16 healthy
[*] Telemetry: 2 critical, 0 warning, 16 healthy
[*] Telemetry: 2 critical, 0 warning, 16 healthy
[*] Telemetry: 2 critical, 0 warning, 16 healthy
[*] Telemetry: 2 critical, 0 warning, 16 healthy
[*] Telemetry: 2 critical, 0 warning, 16 healthy
[*] Telemetry: 2 critical, 0 warning, 16 healthy
[*] Telemetry: 2 critical, 0 warning, 16 healthy
[*] Telemetry: 2 critical, 0 warning, 16 healthy
[*] Telemetry: 2 critical, 0 warning, 16 healthy
[*] Telemetry: 2 critical, 0 warning, 16 healthy
[*] Telemetry: 2 critical, 0 warning, 16 healthy
[*] Telemetry: 2 critical, 0 warning, 16 healthy
[*] Telemetry: 2 critical, 0 warning, 16 healthy
[*] Telemetry: 2 critical, 0 warning, 16 healthy
[*] Telemetry: 2 critical, 0 warning, 16 healthy
[*] Telemetry: 2 critical, 0 warning, 16 healthy
[*] Telemetry: 2 critical, 0 warning, 16 healthy
[*] Telemetry: 2 critical, 0 warning, 16 healthy
[*] Telemetry: 2 critical, 0 warning, 16 healthy
[*] Telemetry: 2 critical, 0 warning, 16 healthy
[*] Telemetry: 2 critical, 0 warning, 16 healthy
[*] Telemetry: 2 critical, 0 warning, 16 healthy
[*] Telemetry: 2 critical, 0 warning, 16 healthy
[*] Telemetry: 2 critical, 0 warning, 16 healthy
[*] Telemetry: 2 critical, 0 warning, 16 healthy
[*] Telemetry: 2 critical, 0 warning, 16 healthy
[*] Telemetry: 2 critical, 0 warning, 16 healthy
[*] Telemetry: 2 critical, 0 warning, 16 healthy
[*] Telemetry: 2 critical, 0 warning, 16 healthy
[*] Telemetry: 2 critical, 0 warning, 16 healthy
[*] Telemetry: 2 critical, 0 warning, 16 healthy
[*] Telemetry: 2 critical, 0 warning, 16 healthy
[*] Telemetry: 2 critical, 0 warning, 16 healthy
[*] Telemetry: 2 critical, 0 warning, 16 healthy
[*] Telemetry: 2 critical, 0 warning, 16 healthy
[*] Telemetry: 2 critical, 0 warning, 16 healthy
[*] Telemetry: 2 critical, 0 warning, 16 healthy
[*] Telemetry: 2 critical, 0 warning, 16 healthy
[*] Telemetry: 2 critical, 0 warning, 16 healthy
[*] Telemetry: 2 critical, 0 warning, 16 healthy
[*] Telemetry: 2 critical, 0 warning, 16 healthy
[*] Telemetry: 2 critical, 0 warning, 16 healthy
[*] Telemetry: 2 critical, 0 warning, 16 healthy
[*] Telemetry: 2 critical, 0 warning, 16 healthy
[*] Telemetry: 2 critical, 0 warning, 16 healthy
[*] Telemetry: 2 critical, 0 warning, 16 healthy
[*] Telemetry: 2 critical, 0 warning, 16 healthy
[*] Telemetry: 2 critical, 0 warning, 16 healthy
[*] Telemetry: 2 critical, 0 warning, 16 healthy
[*] Telemetry: 2 critical, 0 warning, 16 healthy
[*] Telemetry: 2 critical, 0 warning, 16 healthy
[*] Telemetry: 2 critical, 0 warning, 16 healthy
[*] Telemetry: 2 critical, 0 warning, 16 healthy
[*] Telemetry: 2 critical, 0 warning, 16 healthy
[*] Telemetry: 2 critical, 0 warning, 16 healthy
[*] Telemetry: 2 critical, 0 warning, 16 healthy
[*] Telemetry: 2 critical, 0 warning, 16 healthy
[*] Telemetry: 2 critical, 0 warning, 16 healthy
[*] Telemetry: 2 critical, 0 warning, 16 healthy
[*] Telemetry: 2 critical, 0 warning, 16 healthy
[*] Telemetry: 2 critical, 0 warning, 16 healthy
[*] Telemetry: 2 critical, 0 warning, 16 healthy
[*] Telemetry: 2 critical, 0 warning, 16 healthy
[*] Telemetry: 2 critical, 0 warning, 16 healthy
[*] Telemetry: 2 critical, 0 warning, 16 healthy
[*] Telemetry: 2 critical, 0 warning, 16 healthy
[*] Telemetry: 2 critical, 0 warning, 16 healthy
[*] Telemetry: 2 critical, 0 warning, 16 healthy
[*] Telemetry: 2 critical, 0 warning, 16 healthy
[*] Telemetry: 2 critical, 0 warning, 16 healthy
[*] WebSocket connection attempt without token: etDi-kDo7G5AiymEAAAB
[*] Rejecting unauthenticated WebSocket connection: etDi-kDo7G5AiymEAAAB
[*] WebSocket connection attempt without token: 4z1NgmWKQ-DCWizXAAAD
[*] Rejecting unauthenticated WebSocket connection: 4z1NgmWKQ-DCWizXAAAD
Error on request:
Traceback (most recent call last):
  File "C:\Users\FAVOUR\AppData\Local\Programs\Python\Python311\Lib\site-packages\engineio\async_drivers\_websocket_wsgi.py", line 28, in send
    return self.ws.send(message)
           ^^^^^^^^^^^^^^^^^^^^^
  File "C:\Users\FAVOUR\AppData\Local\Programs\Python\Python311\Lib\site-packages\simple_websocket\ws.py", line 78, in send
    raise ConnectionClosed(self.close_reason, self.close_message)
simple_websocket.errors.ConnectionClosed: Connection closed: 1005 

During handling of the above exception, another exception occurred:

Traceback (most recent call last):
  File "C:\Users\FAVOUR\AppData\Local\Programs\Python\Python311\Lib\site-packages\werkzeug\serving.py", line 371, in run_wsgi
    execute(self.server.app)
  File "C:\Users\FAVOUR\AppData\Local\Programs\Python\Python311\Lib\site-packages\werkzeug\serving.py", line 332, in execute
    application_iter = app(environ, start_response)
                       ^^^^^^^^^^^^^^^^^^^^^^^^^^^^
  File "C:\Users\FAVOUR\AppData\Local\Programs\Python\Python311\Lib\site-packages\flask\app.py", line 1478, in __call__
    return self.wsgi_app(environ, start_response)
           ^^^^^^^^^^^^^^^^^^^^^^^^^^^^^^^^^^^^^^
  File "C:\Users\FAVOUR\AppData\Local\Programs\Python\Python311\Lib\site-packages\flask_socketio\__init__.py", line 42, in __call__
    return super().__call__(environ, start_response)
           ^^^^^^^^^^^^^^^^^^^^^^^^^^^^^^^^^^^^^^^^^
  File "C:\Users\FAVOUR\AppData\Local\Programs\Python\Python311\Lib\site-packages\engineio\middleware.py", line 63, in __call__
    return self.engineio_app.handle_request(environ, start_response)
           ^^^^^^^^^^^^^^^^^^^^^^^^^^^^^^^^^^^^^^^^^^^^^^^^^^^^^^^^^
  File "C:\Users\FAVOUR\AppData\Local\Programs\Python\Python311\Lib\site-packages\socketio\server.py", line 437, in handle_request
    return self.eio.handle_request(environ, start_response)
           ^^^^^^^^^^^^^^^^^^^^^^^^^^^^^^^^^^^^^^^^^^^^^^^^
  File "C:\Users\FAVOUR\AppData\Local\Programs\Python\Python311\Lib\site-packages\engineio\server.py", line 287, in handle_request
    packets = socket.handle_get_request(
              ^^^^^^^^^^^^^^^^^^^^^^^^^^
  File "C:\Users\FAVOUR\AppData\Local\Programs\Python\Python311\Lib\site-packages\engineio\socket.py", line 92, in handle_get_request
    return getattr(self, '_upgrade_' + transport)(environ,
           ^^^^^^^^^^^^^^^^^^^^^^^^^^^^^^^^^^^^^^^^^^^^^^^
  File "C:\Users\FAVOUR\AppData\Local\Programs\Python\Python311\Lib\site-packages\engineio\socket.py", line 153, in _upgrade_websocket
    return ws(environ, start_response)
           ^^^^^^^^^^^^^^^^^^^^^^^^^^^
  File "C:\Users\FAVOUR\AppData\Local\Programs\Python\Python311\Lib\site-packages\engineio\async_drivers\_websocket_wsgi.py", line 15, in __call__
    ret = self.app(self)
          ^^^^^^^^^^^^^^
  File "C:\Users\FAVOUR\AppData\Local\Programs\Python\Python311\Lib\site-packages\engineio\socket.py", line 182, in _websocket_handler
    ws.send(packet.Packet(packet.PONG, data='probe').encode())
  File "C:\Users\FAVOUR\AppData\Local\Programs\Python\Python311\Lib\site-packages\engineio\async_drivers\_websocket_wsgi.py", line 30, in send
    raise OSError()
OSError
[*] WebSocket connection attempt without token: Ac69R4JI8g9ZnsEcAAAF
[*] Rejecting unauthenticated WebSocket connection: Ac69R4JI8g9ZnsEcAAAF
[*] Telemetry: 2 critical, 0 warning, 16 healthy
[*] Telemetry: 2 critical, 0 warning, 16 healthy
[*] Telemetry: 2 critical, 0 warning, 16 healthy
[*] Telemetry: 2 critical, 0 warning, 16 healthy
[*] Telemetry: 2 critical, 0 warning, 16 healthy
[*] Telemetry: 2 critical, 0 warning, 16 healthy
[*] Telemetry: 2 critical, 0 warning, 16 healthy
[*] Telemetry: 2 critical, 0 warning, 16 healthy
[*] Telemetry: 2 critical, 0 warning, 16 healthy
[*] Telemetry: 2 critical, 0 warning, 16 healthy
[*] Telemetry: 2 critical, 0 warning, 16 healthy
[*] Telemetry: 2 critical, 0 warning, 16 healthy
[*] Telemetry: 2 critical, 0 warning, 16 healthy
[*] Telemetry: 2 critical, 0 warning, 16 healthy
[*] Telemetry: 2 critical, 0 warning, 16 healthy
[*] Telemetry: 2 critical, 0 warning, 16 healthy
[*] Telemetry: 2 critical, 0 warning, 16 healthy
[*] Telemetry: 2 critical, 0 warning, 16 healthy
[*] Telemetry: 2 critical, 0 warning, 16 healthy
[*] Telemetry: 2 critical, 0 warning, 16 healthy
[*] Telemetry: 2 critical, 0 warning, 16 healthy
[*] Telemetry: 2 critical, 0 warning, 16 healthy
[*] Telemetry: 2 critical, 0 warning, 16 healthy
[*] Telemetry: 2 critical, 0 warning, 16 healthy
[*] Telemetry: 2 critical, 0 warning, 16 healthy
[*] Telemetry: 2 critical, 0 warning, 16 healthy
[*] Telemetry: 2 critical, 0 warning, 16 healthy
[*] Telemetry: 2 critical, 0 warning, 16 healthy
[*] Telemetry: 2 critical, 0 warning, 16 healthy
[*] Telemetry: 2 critical, 0 warning, 16 healthy
[*] Telemetry: 2 critical, 0 warning, 16 healthy
[*] Telemetry: 2 critical, 0 warning, 16 healthy
[*] Telemetry: 2 critical, 0 warning, 16 healthy
[*] Telemetry: 2 critical, 0 warning, 16 healthy
[*] Telemetry: 2 critical, 0 warning, 16 healthy
[*] Telemetry: 2 critical, 0 warning, 16 healthy
[*] Telemetry: 2 critical, 0 warning, 16 healthy
[*] Telemetry: 2 critical, 0 warning, 16 healthy
[*] Telemetry: 2 critical, 0 warning, 16 healthy
[*] Telemetry: 2 critical, 0 warning, 16 healthy
[*] Telemetry: 2 critical, 0 warning, 16 healthy
[*] Telemetry: 2 critical, 0 warning, 16 healthy
[*] Telemetry: 2 critical, 0 warning, 16 healthy
[*] Telemetry: 2 critical, 0 warning, 16 healthy
[*] Telemetry: 2 critical, 0 warning, 16 healthy
[*] Telemetry: 2 critical, 0 warning, 16 healthy
[*] Telemetry: 2 critical, 0 warning, 16 healthy
[*] Telemetry: 2 critical, 0 warning, 16 healthy
[*] Telemetry: 2 critical, 0 warning, 16 healthy
[*] Telemetry: 2 critical, 0 warning, 16 healthy
[*] Telemetry: 2 critical, 0 warning, 16 healthy
[*] Telemetry: 2 critical, 0 warning, 16 healthy
[*] Telemetry: 2 critical, 0 warning, 16 healthy
[*] Telemetry: 2 critical, 0 warning, 16 healthy
[*] Telemetry: 2 critical, 0 warning, 16 healthy
[*] Telemetry: 2 critical, 0 warning, 16 healthy
[*] Telemetry: 2 critical, 0 warning, 16 healthy
[*] Telemetry: 2 critical, 0 warning, 16 healthy
[*] Telemetry: 2 critical, 0 warning, 16 healthy
[*] Telemetry: 2 critical, 0 warning, 16 healthy
[*] Telemetry: 2 critical, 0 warning, 16 healthy
[*] Telemetry: 2 critical, 0 warning, 16 healthy
[*] Telemetry: 2 critical, 0 warning, 16 healthy
[*] Telemetry: 2 critical, 0 warning, 16 healthy
[*] Telemetry: 2 critical, 0 warning, 16 healthy
[*] Telemetry: 2 critical, 0 warning, 16 healthy
[*] Telemetry: 2 critical, 0 warning, 16 healthy
[*] Telemetry: 2 critical, 0 warning, 16 healthy
[*] Telemetry: 2 critical, 0 warning, 16 healthy
[*] Telemetry: 2 critical, 0 warning, 16 healthy
[*] Telemetry: 2 critical, 0 warning, 16 healthy
[*] Telemetry: 2 critical, 0 warning, 16 healthy
[*] Telemetry: 2 critical, 0 warning, 16 healthy
[*] Telemetry: 2 critical, 0 warning, 16 healthy
[*] Telemetry: 2 critical, 0 warning, 16 healthy
[*] Telemetry: 2 critical, 0 warning, 16 healthy
[*] Telemetry: 2 critical, 0 warning, 16 healthy
[*] Telemetry: 2 critical, 0 warning, 16 healthy
[*] Telemetry: 2 critical, 0 warning, 16 healthy
[*] Telemetry: 2 critical, 0 warning, 16 healthy
[*] Telemetry: 2 critical, 0 warning, 16 healthy
[*] Telemetry: 2 critical, 0 warning, 16 healthy
[*] Telemetry: 2 critical, 0 warning, 16 healthy
[*] Telemetry: 2 critical, 0 warning, 16 healthy
[*] Telemetry: 2 critical, 0 warning, 16 healthy
[*] Telemetry: 2 critical, 0 warning, 16 healthy
[*] Telemetry: 2 critical, 0 warning, 16 healthy
[*] Telemetry: 2 critical, 0 warning, 16 healthy
[*] Telemetry: 2 critical, 0 warning, 16 healthy
[*] Telemetry: 2 critical, 0 warning, 16 healthy
[*] Telemetry: 2 critical, 0 warning, 16 healthy
[*] Telemetry: 2 critical, 0 warning, 16 healthy
[*] Telemetry: 2 critical, 0 warning, 16 healthy
[*] Telemetry: 2 critical, 0 warning, 16 healthy
[*] Telemetry: 2 critical, 0 warning, 16 healthy
[*] Telemetry: 2 critical, 0 warning, 16 healthy
[*] Telemetry: 2 critical, 0 warning, 16 healthy
[*] Telemetry: 2 critical, 0 warning, 16 healthy
[*] Telemetry: 2 critical, 0 warning, 16 healthy
[*] Telemetry: 2 critical, 0 warning, 16 healthy
[*] Telemetry: 2 critical, 0 warning, 16 healthy
[*] Telemetry: 2 critical, 0 warning, 16 healthy
[*] Telemetry: 2 critical, 0 warning, 16 healthy
[*] Telemetry: 2 critical, 0 warning, 16 healthy
[*] Telemetry: 2 critical, 0 warning, 16 healthy
[*] Telemetry: 2 critical, 0 warning, 16 healthy
[*] Telemetry: 2 critical, 0 warning, 16 healthy
[*] Telemetry: 2 critical, 0 warning, 16 healthy
[*] Telemetry: 2 critical, 0 warning, 16 healthy
[*] Telemetry: 2 critical, 0 warning, 16 healthy
[*] Telemetry: 2 critical, 0 warning, 16 healthy
[*] Telemetry: 2 critical, 0 warning, 16 healthy
[*] Telemetry: 2 critical, 0 warning, 16 healthy
[*] Telemetry: 2 critical, 0 warning, 16 healthy
[*] Telemetry: 2 critical, 0 warning, 16 healthy
[*] Telemetry: 2 critical, 0 warning, 16 healthy
[*] Telemetry: 2 critical, 0 warning, 16 healthy
[*] Telemetry: 2 critical, 0 warning, 16 healthy
[*] Telemetry: 2 critical, 0 warning, 16 healthy
[*] Telemetry: 2 critical, 0 warning, 16 healthy
[*] Telemetry: 2 critical, 0 warning, 16 healthy
[*] Telemetry: 2 critical, 0 warning, 16 healthy
[*] Telemetry: 2 critical, 0 warning, 16 healthy
[*] Telemetry: 2 critical, 0 warning, 16 healthy
[*] Telemetry: 2 critical, 0 warning, 16 healthy
[*] Telemetry: 2 critical, 0 warning, 16 healthy
[*] Telemetry: 2 critical, 0 warning, 16 healthy
[*] Telemetry: 2 critical, 0 warning, 16 healthy
[*] Telemetry: 2 critical, 0 warning, 16 healthy
[*] Telemetry: 2 critical, 0 warning, 16 healthy
[*] Telemetry: 2 critical, 0 warning, 16 healthy
[*] Telemetry: 2 critical, 0 warning, 16 healthy
[*] Telemetry: 2 critical, 0 warning, 16 healthy
[*] Telemetry: 2 critical, 0 warning, 16 healthy
[*] Telemetry: 2 critical, 0 warning, 16 healthy
[*] Telemetry: 2 critical, 0 warning, 16 healthy
[*] Telemetry: 2 critical, 0 warning, 16 healthy
[*] Telemetry: 2 critical, 0 warning, 16 healthy
[*] Telemetry: 2 critical, 0 warning, 16 healthy
[*] Telemetry: 2 critical, 0 warning, 16 healthy
[*] Telemetry: 2 critical, 0 warning, 16 healthy
[*] Telemetry: 2 critical, 0 warning, 16 healthy
[*] Telemetry: 2 critical, 0 warning, 16 healthy
[*] Telemetry: 2 critical, 0 warning, 16 healthy
[*] Telemetry: 2 critical, 0 warning, 16 healthy
[*] Telemetry: 2 critical, 0 warning, 16 healthy
[*] Telemetry: 2 critical, 0 warning, 16 healthy
[*] Telemetry: 2 critical, 0 warning, 16 healthy
[*] Telemetry: 2 critical, 0 warning, 16 healthy
[*] Telemetry: 2 critical, 0 warning, 16 healthy
[*] Telemetry: 2 critical, 0 warning, 16 healthy
[*] Telemetry: 2 critical, 0 warning, 16 healthy
[*] Telemetry: 2 critical, 0 warning, 16 healthy
[*] Telemetry: 2 critical, 0 warning, 16 healthy
[*] Telemetry: 2 critical, 0 warning, 16 healthy
[*] Telemetry: 2 critical, 0 warning, 16 healthy
[*] Telemetry: 2 critical, 0 warning, 16 healthy
[*] Telemetry: 2 critical, 0 warning, 16 healthy
[*] Telemetry: 2 critical, 0 warning, 16 healthy
[*] Telemetry: 2 critical, 0 warning, 16 healthy
[*] Telemetry: 2 critical, 0 warning, 16 healthy
[*] Telemetry: 2 critical, 0 warning, 16 healthy
[*] Telemetry: 2 critical, 0 warning, 16 healthy
[*] Telemetry: 2 critical, 0 warning, 16 healthy
[*] Telemetry: 2 critical, 0 warning, 16 healthy
[*] Telemetry: 2 critical, 0 warning, 16 healthy
[*] Telemetry: 2 critical, 0 warning, 16 healthy
[*] Telemetry: 2 critical, 0 warning, 16 healthy
[*] Telemetry: 2 critical, 0 warning, 16 healthy
[*] Telemetry: 2 critical, 0 warning, 16 healthy
[*] Telemetry: 2 critical, 0 warning, 16 healthy
[*] Telemetry: 2 critical, 0 warning, 16 healthy
[*] Telemetry: 2 critical, 0 warning, 16 healthy
[*] Telemetry: 2 critical, 0 warning, 16 healthy
[*] Telemetry: 2 critical, 0 warning, 16 healthy
[*] Telemetry: 2 critical, 0 warning, 16 healthy
[*] Telemetry: 2 critical, 0 warning, 16 healthy
[*] Telemetry: 2 critical, 0 warning, 16 healthy
[*] Telemetry: 2 critical, 0 warning, 16 healthy
[*] Telemetry: 2 critical, 0 warning, 16 healthy
[*] Telemetry: 2 critical, 0 warning, 16 healthy
[*] Telemetry: 2 critical, 0 warning, 16 healthy
[*] Telemetry: 2 critical, 0 warning, 16 healthy
[*] Telemetry: 2 critical, 0 warning, 16 healthy
[*] Telemetry: 2 critical, 0 warning, 16 healthy
[*] Telemetry: 2 critical, 0 warning, 16 healthy
[*] Telemetry: 2 critical, 0 warning, 16 healthy
[*] Telemetry: 2 critical, 0 warning, 16 healthy
[*] Telemetry: 2 critical, 0 warning, 16 healthy
[*] Telemetry: 2 critical, 0 warning, 16 healthy
[*] Telemetry: 2 critical, 0 warning, 16 healthy
[*] Telemetry: 2 critical, 0 warning, 16 healthy
[*] Telemetry: 2 critical, 0 warning, 16 healthy
[*] Telemetry: 2 critical, 0 warning, 16 healthy
[*] Telemetry: 2 critical, 0 warning, 16 healthy
[*] Telemetry: 2 critical, 0 warning, 16 healthy
[*] Telemetry: 2 critical, 0 warning, 16 healthy
[*] Telemetry: 2 critical, 0 warning, 16 healthy
[*] Telemetry: 2 critical, 0 warning, 16 healthy
[*] Telemetry: 2 critical, 0 warning, 16 healthy
[*] Telemetry: 2 critical, 0 warning, 16 healthy
[*] Telemetry: 2 critical, 0 warning, 16 healthy
[*] Telemetry: 2 critical, 0 warning, 16 healthy
[*] Telemetry: 2 critical, 0 warning, 16 healthy
[*] Telemetry: 2 critical, 0 warning, 16 healthy
[*] Telemetry: 2 critical, 0 warning, 16 healthy
[*] Telemetry: 2 critical, 0 warning, 16 healthy
[*] Telemetry: 2 critical, 0 warning, 16 healthy
[*] Telemetry: 2 critical, 0 warning, 16 healthy
[*] Telemetry: 2 critical, 0 warning, 16 healthy
[*] Telemetry: 2 critical, 0 warning, 16 healthy
[*] Telemetry: 2 critical, 0 warning, 16 healthy
[*] Telemetry: 2 critical, 0 warning, 16 healthy
[*] Telemetry: 2 critical, 0 warning, 16 healthy
[*] Telemetry: 2 critical, 0 warning, 16 healthy
[*] Telemetry: 2 critical, 0 warning, 16 healthy
[*] Telemetry: 2 critical, 0 warning, 16 healthy
[*] Telemetry: 2 critical, 0 warning, 16 healthy
[*] Telemetry: 2 critical, 0 warning, 16 healthy
[*] Telemetry: 2 critical, 0 warning, 16 healthy
[*] Telemetry: 2 critical, 0 warning, 16 healthy
[*] Telemetry: 2 critical, 0 warning, 16 healthy
[*] Telemetry: 2 critical, 0 warning, 16 healthy
[*] Telemetry: 2 critical, 0 warning, 16 healthy
[*] Telemetry: 2 critical, 0 warning, 16 healthy
[*] Telemetry: 2 critical, 0 warning, 16 healthy
[*] Telemetry: 2 critical, 0 warning, 16 healthy
[*] Telemetry: 2 critical, 0 warning, 16 healthy
[*] Telemetry: 2 critical, 0 warning, 16 healthy
[*] Telemetry: 2 critical, 0 warning, 16 healthy
[*] Telemetry: 2 critical, 0 warning, 16 healthy
[*] Telemetry: 2 critical, 0 warning, 16 healthy
[*] Telemetry: 2 critical, 0 warning, 16 healthy
[*] Telemetry: 2 critical, 0 warning, 16 healthy
[*] Telemetry: 2 critical, 0 warning, 16 healthy
[*] Telemetry: 2 critical, 0 warning, 16 healthy
[*] Telemetry: 2 critical, 0 warning, 16 healthy
[*] Telemetry: 2 critical, 0 warning, 16 healthy
[*] Telemetry: 2 critical, 0 warning, 16 healthy
[*] Telemetry: 2 critical, 0 warning, 16 healthy
[*] Telemetry: 2 critical, 0 warning, 16 healthy
[*] Telemetry: 2 critical, 0 warning, 16 healthy
[*] Telemetry: 2 critical, 0 warning, 16 healthy
[*] Telemetry: 2 critical, 0 warning, 16 healthy
[*] Telemetry: 2 critical, 0 warning, 16 healthy
[*] Telemetry: 2 critical, 0 warning, 16 healthy
[*] Telemetry: 2 critical, 0 warning, 16 healthy
[*] Telemetry: 2 critical, 0 warning, 16 healthy
[*] Telemetry: 2 critical, 0 warning, 16 healthy
[*] Telemetry: 2 critical, 0 warning, 16 healthy
[*] Telemetry: 2 critical, 0 warning, 16 healthy
[*] Telemetry: 2 critical, 0 warning, 16 healthy
[*] Telemetry: 2 critical, 0 warning, 16 healthy
[*] Telemetry: 2 critical, 0 warning, 16 healthy
[*] Telemetry: 2 critical, 0 warning, 16 healthy
[*] Telemetry: 2 critical, 0 warning, 16 healthy
[*] Telemetry: 2 critical, 0 warning, 16 healthy
[*] Telemetry: 2 critical, 0 warning, 16 healthy
[*] Telemetry: 2 critical, 0 warning, 16 healthy
[*] Telemetry: 2 critical, 0 warning, 16 healthy
[*] Telemetry: 2 critical, 0 warning, 16 healthy
[*] Telemetry: 2 critical, 0 warning, 16 healthy
[*] Telemetry: 2 critical, 0 warning, 16 healthy
[*] Telemetry: 2 critical, 0 warning, 16 healthy
[*] Telemetry: 2 critical, 0 warning, 16 healthy
[*] Telemetry: 2 critical, 0 warning, 16 healthy
[*] Telemetry: 2 critical, 0 warning, 16 healthy
[*] Telemetry: 2 critical, 0 warning, 16 healthy
[*] Telemetry: 2 critical, 0 warning, 16 healthy
[*] Telemetry: 2 critical, 0 warning, 16 healthy
[*] Telemetry: 2 critical, 0 warning, 16 healthy
[*] Telemetry: 2 critical, 0 warning, 16 healthy
[*] Telemetry: 2 critical, 0 warning, 16 healthy
[*] Telemetry: 2 critical, 0 warning, 16 healthy
[*] Telemetry: 2 critical, 0 warning, 16 healthy
[*] Telemetry: 2 critical, 0 warning, 16 healthy
[*] Telemetry: 2 critical, 0 warning, 16 healthy
[*] Telemetry: 2 critical, 0 warning, 16 healthy
[*] Telemetry: 2 critical, 0 warning, 16 healthy
[*] Telemetry: 2 critical, 0 warning, 16 healthy
[*] Telemetry: 2 critical, 0 warning, 16 healthy
[*] Telemetry: 2 critical, 0 warning, 16 healthy
[*] Telemetry: 2 critical, 0 warning, 16 healthy
[*] Telemetry: 2 critical, 0 warning, 16 healthy
[*] Telemetry: 2 critical, 0 warning, 16 healthy
[*] Telemetry: 2 critical, 0 warning, 16 healthy
[*] Telemetry: 2 critical, 0 warning, 16 healthy
[*] Telemetry: 2 critical, 0 warning, 16 healthy
[*] Telemetry: 2 critical, 0 warning, 16 healthy
[*] Telemetry: 2 critical, 0 warning, 16 healthy
[*] Telemetry: 2 critical, 0 warning, 16 healthy
[*] Telemetry: 2 critical, 0 warning, 16 healthy
[*] Telemetry: 2 critical, 0 warning, 16 healthy
[*] Telemetry: 2 critical, 0 warning, 16 healthy
[*] Telemetry: 2 critical, 0 warning, 16 healthy
[*] Telemetry: 2 critical, 0 warning, 16 healthy
[*] Telemetry: 2 critical, 0 warning, 16 healthy
[*] Telemetry: 2 critical, 0 warning, 16 healthy
[*] Telemetry: 2 critical, 0 warning, 16 healthy
[*] Telemetry: 2 critical, 0 warning, 16 healthy
[*] Telemetry: 2 critical, 0 warning, 16 healthy
[*] Telemetry: 2 critical, 0 warning, 16 healthy
[*] Telemetry: 2 critical, 0 warning, 16 healthy
[*] Telemetry: 2 critical, 0 warning, 16 healthy
[*] Telemetry: 2 critical, 0 warning, 16 healthy
[*] Telemetry: 2 critical, 0 warning, 16 healthy
[*] Telemetry: 2 critical, 0 warning, 16 healthy
[*] Telemetry: 2 critical, 0 warning, 16 healthy
[*] Telemetry: 2 critical, 0 warning, 16 healthy
[*] Telemetry: 2 critical, 0 warning, 16 healthy
[*] Telemetry: 2 critical, 0 warning, 16 healthy
[*] Telemetry: 2 critical, 0 warning, 16 healthy
[*] Telemetry: 2 critical, 0 warning, 16 healthy
[*] Telemetry: 2 critical, 0 warning, 16 healthy
[*] Telemetry: 2 critical, 0 warning, 16 healthy
[*] Telemetry: 2 critical, 0 warning, 16 healthy
[*] Telemetry: 2 critical, 0 warning, 16 healthy
[*] Telemetry: 2 critical, 0 warning, 16 healthy
[*] Telemetry: 2 critical, 0 warning, 16 healthy
[*] Telemetry: 2 critical, 0 warning, 16 healthy
[*] Telemetry: 2 critical, 0 warning, 16 healthy
[*] Telemetry: 2 critical, 0 warning, 16 healthy
[*] Telemetry: 2 critical, 0 warning, 16 healthy
[*] Telemetry: 2 critical, 0 warning, 16 healthy
[*] Telemetry: 2 critical, 0 warning, 16 healthy
[*] Telemetry: 2 critical, 0 warning, 16 healthy
[*] Telemetry: 2 critical, 0 warning, 16 healthy
[*] Telemetry: 2 critical, 0 warning, 16 healthy
[*] Telemetry: 2 critical, 0 warning, 16 healthy
[*] Telemetry: 2 critical, 0 warning, 16 healthy
[*] Telemetry: 2 critical, 0 warning, 16 healthy
[*] Telemetry: 2 critical, 0 warning, 16 healthy
[*] Telemetry: 2 critical, 0 warning, 16 healthy
[*] Telemetry: 2 critical, 0 warning, 16 healthy
[*] Telemetry: 2 critical, 0 warning, 16 healthy
[*] Telemetry: 2 critical, 0 warning, 16 healthy
[*] Telemetry: 2 critical, 0 warning, 16 healthy
[*] Telemetry: 2 critical, 0 warning, 16 healthy
[*] Telemetry: 2 critical, 0 warning, 16 healthy
[*] Telemetry: 2 critical, 0 warning, 16 healthy
[*] Telemetry: 2 critical, 0 warning, 16 healthy
[*] Telemetry: 2 critical, 0 warning, 16 healthy
[*] Telemetry: 2 critical, 0 warning, 16 healthy
[*] Telemetry: 2 critical, 0 warning, 16 healthy
[*] Telemetry: 2 critical, 0 warning, 16 healthy
[*] Telemetry: 2 critical, 0 warning, 16 healthy
[*] Telemetry: 2 critical, 0 warning, 16 healthy
[*] Telemetry: 2 critical, 0 warning, 16 healthy
[*] Telemetry: 2 critical, 0 warning, 16 healthy
[*] Telemetry: 2 critical, 0 warning, 16 healthy
[*] Telemetry: 2 critical, 0 warning, 16 healthy
[*] Telemetry: 2 critical, 0 warning, 16 healthy
[*] Telemetry: 2 critical, 0 warning, 16 healthy
[*] Telemetry: 2 critical, 0 warning, 16 healthy
[*] Telemetry: 2 critical, 0 warning, 16 healthy
[*] Telemetry: 2 critical, 0 warning, 16 healthy
[*] Telemetry: 2 critical, 0 warning, 16 healthy
[*] Telemetry: 2 critical, 0 warning, 16 healthy
[*] Telemetry: 2 critical, 0 warning, 16 healthy
[*] Telemetry: 2 critical, 0 warning, 16 healthy
[*] Telemetry: 2 critical, 0 warning, 16 healthy
[*] Telemetry: 2 critical, 0 warning, 16 healthy
[*] Telemetry: 2 critical, 0 warning, 16 healthy
[*] Telemetry: 2 critical, 0 warning, 16 healthy
[*] Telemetry: 2 critical, 0 warning, 16 healthy
[*] Telemetry: 2 critical, 0 warning, 16 healthy
[*] Telemetry: 2 critical, 0 warning, 16 healthy
[*] Telemetry: 2 critical, 0 warning, 16 healthy
[*] Telemetry: 2 critical, 0 warning, 16 healthy
[*] Telemetry: 2 critical, 0 warning, 16 healthy
[*] Telemetry: 2 critical, 0 warning, 16 healthy
[*] Telemetry: 2 critical, 0 warning, 16 healthy
[*] Telemetry: 2 critical, 0 warning, 16 healthy
[*] Telemetry: 2 critical, 0 warning, 16 healthy
[*] Telemetry: 2 critical, 0 warning, 16 healthy
[*] Telemetry: 2 critical, 0 warning, 16 healthy
[*] Telemetry: 2 critical, 0 warning, 16 healthy
[*] Telemetry: 2 critical, 0 warning, 16 healthy
[*] Telemetry: 2 critical, 0 warning, 16 healthy
[*] Telemetry: 2 critical, 0 warning, 16 healthy
[*] Telemetry: 2 critical, 0 warning, 16 healthy
[*] Telemetry: 2 critical, 0 warning, 16 healthy
[*] Telemetry: 2 critical, 0 warning, 16 healthy
[*] Telemetry: 2 critical, 0 warning, 16 healthy
[*] Telemetry: 2 critical, 0 warning, 16 healthy
[*] Telemetry: 2 critical, 0 warning, 16 healthy
[*] Telemetry: 2 critical, 0 warning, 16 healthy
[*] Telemetry: 2 critical, 0 warning, 16 healthy
[*] Telemetry: 2 critical, 0 warning, 16 healthy
[*] Telemetry: 2 critical, 0 warning, 16 healthy
[*] Telemetry: 2 critical, 0 warning, 16 healthy
[*] Telemetry: 2 critical, 0 warning, 16 healthy
[*] Telemetry: 2 critical, 0 warning, 16 healthy
[*] Telemetry: 2 critical, 0 warning, 16 healthy
[*] Telemetry: 2 critical, 0 warning, 16 healthy
[*] Telemetry: 2 critical, 0 warning, 16 healthy
[*] Telemetry: 2 critical, 0 warning, 16 healthy
[*] Telemetry: 2 critical, 0 warning, 16 healthy
[*] Telemetry: 2 critical, 0 warning, 16 healthy
[*] Telemetry: 2 critical, 0 warning, 16 healthy
[*] Telemetry: 2 critical, 0 warning, 16 healthy
[*] Telemetry: 2 critical, 0 warning, 16 healthy
[*] Telemetry: 2 critical, 0 warning, 16 healthy
[*] Telemetry: 2 critical, 0 warning, 16 healthy
[*] Telemetry: 2 critical, 0 warning, 16 healthy
[*] Telemetry: 2 critical, 0 warning, 16 healthy
[*] Telemetry: 2 critical, 0 warning, 16 healthy
[*] Telemetry: 2 critical, 0 warning, 16 healthy
[*] Telemetry: 2 critical, 0 warning, 16 healthy
[*] Telemetry: 2 critical, 0 warning, 16 healthy
[*] Telemetry: 2 critical, 0 warning, 16 healthy
[*] Telemetry: 2 critical, 0 warning, 16 healthy
[*] Telemetry: 2 critical, 0 warning, 16 healthy
[*] Telemetry: 2 critical, 0 warning, 16 healthy
[*] Telemetry: 2 critical, 0 warning, 16 healthy
[*] Telemetry: 2 critical, 0 warning, 16 healthy
[*] Telemetry: 2 critical, 0 warning, 16 healthy
[*] Telemetry: 2 critical, 0 warning, 16 healthy
[*] Telemetry: 2 critical, 0 warning, 16 healthy
[*] Telemetry: 2 critical, 0 warning, 16 healthy
[*] Telemetry: 2 critical, 0 warning, 16 healthy
[*] Telemetry: 2 critical, 0 warning, 16 healthy
[*] Telemetry: 2 critical, 0 warning, 16 healthy
[*] Telemetry: 2 critical, 0 warning, 16 healthy
[*] Telemetry: 2 critical, 0 warning, 16 healthy
[*] Telemetry: 2 critical, 0 warning, 16 healthy
[*] Telemetry: 2 critical, 0 warning, 16 healthy
[*] Telemetry: 2 critical, 0 warning, 16 healthy
[*] Telemetry: 2 critical, 0 warning, 16 healthy
[*] Telemetry: 2 critical, 0 warning, 16 healthy
[*] Telemetry: 2 critical, 0 warning, 16 healthy
[*] Telemetry: 2 critical, 0 warning, 16 healthy
[*] Telemetry: 2 critical, 0 warning, 16 healthy
[*] Telemetry: 2 critical, 0 warning, 16 healthy
[*] Telemetry: 2 critical, 0 warning, 16 healthy
[*] Telemetry: 2 critical, 0 warning, 16 healthy
[*] Telemetry: 2 critical, 0 warning, 16 healthy
[*] Telemetry: 2 critical, 0 warning, 16 healthy
[*] Telemetry: 2 critical, 0 warning, 16 healthy
[*] Telemetry: 2 critical, 0 warning, 16 healthy
[*] Telemetry: 2 critical, 0 warning, 16 healthy
[*] Telemetry: 2 critical, 0 warning, 16 healthy
[*] Telemetry: 2 critical, 0 warning, 16 healthy
[*] Telemetry: 2 critical, 0 warning, 16 healthy
[*] Telemetry: 2 critical, 0 warning, 16 healthy
[*] Telemetry: 2 critical, 0 warning, 16 healthy
[*] Telemetry: 2 critical, 0 warning, 16 healthy
[*] Telemetry: 2 critical, 0 warning, 16 healthy
[*] Telemetry: 2 critical, 0 warning, 16 healthy
[*] Telemetry: 2 critical, 0 warning, 16 healthy
[*] Telemetry: 2 critical, 0 warning, 16 healthy
[*] Telemetry: 2 critical, 0 warning, 16 healthy
[*] Telemetry: 2 critical, 0 warning, 16 healthy
[*] Telemetry: 2 critical, 0 warning, 16 healthy
[*] Telemetry: 2 critical, 0 warning, 16 healthy
[*] Telemetry: 2 critical, 0 warning, 16 healthy
[*] Telemetry: 2 critical, 0 warning, 16 healthy
[*] Telemetry: 2 critical, 0 warning, 16 healthy
[*] Telemetry: 2 critical, 0 warning, 16 healthy
[*] Telemetry: 2 critical, 0 warning, 16 healthy
[*] Telemetry: 2 critical, 0 warning, 16 healthy
[*] Telemetry: 2 critical, 0 warning, 16 healthy
[*] Telemetry: 2 critical, 0 warning, 16 healthy
[*] Telemetry: 2 critical, 0 warning, 16 healthy
[*] Telemetry: 2 critical, 0 warning, 16 healthy
[*] Telemetry: 2 critical, 0 warning, 16 healthy
[*] Telemetry: 2 critical, 0 warning, 16 healthy
[*] Telemetry: 2 critical, 0 warning, 16 healthy
[*] Telemetry: 2 critical, 0 warning, 16 healthy
[*] Telemetry: 2 critical, 0 warning, 16 healthy
[*] Telemetry: 2 critical, 0 warning, 16 healthy
[*] Telemetry: 2 critical, 0 warning, 16 healthy
[*] Telemetry: 2 critical, 0 warning, 16 healthy
[*] Telemetry: 2 critical, 0 warning, 16 healthy
[*] Telemetry: 2 critical, 0 warning, 16 healthy
[*] Telemetry: 2 critical, 0 warning, 16 healthy
[*] Telemetry: 2 critical, 0 warning, 16 healthy
[*] Telemetry: 2 critical, 0 warning, 16 healthy
[*] Telemetry: 2 critical, 0 warning, 16 healthy
[*] Telemetry: 2 critical, 0 warning, 16 healthy
[*] Telemetry: 2 critical, 0 warning, 16 healthy
[*] Telemetry: 2 critical, 0 warning, 16 healthy
[*] Telemetry: 2 critical, 0 warning, 16 healthy
[*] Telemetry: 2 critical, 0 warning, 16 healthy
[*] Telemetry: 2 critical, 0 warning, 16 healthy
[*] Telemetry: 2 critical, 0 warning, 16 healthy
[*] Telemetry: 2 critical, 0 warning, 16 healthy
[*] Telemetry: 2 critical, 0 warning, 16 healthy
[*] Telemetry: 2 critical, 0 warning, 16 healthy
[*] Telemetry: 2 critical, 0 warning, 16 healthy
[*] Telemetry: 2 critical, 0 warning, 16 healthy
[*] Telemetry: 2 critical, 0 warning, 16 healthy
[*] Telemetry: 2 critical, 0 warning, 16 healthy
[*] Telemetry: 2 critical, 0 warning, 16 healthy
[*] Telemetry: 2 critical, 0 warning, 16 healthy
[*] Telemetry: 2 critical, 0 warning, 16 healthy
[*] Telemetry: 2 critical, 0 warning, 16 healthy
[*] Telemetry: 2 critical, 0 warning, 16 healthy
[*] Telemetry: 2 critical, 0 warning, 16 healthy
[*] Telemetry: 2 critical, 0 warning, 16 healthy
[*] Telemetry: 2 critical, 0 warning, 16 healthy
[*] Telemetry: 2 critical, 0 warning, 16 healthy
[*] Telemetry: 2 critical, 0 warning, 16 healthy
[*] Telemetry: 2 critical, 0 warning, 16 healthy
[*] Telemetry: 2 critical, 0 warning, 16 healthy
[*] Telemetry: 2 critical, 0 warning, 16 healthy
[*] Telemetry: 2 critical, 0 warning, 16 healthy
[*] Telemetry: 2 critical, 0 warning, 16 healthy
[*] Telemetry: 2 critical, 0 warning, 16 healthy
[*] Telemetry: 2 critical, 0 warning, 16 healthy
[*] Telemetry: 2 critical, 0 warning, 16 healthy
[*] Telemetry: 2 critical, 0 warning, 16 healthy
[*] Telemetry: 2 critical, 0 warning, 16 healthy
[*] Telemetry: 2 critical, 0 warning, 16 healthy
[*] Telemetry: 2 critical, 0 warning, 16 healthy
[*] Telemetry: 2 critical, 0 warning, 16 healthy
[*] Telemetry: 2 critical, 0 warning, 16 healthy
[*] Telemetry: 2 critical, 0 warning, 16 healthy
[*] Telemetry: 2 critical, 0 warning, 16 healthy
[*] Telemetry: 2 critical, 0 warning, 16 healthy
[*] Telemetry: 2 critical, 0 warning, 16 healthy
[*] Telemetry: 2 critical, 0 warning, 16 healthy
[*] Telemetry: 2 critical, 0 warning, 16 healthy
[*] Telemetry: 2 critical, 0 warning, 16 healthy
[*] Telemetry: 2 critical, 0 warning, 16 healthy
[*] Telemetry: 2 critical, 0 warning, 16 healthy
[*] Telemetry: 2 critical, 0 warning, 16 healthy
[*] Telemetry: 2 critical, 0 warning, 16 healthy
[*] Telemetry: 2 critical, 0 warning, 16 healthy
[*] Telemetry: 2 critical, 0 warning, 16 healthy
[*] Telemetry: 2 critical, 0 warning, 16 healthy
[*] Telemetry: 2 critical, 0 warning, 16 healthy
[*] Telemetry: 2 critical, 0 warning, 16 healthy
[*] Telemetry: 2 critical, 0 warning, 16 healthy
[*] Telemetry: 2 critical, 0 warning, 16 healthy
[*] Telemetry: 2 critical, 0 warning, 16 healthy
[*] Telemetry: 2 critical, 0 warning, 16 healthy
[*] Telemetry: 2 critical, 0 warning, 16 healthy
[*] Telemetry: 2 critical, 0 warning, 16 healthy
[*] Telemetry: 2 critical, 0 warning, 16 healthy
[*] Telemetry: 2 critical, 0 warning, 16 healthy
[*] Telemetry: 2 critical, 0 warning, 16 healthy
[*] Telemetry: 2 critical, 0 warning, 16 healthy
[*] Telemetry: 2 critical, 0 warning, 16 healthy
[*] Telemetry: 2 critical, 0 warning, 16 healthy
[*] Telemetry: 2 critical, 0 warning, 16 healthy
[*] Telemetry: 2 critical, 0 warning, 16 healthy
[*] Telemetry: 2 critical, 0 warning, 16 healthy
[*] Telemetry: 2 critical, 0 warning, 16 healthy
[*] Telemetry: 2 critical, 0 warning, 16 healthy
[*] Telemetry: 2 critical, 0 warning, 16 healthy
[*] Telemetry: 2 critical, 0 warning, 16 healthy
[*] Telemetry: 2 critical, 0 warning, 16 healthy
[*] Telemetry: 2 critical, 0 warning, 16 healthy
[*] Telemetry: 2 critical, 0 warning, 16 healthy
[*] Telemetry: 2 critical, 0 warning, 16 healthy
[*] Telemetry: 2 critical, 0 warning, 16 healthy
[*] Telemetry: 2 critical, 0 warning, 16 healthy
[*] Telemetry: 2 critical, 0 warning, 16 healthy
[*] Telemetry: 2 critical, 0 warning, 16 healthy
[*] Telemetry: 2 critical, 0 warning, 16 healthy
[*] Telemetry: 2 critical, 0 warning, 16 healthy
[*] Telemetry: 2 critical, 0 warning, 16 healthy
[*] Telemetry: 2 critical, 0 warning, 16 healthy
[*] Telemetry: 2 critical, 0 warning, 16 healthy
[*] Telemetry: 2 critical, 0 warning, 16 healthy
[*] Telemetry: 2 critical, 0 warning, 16 healthy
[*] Telemetry: 2 critical, 0 warning, 16 healthy
[*] Telemetry: 2 critical, 0 warning, 16 healthy
[*] Telemetry: 2 critical, 0 warning, 16 healthy
[*] Telemetry: 2 critical, 0 warning, 16 healthy
[*] Telemetry: 2 critical, 0 warning, 16 healthy
[*] Telemetry: 2 critical, 0 warning, 16 healthy
[*] Telemetry: 2 critical, 0 warning, 16 healthy
[*] Telemetry: 2 critical, 0 warning, 16 healthy
[*] Telemetry: 2 critical, 0 warning, 16 healthy
[*] Telemetry: 2 critical, 0 warning, 16 healthy
[*] Telemetry: 2 critical, 0 warning, 16 healthy
[*] Telemetry: 2 critical, 0 warning, 16 healthy
[*] Telemetry: 2 critical, 0 warning, 16 healthy
[*] Telemetry: 2 critical, 0 warning, 16 healthy
[*] Telemetry: 2 critical, 0 warning, 16 healthy
[*] Telemetry: 2 critical, 0 warning, 16 healthy
[*] Telemetry: 2 critical, 0 warning, 16 healthy
[*] Telemetry: 2 critical, 0 warning, 16 healthy
[*] Telemetry: 2 critical, 0 warning, 16 healthy
[*] Telemetry: 2 critical, 0 warning, 16 healthy
[*] Telemetry: 2 critical, 0 warning, 16 healthy
[*] Telemetry: 2 critical, 0 warning, 16 healthy
[*] Telemetry: 2 critical, 0 warning, 16 healthy
[*] Telemetry: 2 critical, 0 warning, 16 healthy
[*] Telemetry: 2 critical, 0 warning, 16 healthy
[*] Telemetry: 2 critical, 0 warning, 16 healthy
[*] Telemetry: 2 critical, 0 warning, 16 healthy
[*] Telemetry: 2 critical, 0 warning, 16 healthy
[*] Telemetry: 2 critical, 0 warning, 16 healthy
[*] Telemetry: 2 critical, 0 warning, 16 healthy
[*] Telemetry: 2 critical, 0 warning, 16 healthy
[*] Telemetry: 2 critical, 0 warning, 16 healthy
[*] Telemetry: 2 critical, 0 warning, 16 healthy
[*] Telemetry: 2 critical, 0 warning, 16 healthy
[*] Telemetry: 2 critical, 0 warning, 16 healthy
[*] Telemetry: 2 critical, 0 warning, 16 healthy
[*] Telemetry: 2 critical, 0 warning, 16 healthy
[*] Telemetry: 2 critical, 0 warning, 16 healthy
[*] Telemetry: 2 critical, 0 warning, 16 healthy
[*] Telemetry: 2 critical, 0 warning, 16 healthy
[*] Telemetry: 2 critical, 0 warning, 16 healthy
[*] Telemetry: 2 critical, 0 warning, 16 healthy
[*] Telemetry: 2 critical, 0 warning, 16 healthy
[*] Telemetry: 2 critical, 0 warning, 16 healthy
[*] Telemetry: 2 critical, 0 warning, 16 healthy
[*] Telemetry: 2 critical, 0 warning, 16 healthy
[*] Telemetry: 2 critical, 0 warning, 16 healthy
[*] Telemetry: 2 critical, 0 warning, 16 healthy
[*] Telemetry: 2 critical, 0 warning, 16 healthy
[*] Telemetry: 2 critical, 0 warning, 16 healthy
[*] Telemetry: 2 critical, 0 warning, 16 healthy
[*] Telemetry: 2 critical, 0 warning, 16 healthy
[*] Telemetry: 2 critical, 0 warning, 16 healthy
[*] Telemetry: 2 critical, 0 warning, 16 healthy
[*] Telemetry: 2 critical, 0 warning, 16 healthy
[*] Telemetry: 2 critical, 0 warning, 16 healthy
[*] Telemetry: 2 critical, 0 warning, 16 healthy
[*] Telemetry: 2 critical, 0 warning, 16 healthy
[*] Telemetry: 2 critical, 0 warning, 16 healthy
[*] Telemetry: 2 critical, 0 warning, 16 healthy
[*] Telemetry: 2 critical, 0 warning, 16 healthy
[*] Telemetry: 2 critical, 0 warning, 16 healthy
[*] Telemetry: 2 critical, 0 warning, 16 healthy
[*] Telemetry: 2 critical, 0 warning, 16 healthy
[*] Telemetry: 2 critical, 0 warning, 16 healthy
[*] Telemetry: 2 critical, 0 warning, 16 healthy
[*] Telemetry: 2 critical, 0 warning, 16 healthy
[*] Telemetry: 2 critical, 0 warning, 16 healthy
[*] Telemetry: 2 critical, 0 warning, 16 healthy
[*] Telemetry: 2 critical, 0 warning, 16 healthy
[*] Telemetry: 2 critical, 0 warning, 16 healthy
[*] Telemetry: 2 critical, 0 warning, 16 healthy
[*] Telemetry: 2 critical, 0 warning, 16 healthy
[*] Telemetry: 2 critical, 0 warning, 16 healthy
[*] Telemetry: 2 critical, 0 warning, 16 healthy
[*] Telemetry: 2 critical, 0 warning, 16 healthy
[*] Telemetry: 2 critical, 0 warning, 16 healthy
[*] Telemetry: 2 critical, 0 warning, 16 healthy
[*] Telemetry: 2 critical, 0 warning, 16 healthy
[*] Telemetry: 2 critical, 0 warning, 16 healthy
[*] Telemetry: 2 critical, 0 warning, 16 healthy
[*] Telemetry: 2 critical, 0 warning, 16 healthy
[*] Telemetry: 2 critical, 0 warning, 16 healthy
[*] Telemetry: 2 critical, 0 warning, 16 healthy
[*] Telemetry: 2 critical, 0 warning, 16 healthy
[*] Telemetry: 2 critical, 0 warning, 16 healthy
[*] Telemetry: 2 critical, 0 warning, 16 healthy
[*] Telemetry: 2 critical, 0 warning, 16 healthy
[*] Telemetry: 2 critical, 0 warning, 16 healthy
[*] Telemetry: 2 critical, 0 warning, 16 healthy
[*] Telemetry: 2 critical, 0 warning, 16 healthy
[*] Telemetry: 2 critical, 0 warning, 16 healthy
[*] Telemetry: 2 critical, 0 warning, 16 healthy
[*] Telemetry: 2 critical, 0 warning, 16 healthy
[*] Telemetry: 2 critical, 0 warning, 16 healthy
[*] Telemetry: 2 critical, 0 warning, 16 healthy
[*] Telemetry: 2 critical, 0 warning, 16 healthy
[*] Telemetry: 2 critical, 0 warning, 16 healthy
[*] Telemetry: 2 critical, 0 warning, 16 healthy
[*] Telemetry: 2 critical, 0 warning, 16 healthy
[*] Telemetry: 2 critical, 0 warning, 16 healthy
[*] Telemetry: 2 critical, 0 warning, 16 healthy
[*] Telemetry: 2 critical, 0 warning, 16 healthy
[*] Telemetry: 2 critical, 0 warning, 16 healthy
[*] Telemetry: 2 critical, 0 warning, 16 healthy
[*] Telemetry: 2 critical, 0 warning, 16 healthy
[*] Telemetry: 2 critical, 0 warning, 16 healthy
[*] Telemetry: 2 critical, 0 warning, 16 healthy
[*] Telemetry: 2 critical, 0 warning, 16 healthy
[*] Telemetry: 2 critical, 0 warning, 16 healthy
[*] Telemetry: 2 critical, 0 warning, 16 healthy
[*] Telemetry: 2 critical, 0 warning, 16 healthy
[*] Telemetry: 2 critical, 0 warning, 16 healthy
[*] Telemetry: 2 critical, 0 warning, 16 healthy
[*] Telemetry: 2 critical, 0 warning, 16 healthy
[*] Telemetry: 2 critical, 0 warning, 16 healthy
[*] Telemetry: 2 critical, 0 warning, 16 healthy
[*] Telemetry: 2 critical, 0 warning, 16 healthy
[*] Telemetry: 2 critical, 0 warning, 16 healthy
[*] Telemetry: 2 critical, 0 warning, 16 healthy
[*] Telemetry: 2 critical, 0 warning, 16 healthy
[*] Telemetry: 2 critical, 0 warning, 16 healthy
[*] Telemetry: 2 critical, 0 warning, 16 healthy
[*] Telemetry: 2 critical, 0 warning, 16 healthy
[*] Telemetry: 2 critical, 0 warning, 16 healthy
[*] Telemetry: 2 critical, 0 warning, 16 healthy
[*] Telemetry: 2 critical, 0 warning, 16 healthy
[*] Telemetry: 2 critical, 0 warning, 16 healthy
[*] Telemetry: 2 critical, 0 warning, 16 healthy
[*] Telemetry: 2 critical, 0 warning, 16 healthy
[*] Telemetry: 2 critical, 0 warning, 16 healthy
[*] Telemetry: 2 critical, 0 warning, 16 healthy
[*] Telemetry: 2 critical, 0 warning, 16 healthy
[*] Telemetry: 2 critical, 0 warning, 16 healthy
[*] Telemetry: 2 critical, 0 warning, 16 healthy
[*] Telemetry: 2 critical, 0 warning, 16 healthy
[*] Telemetry: 2 critical, 0 warning, 16 healthy
[*] Telemetry: 2 critical, 0 warning, 16 healthy
[*] Telemetry: 2 critical, 0 warning, 16 healthy
[*] Telemetry: 2 critical, 0 warning, 16 healthy
[*] Telemetry: 2 critical, 0 warning, 16 healthy
[*] Telemetry: 2 critical, 0 warning, 16 healthy
[*] Telemetry: 2 critical, 0 warning, 16 healthy
[*] Telemetry: 2 critical, 0 warning, 16 healthy
[*] Telemetry: 2 critical, 0 warning, 16 healthy
[*] Telemetry: 2 critical, 0 warning, 16 healthy
[*] Telemetry: 2 critical, 0 warning, 16 healthy
[*] Telemetry: 2 critical, 0 warning, 16 healthy
[*] Telemetry: 2 critical, 0 warning, 16 healthy
[*] Telemetry: 2 critical, 0 warning, 16 healthy
[*] Telemetry: 2 critical, 0 warning, 16 healthy
[*] Telemetry: 2 critical, 0 warning, 16 healthy
[*] Telemetry: 2 critical, 0 warning, 16 healthy
[*] Telemetry: 2 critical, 0 warning, 16 healthy
[*] Telemetry: 2 critical, 0 warning, 16 healthy
[*] Telemetry: 2 critical, 0 warning, 16 healthy
[*] Telemetry: 2 critical, 0 warning, 16 healthy
[*] Telemetry: 2 critical, 0 warning, 16 healthy
[*] Telemetry: 2 critical, 0 warning, 16 healthy
[*] Telemetry: 2 critical, 0 warning, 16 healthy
[*] Telemetry: 2 critical, 0 warning, 16 healthy
[*] Telemetry: 2 critical, 0 warning, 16 healthy
[*] Telemetry: 2 critical, 0 warning, 16 healthy
[*] Telemetry: 2 critical, 0 warning, 16 healthy
[*] Telemetry: 2 critical, 0 warning, 16 healthy
[*] Telemetry: 2 critical, 0 warning, 16 healthy
[*] Telemetry: 2 critical, 0 warning, 16 healthy
[*] Telemetry: 2 critical, 0 warning, 16 healthy
[*] Telemetry: 2 critical, 0 warning, 16 healthy
[*] Telemetry: 2 critical, 0 warning, 16 healthy
[*] Telemetry: 2 critical, 0 warning, 16 healthy
[*] Telemetry: 2 critical, 0 warning, 16 healthy
[*] Telemetry: 2 critical, 0 warning, 16 healthy
[*] Telemetry: 2 critical, 0 warning, 16 healthy
[*] Telemetry: 2 critical, 0 warning, 16 healthy
[*] Telemetry: 2 critical, 0 warning, 16 healthy
[*] Telemetry: 2 critical, 0 warning, 16 healthy
[*] Telemetry: 2 critical, 0 warning, 16 healthy
[*] Telemetry: 2 critical, 0 warning, 16 healthy
[*] Telemetry: 2 critical, 0 warning, 16 healthy
[*] Telemetry: 2 critical, 0 warning, 16 healthy
[*] Telemetry: 2 critical, 0 warning, 16 healthy
[*] Telemetry: 2 critical, 0 warning, 16 healthy
[*] Telemetry: 2 critical, 0 warning, 16 healthy
[*] Telemetry: 2 critical, 0 warning, 16 healthy
[*] Telemetry: 2 critical, 0 warning, 16 healthy
[*] Telemetry: 2 critical, 0 warning, 16 healthy
[*] Telemetry: 2 critical, 0 warning, 16 healthy
[*] Telemetry: 2 critical, 0 warning, 16 healthy
[*] Telemetry: 2 critical, 0 warning, 16 healthy
[*] Telemetry: 2 critical, 0 warning, 16 healthy
[*] Telemetry: 2 critical, 0 warning, 16 healthy
[*] Telemetry: 2 critical, 0 warning, 16 healthy
[*] Telemetry: 2 critical, 0 warning, 16 healthy
[*] Telemetry: 2 critical, 0 warning, 16 healthy
[*] Telemetry: 2 critical, 0 warning, 16 healthy
[*] Telemetry: 2 critical, 0 warning, 16 healthy
[*] Telemetry: 2 critical, 0 warning, 16 healthy
[*] Telemetry: 2 critical, 0 warning, 16 healthy
[*] Telemetry: 2 critical, 0 warning, 16 healthy
[*] Telemetry: 2 critical, 0 warning, 16 healthy
[*] Telemetry: 2 critical, 0 warning, 16 healthy
[*] Telemetry: 2 critical, 0 warning, 16 healthy
[*] Telemetry: 2 critical, 0 warning, 16 healthy
[*] Telemetry: 2 critical, 0 warning, 16 healthy
[*] Telemetry: 2 critical, 0 warning, 16 healthy
[*] Telemetry: 2 critical, 0 warning, 16 healthy
[*] Telemetry: 2 critical, 0 warning, 16 healthy
[*] Telemetry: 2 critical, 0 warning, 16 healthy
[*] Telemetry: 2 critical, 0 warning, 16 healthy
[*] Telemetry: 2 critical, 0 warning, 16 healthy
[*] Telemetry: 2 critical, 0 warning, 16 healthy
[*] Telemetry: 2 critical, 0 warning, 16 healthy
[*] Telemetry: 2 critical, 0 warning, 16 healthy
[*] Telemetry: 2 critical, 0 warning, 16 healthy
[*] Telemetry: 2 critical, 0 warning, 16 healthy
[*] Telemetry: 2 critical, 0 warning, 16 healthy
[*] Telemetry: 2 critical, 0 warning, 16 healthy
[*] Telemetry: 2 critical, 0 warning, 16 healthy
[*] Telemetry: 2 critical, 0 warning, 16 healthy
[*] Telemetry: 2 critical, 0 warning, 16 healthy
[*] Telemetry: 2 critical, 0 warning, 16 healthy
[*] Telemetry: 2 critical, 0 warning, 16 healthy
[*] Telemetry: 2 critical, 0 warning, 16 healthy
[*] Telemetry: 2 critical, 0 warning, 16 healthy
[*] Telemetry: 2 critical, 0 warning, 16 healthy
[*] Telemetry: 2 critical, 0 warning, 16 healthy
[*] Telemetry: 2 critical, 0 warning, 16 healthy
[*] Telemetry: 2 critical, 0 warning, 16 healthy
[*] Telemetry: 2 critical, 0 warning, 16 healthy
[*] Telemetry: 2 critical, 0 warning, 16 healthy
[*] Telemetry: 2 critical, 0 warning, 16 healthy
[*] Telemetry: 2 critical, 0 warning, 16 healthy
[*] Telemetry: 2 critical, 0 warning, 16 healthy
[*] Telemetry: 2 critical, 0 warning, 16 healthy
[*] Telemetry: 2 critical, 0 warning, 16 healthy
[*] Telemetry: 2 critical, 0 warning, 16 healthy
[*] Telemetry: 2 critical, 0 warning, 16 healthy
[*] Telemetry: 2 critical, 0 warning, 16 healthy
[*] Telemetry: 2 critical, 0 warning, 16 healthy
[*] Telemetry: 2 critical, 0 warning, 16 healthy
[*] Telemetry: 2 critical, 0 warning, 16 healthy
[*] Telemetry: 2 critical, 0 warning, 16 healthy
[*] Telemetry: 2 critical, 0 warning, 16 healthy
[*] Telemetry: 2 critical, 0 warning, 16 healthy
[*] Telemetry: 2 critical, 0 warning, 16 healthy
[*] Telemetry: 2 critical, 0 warning, 16 healthy
[*] Telemetry: 2 critical, 0 warning, 16 healthy
[*] Telemetry: 2 critical, 0 warning, 16 healthy
[*] Telemetry: 2 critical, 0 warning, 16 healthy
[*] Telemetry: 2 critical, 0 warning, 16 healthy
[*] Telemetry: 2 critical, 0 warning, 16 healthy
[*] Telemetry: 2 critical, 0 warning, 16 healthy
[*] Telemetry: 2 critical, 0 warning, 16 healthy
[*] Telemetry: 2 critical, 0 warning, 16 healthy
[*] Telemetry: 2 critical, 0 warning, 16 healthy
[*] Telemetry: 2 critical, 0 warning, 16 healthy
[*] Telemetry: 2 critical, 0 warning, 16 healthy
[*] Telemetry: 2 critical, 0 warning, 16 healthy
[*] Telemetry: 2 critical, 0 warning, 16 healthy
[*] Telemetry: 2 critical, 0 warning, 16 healthy
[*] Telemetry: 2 critical, 0 warning, 16 healthy
[*] Telemetry: 2 critical, 0 warning, 16 healthy
[*] Telemetry: 2 critical, 0 warning, 16 healthy
[*] Telemetry: 2 critical, 0 warning, 16 healthy
[*] Telemetry: 2 critical, 0 warning, 16 healthy
[*] Telemetry: 2 critical, 0 warning, 16 healthy
[*] Telemetry: 2 critical, 0 warning, 16 healthy
[*] Telemetry: 2 critical, 0 warning, 16 healthy
[*] Telemetry: 2 critical, 0 warning, 16 healthy
[*] Telemetry: 2 critical, 0 warning, 16 healthy
[*] Telemetry: 2 critical, 0 warning, 16 healthy
[*] Telemetry: 2 critical, 0 warning, 16 healthy
[*] Telemetry: 2 critical, 0 warning, 16 healthy
[*] Telemetry: 2 critical, 0 warning, 16 healthy
[*] Telemetry: 2 critical, 0 warning, 16 healthy
[*] Telemetry: 2 critical, 0 warning, 16 healthy
[*] Telemetry: 2 critical, 0 warning, 16 healthy
[*] Telemetry: 2 critical, 0 warning, 16 healthy
[*] Telemetry: 2 critical, 0 warning, 16 healthy
[*] Telemetry: 2 critical, 0 warning, 16 healthy
[*] Telemetry: 2 critical, 0 warning, 16 healthy
[*] Telemetry: 2 critical, 0 warning, 16 healthy
[*] Telemetry: 2 critical, 0 warning, 16 healthy
[*] Telemetry: 2 critical, 0 warning, 16 healthy
[*] Telemetry: 2 critical, 0 warning, 16 healthy
[*] Telemetry: 2 critical, 0 warning, 16 healthy
[*] Telemetry: 2 critical, 0 warning, 16 healthy
[*] Telemetry: 2 critical, 0 warning, 16 healthy
[*] Telemetry: 2 critical, 0 warning, 16 healthy
[*] Telemetry: 2 critical, 0 warning, 16 healthy
[*] Telemetry: 2 critical, 0 warning, 16 healthy
[*] Telemetry: 2 critical, 0 warning, 16 healthy
[*] Telemetry: 2 critical, 0 warning, 16 healthy
[*] Telemetry: 2 critical, 0 warning, 16 healthy
[*] Telemetry: 2 critical, 0 warning, 16 healthy
[*] Telemetry: 2 critical, 0 warning, 16 healthy
[*] Telemetry: 2 critical, 0 warning, 16 healthy
[*] Telemetry: 2 critical, 0 warning, 16 healthy
[*] Telemetry: 2 critical, 0 warning, 16 healthy
[*] Telemetry: 2 critical, 0 warning, 16 healthy
[*] Telemetry: 2 critical, 0 warning, 16 healthy
[*] Telemetry: 2 critical, 0 warning, 16 healthy
[*] Telemetry: 2 critical, 0 warning, 16 healthy
[*] Telemetry: 2 critical, 0 warning, 16 healthy
[*] Telemetry: 2 critical, 0 warning, 16 healthy
[*] Telemetry: 2 critical, 0 warning, 16 healthy
[*] Telemetry: 2 critical, 0 warning, 16 healthy
[*] Telemetry: 2 critical, 0 warning, 16 healthy
[*] Telemetry: 2 critical, 0 warning, 16 healthy
[*] Telemetry: 2 critical, 0 warning, 16 healthy
[*] Telemetry: 2 critical, 0 warning, 16 healthy
[*] Telemetry: 2 critical, 0 warning, 16 healthy
[*] Telemetry: 2 critical, 0 warning, 16 healthy
[*] Telemetry: 2 critical, 0 warning, 16 healthy
[*] Telemetry: 2 critical, 0 warning, 16 healthy
[*] Telemetry: 2 critical, 0 warning, 16 healthy
[*] Telemetry: 2 critical, 0 warning, 16 healthy
[*] Telemetry: 2 critical, 0 warning, 16 healthy
[*] Telemetry: 2 critical, 0 warning, 16 healthy
[*] Telemetry: 2 critical, 0 warning, 16 healthy
[*] Telemetry: 2 critical, 0 warning, 16 healthy
[*] Telemetry: 2 critical, 0 warning, 16 healthy
[*] Telemetry: 2 critical, 0 warning, 16 healthy
[*] Telemetry: 2 critical, 0 warning, 16 healthy
[*] Telemetry: 2 critical, 0 warning, 16 healthy
[*] Telemetry: 2 critical, 0 warning, 16 healthy
[*] Telemetry: 2 critical, 0 warning, 16 healthy
[*] Telemetry: 2 critical, 0 warning, 16 healthy
[*] Telemetry: 2 critical, 0 warning, 16 healthy
[*] Telemetry: 2 critical, 0 warning, 16 healthy
[*] Telemetry: 2 critical, 0 warning, 16 healthy
[*] Telemetry: 2 critical, 0 warning, 16 healthy
[*] Telemetry: 2 critical, 0 warning, 16 healthy
[*] Telemetry: 2 critical, 0 warning, 16 healthy
[*] Telemetry: 2 critical, 0 warning, 16 healthy
[*] Telemetry: 2 critical, 0 warning, 16 healthy
[*] Telemetry: 2 critical, 0 warning, 16 healthy
[*] Telemetry: 2 critical, 0 warning, 16 healthy
[*] Telemetry: 2 critical, 0 warning, 16 healthy
[*] Telemetry: 2 critical, 0 warning, 16 healthy
[*] Telemetry: 2 critical, 0 warning, 16 healthy
[*] Telemetry: 2 critical, 0 warning, 16 healthy
[*] Telemetry: 2 critical, 0 warning, 16 healthy
[*] Telemetry: 2 critical, 0 warning, 16 healthy
[*] Telemetry: 2 critical, 0 warning, 16 healthy
[*] Telemetry: 2 critical, 0 warning, 16 healthy
[*] Telemetry: 2 critical, 0 warning, 16 healthy
[*] Telemetry: 2 critical, 0 warning, 16 healthy
[*] Telemetry: 2 critical, 0 warning, 16 healthy
[*] Telemetry: 2 critical, 0 warning, 16 healthy
[*] Telemetry: 2 critical, 0 warning, 16 healthy
[*] Telemetry: 2 critical, 0 warning, 16 healthy
[*] Telemetry: 2 critical, 0 warning, 16 healthy
[*] Telemetry: 2 critical, 0 warning, 16 healthy
[*] Telemetry: 2 critical, 0 warning, 16 healthy
[*] Telemetry: 2 critical, 0 warning, 16 healthy
[*] Telemetry: 2 critical, 0 warning, 16 healthy
[*] Telemetry: 2 critical, 0 warning, 16 healthy
[*] Telemetry: 2 critical, 0 warning, 16 healthy
[*] Telemetry: 2 critical, 0 warning, 16 healthy
[*] Telemetry: 2 critical, 0 warning, 16 healthy
[*] Telemetry: 2 critical, 0 warning, 16 healthy
[*] Telemetry: 2 critical, 0 warning, 16 healthy
[*] Telemetry: 2 critical, 0 warning, 16 healthy
[*] Telemetry: 2 critical, 0 warning, 16 healthy
[*] Telemetry: 2 critical, 0 warning, 16 healthy
[*] Telemetry: 2 critical, 0 warning, 16 healthy
[*] Telemetry: 2 critical, 0 warning, 16 healthy
[*] Telemetry: 2 critical, 0 warning, 16 healthy
[*] Telemetry: 2 critical, 0 warning, 16 healthy
[*] Telemetry: 2 critical, 0 warning, 16 healthy
[*] Telemetry: 2 critical, 0 warning, 16 healthy
[*] Telemetry: 2 critical, 0 warning, 16 healthy
[*] Telemetry: 2 critical, 0 warning, 16 healthy
[*] Telemetry: 2 critical, 0 warning, 16 healthy
[*] Telemetry: 2 critical, 0 warning, 16 healthy
[*] Telemetry: 2 critical, 0 warning, 16 healthy
[*] Telemetry: 2 critical, 0 warning, 16 healthy
[*] Telemetry: 2 critical, 0 warning, 16 healthy
[*] Telemetry: 2 critical, 0 warning, 16 healthy
[*] Telemetry: 2 critical, 0 warning, 16 healthy
[*] Telemetry: 2 critical, 0 warning, 16 healthy
[*] Telemetry: 2 critical, 0 warning, 16 healthy
[*] Telemetry: 2 critical, 0 warning, 16 healthy
[*] Telemetry: 2 critical, 0 warning, 16 healthy
[*] Telemetry: 2 critical, 0 warning, 16 healthy
[*] Telemetry: 2 critical, 0 warning, 16 healthy
[*] Telemetry: 2 critical, 0 warning, 16 healthy
[*] Telemetry: 2 critical, 0 warning, 16 healthy
[*] Telemetry: 2 critical, 0 warning, 16 healthy
[*] Telemetry: 2 critical, 0 warning, 16 healthy
[*] Telemetry: 2 critical, 0 warning, 16 healthy
[*] Telemetry: 2 critical, 0 warning, 16 healthy
[*] Telemetry: 2 critical, 0 warning, 16 healthy
[*] Telemetry: 2 critical, 0 warning, 16 healthy
[*] Telemetry: 2 critical, 0 warning, 16 healthy
[*] Telemetry: 2 critical, 0 warning, 16 healthy
[*] Telemetry: 2 critical, 0 warning, 16 healthy
[*] Telemetry: 2 critical, 0 warning, 16 healthy
[*] Telemetry: 2 critical, 0 warning, 16 healthy
[*] Telemetry: 2 critical, 0 warning, 16 healthy
[*] Telemetry: 2 critical, 0 warning, 16 healthy
[*] Telemetry: 2 critical, 0 warning, 16 healthy
[*] Telemetry: 2 critical, 0 warning, 16 healthy
[*] Telemetry: 2 critical, 0 warning, 16 healthy
[*] Telemetry: 2 critical, 0 warning, 16 healthy
[*] Telemetry: 2 critical, 0 warning, 16 healthy
[*] Telemetry: 2 critical, 0 warning, 16 healthy
[*] Telemetry: 2 critical, 0 warning, 16 healthy
[*] Telemetry: 2 critical, 0 warning, 16 healthy
