row,anomaly_score,fault_id,fault_name,severity,affected_features,recommendations
361,0.5617,network_errors,Network Interface Issues,high,Feature #23;Feature #24,Check network hardware;Inspect cable connections;Review network driver logs;Monitor packet loss rate
362,0.5394,network_errors,Network Interface Issues,high,Feature #23;Feature #24,Check network hardware;Inspect cable connections;Review network driver logs;Monitor packet loss rate
365,0.5306,network_errors,Network Interface Issues,high,Feature #23;Feature #24,Check network hardware;Inspect cable connections;Review network driver logs;Monitor packet loss rate
367,0.5571,network_errors,Network Interface Issues,high,Feature #23;Feature #24,Check network hardware;Inspect cable connections;Review network driver logs;Monitor packet loss rate
368,0.5204,network_errors,Network Interface Issues,high,Feature #23;Feature #24,Check network hardware;Inspect cable connections;Review network driver logs;Monitor packet loss rate
369,0.5587,network_errors,Network Interface Issues,high,Feature #23;Feature #24,Check network hardware;Inspect cable connections;Review network driver logs;Monitor packet loss rate
370,0.5226,network_errors,Network Interface Issues,high,Feature #23;Feature #24,Check network hardware;Inspect cable connections;Review network driver logs;Monitor packet loss rate
371,0.5399,network_errors,Network Interface Issues,high,Feature #23;Feature #24,Check network hardware;Inspect cable connections;Review network driver logs;Monitor packet loss rate
372,0.5227,network_errors,Network Interface Issues,high,Feature #23;Feature #24,Check network hardware;Inspect cable connections;Review network driver logs;Monitor packet loss rate
373,0.5559,network_errors,Network Interface Issues,high,Feature #23;Feature #24,Check network hardware;Inspect cable connections;Review network driver logs;Monitor packet loss rate
376,0.5309,network_errors,Network Interface Issues,high,Feature #23;Feature #24,Check network hardware;Inspect cable connections;Review network driver logs;Monitor packet loss rate
377,0.5761,network_errors,Network Interface Issues,high,Feature #23;Feature #24,Check network hardware;Inspect cable connections;Review network driver logs;Monitor packet loss rate
378,0.5308,network_errors,Network Interface Issues,high,Feature #23;Feature #24,Check network hardware;Inspect cable connections;Review network driver logs;Monitor packet loss rate
379,0.5447,network_errors,Network Interface Issues,high,Feature #23;Feature #24,Check network hardware;Inspect cable connections;Review network driver logs;Monitor packet loss rate
380,0.538,network_errors,Network Interface Issues,high,Feature #23;Feature #24,Check network hardware;Inspect cable connections;Review network driver logs;Monitor packet loss rate
385,0.582,network_errors,Network Interface Issues,high,Feature #23;Feature #24,Check network hardware;Inspect cable connections;Review network driver logs;Monitor packet loss rate
386,0.5313,network_errors,Network Interface Issues,high,Feature #23;Feature #24,Check network hardware;Inspect cable connections;Review network driver logs;Monitor packet loss rate
387,0.5647,network_errors,Network Interface Issues,high,Feature #23;Feature #24,Check network hardware;Inspect cable connections;Review network driver logs;Monitor packet loss rate
388,0.5596,network_errors,Network Interface Issues,high,Feature #23;Feature #24,Check network hardware;Inspect cable connections;Review network driver logs;Monitor packet loss rate
389,0.5319,network_errors,Network Interface Issues,high,Feature #23;Feature #24,Check network hardware;Inspect cable connections;Review network driver logs;Monitor packet loss rate
390,0.5315,network_errors,Network Interface Issues,high,Feature #23;Feature #24,Check network hardware;Inspect cable connections;Review network driver logs;Monitor packet loss rate
391,0.5554,network_errors,Network Interface Issues,high,Feature #23;Feature #24,Check network hardware;Inspect cable connections;Review network driver logs;Monitor packet loss rate
392,0.5659,network_errors,Network Interface Issues,high,Feature #23;Feature #24,Check network hardware;Inspect cable connections;Review network driver logs;Monitor packet loss rate
393,0.5553,network_errors,Network Interface Issues,high,Feature #23;Feature #24,Check network hardware;Inspect cable connections;Review network driver logs;Monitor packet loss rate
395,0.5224,network_errors,Network Interface Issues,high,Feature #23;Feature #24,Check network hardware;Inspect cable connections;Review network driver logs;Monitor packet loss rate
397,0.5622,network_errors,Network Interface Issues,high,Feature #23;Feature #24,Check network hardware;Inspect cable connections;Review network driver logs;Monitor packet loss rate
398,0.5734,network_errors,Network Interface Issues,high,Feature #23;Feature #24,Check network hardware;Inspect cable connections;Review network driver logs;Monitor packet loss rate
402,0.5262,network_errors,Network Interface Issues,high,Feature #23;Feature #24,Check network hardware;Inspect cable connections;Review network driver logs;Monitor packet loss rate
403,0.558,network_errors,Network Interface Issues,high,Feature #23;Feature #24,Check network hardware;Inspect cable connections;Review network driver logs;Monitor packet loss rate
407,0.5271,network_errors,Network Interface Issues,high,Feature #23;Feature #24,Check network hardware;Inspect cable connections;Review network driver logs;Monitor packet loss rate
449,0.5369,network_errors,Network Interface Issues,high,Feature #23;Feature #24,Check network hardware;Inspect cable connections;Review network driver logs;Monitor packet loss rate
452,0.5234,network_errors,Network Interface Issues,high,Feature #23;Feature #24,Check network hardware;Inspect cable connections;Review network driver logs;Monitor packet loss rate
468,0.523,network_errors,Network Interface Issues,high,Feature #23;Feature #24,Check network hardware;Inspect cable connections;Review network driver logs;Monitor packet loss rate
469,0.5374,network_errors,Network Interface Issues,high,Feature #23;Feature #24,Check network hardware;Inspect cable connections;Review network driver logs;Monitor packet loss rate
472,0.5295,network_errors,Network Interface Issues,high,Feature #23;Feature #24,Check network hardware;Inspect cable connections;Review network driver logs;Monitor packet loss rate
1800,0.6143,network_errors,Network Interface Issues,high,Feature #23;Feature #24,Check network hardware;Inspect cable connections;Review network driver logs;Monitor packet loss rate
1801,0.5213,network_errors,Network Interface Issues,high,Feature #23;Feature #24,Check network hardware;Inspect cable connections;Review network driver logs;Monitor packet loss rate
1802,0.5829,network_errors,Network Interface Issues,high,Feature #23;Feature #24,Check network hardware;Inspect cable connections;Review network driver logs;Monitor packet loss rate
1803,0.5493,network_errors,Network Interface Issues,high,Feature #23;Feature #24,Check network hardware;Inspect cable connections;Review network driver logs;Monitor packet loss rate
1806,0.5326,network_errors,Network Interface Issues,high,Feature #23;Feature #24,Check network hardware;Inspect cable connections;Review network driver logs;Monitor packet loss rate
1807,0.5381,network_errors,Network Interface Issues,high,Feature #23;Feature #24,Check network hardware;Inspect cable connections;Review network driver logs;Monitor packet loss rate
1813,0.5521,network_errors,Network Interface Issues,high,Feature #23;Feature #24,Check network hardware;Inspect cable connections;Review network driver logs;Monitor packet loss rate
1814,0.5272,network_errors,Network Interface Issues,high,Feature #23;Feature #24,Check network hardware;Inspect cable connections;Review network driver logs;Monitor packet loss rate
1817,0.5444,network_errors,Network Interface Issues,high,Feature #23;Feature #24,Check network hardware;Inspect cable connections;Review network driver logs;Monitor packet loss rate
1822,0.5624,network_errors,Network Interface Issues,high,Feature #23;Feature #24,Check network hardware;Inspect cable connections;Review network driver logs;Monitor packet loss rate
1823,0.5814,network_errors,Network Interface Issues,high,Feature #23;Feature #24,Check network hardware;Inspect cable connections;Review network driver logs;Monitor packet loss rate
1824,0.5713,network_errors,Network Interface Issues,high,Feature #23;Feature #24,Check network hardware;Inspect cable connections;Review network driver logs;Monitor packet loss rate
1830,0.5631,network_errors,Network Interface Issues,high,Feature #23;Feature #24,Check network hardware;Inspect cable connections;Review network driver logs;Monitor packet loss rate
1833,0.568,network_errors,Network Interface Issues,high,Feature #23;Feature #24,Check network hardware;Inspect cable connections;Review network driver logs;Monitor packet loss rate
1835,0.534,network_errors,Network Interface Issues,high,Feature #23;Feature #24,Check network hardware;Inspect cable connections;Review network driver logs;Monitor packet loss rate
1837,0.5625,network_errors,Network Interface Issues,high,Feature #23;Feature #24,Check network hardware;Inspect cable connections;Review network driver logs;Monitor packet loss rate
1838,0.5319,network_errors,Network Interface Issues,high,Feature #23;Feature #24,Check network hardware;Inspect cable connections;Review network driver logs;Monitor packet loss rate
1839,0.5605,network_errors,Network Interface Issues,high,Feature #23;Feature #24,Check network hardware;Inspect cable connections;Review network driver logs;Monitor packet loss rate
1840,0.5599,network_errors,Network Interface Issues,high,Feature #23;Feature #24,Check network hardware;Inspect cable connections;Review network driver logs;Monitor packet loss rate
1841,0.5707,network_errors,Network Interface Issues,high,Feature #23;Feature #24,Check network hardware;Inspect cable connections;Review network driver logs;Monitor packet loss rate
1843,0.5442,network_errors,Network Interface Issues,high,Feature #23;Feature #24,Check network hardware;Inspect cable connections;Review network driver logs;Monitor packet loss rate
1845,0.5478,network_errors,Network Interface Issues,high,Feature #23;Feature #24,Check network hardware;Inspect cable connections;Review network driver logs;Monitor packet loss rate
1847,0.552,network_errors,Network Interface Issues,high,Feature #23;Feature #24,Check network hardware;Inspect cable connections;Review network driver logs;Monitor packet loss rate
1869,0.5375,network_errors,Network Interface Issues,high,Feature #23;Feature #24,Check network hardware;Inspect cable connections;Review network driver logs;Monitor packet loss rate
1870,0.5467,network_errors,Network Interface Issues,high,Feature #23;Feature #24,Check network hardware;Inspect cable connections;Review network driver logs;Monitor packet loss rate
1872,0.5537,network_errors,Network Interface Issues,high,Feature #23;Feature #24,Check network hardware;Inspect cable connections;Review network driver logs;Monitor packet loss rate
1873,0.5903,network_errors,Network Interface Issues,high,Feature #23;Feature #24,Check network hardware;Inspect cable connections;Review network driver logs;Monitor packet loss rate
1874,0.545,network_errors,Network Interface Issues,high,Feature #23;Feature #24,Check network hardware;Inspect cable connections;Review network driver logs;Monitor packet loss rate
1875,0.6112,network_errors,Network Interface Issues,high,Feature #23;Feature #24,Check network hardware;Inspect cable connections;Review network driver logs;Monitor packet loss rate
1876,0.5745,network_errors,Network Interface Issues,high,Feature #23;Feature #24,Check network hardware;Inspect cable connections;Review network driver logs;Monitor packet loss rate
1877,0.6538,network_errors,Network Interface Issues,high,Feature #23;Feature #24,Check network hardware;Inspect cable connections;Review network driver logs;Monitor packet loss rate
1878,0.6091,network_errors,Network Interface Issues,high,Feature #23;Feature #24,Check network hardware;Inspect cable connections;Review network driver logs;Monitor packet loss rate
1879,0.621,network_errors,Network Interface Issues,high,Feature #23;Feature #24,Check network hardware;Inspect cable connections;Review network driver logs;Monitor packet loss rate
1880,0.6145,network_errors,Network Interface Issues,high,Feature #23;Feature #24,Check network hardware;Inspect cable connections;Review network driver logs;Monitor packet loss rate
1881,0.6196,network_errors,Network Interface Issues,high,Feature #23;Feature #24,Check network hardware;Inspect cable connections;Review network driver logs;Monitor packet loss rate
1882,0.6773,network_errors,Network Interface Issues,high,Feature #23;Feature #24,Check network hardware;Inspect cable connections;Review network driver logs;Monitor packet loss rate
1883,0.6591,network_errors,Network Interface Issues,high,Feature #23;Feature #24,Check network hardware;Inspect cable connections;Review network driver logs;Monitor packet loss rate
1884,0.6187,network_errors,Network Interface Issues,high,Feature #23;Feature #24,Check network hardware;Inspect cable connections;Review network driver logs;Monitor packet loss rate
1885,0.6444,network_errors,Network Interface Issues,high,Feature #23;Feature #24,Check network hardware;Inspect cable connections;Review network driver logs;Monitor packet loss rate
1886,0.6602,network_errors,Network Interface Issues,high,Feature #23;Feature #24,Check network hardware;Inspect cable connections;Review network driver logs;Monitor packet loss rate
1887,0.6233,network_errors,Network Interface Issues,high,Feature #23;Feature #24,Check network hardware;Inspect cable connections;Review network driver logs;Monitor packet loss rate
1888,0.6691,network_errors,Network Interface Issues,high,Feature #23;Feature #24,Check network hardware;Inspect cable connections;Review network driver logs;Monitor packet loss rate
1889,0.653,network_errors,Network Interface Issues,high,Feature #23;Feature #24,Check network hardware;Inspect cable connections;Review network driver logs;Monitor packet loss rate
1890,0.6158,network_errors,Network Interface Issues,high,Feature #23;Feature #24,Check network hardware;Inspect cable connections;Review network driver logs;Monitor packet loss rate
1891,0.6904,network_errors,Network Interface Issues,high,Feature #23;Feature #24,Check network hardware;Inspect cable connections;Review network driver logs;Monitor packet loss rate
1892,0.6152,network_errors,Network Interface Issues,high,Feature #23;Feature #24,Check network hardware;Inspect cable connections;Review network driver logs;Monitor packet loss rate
1893,0.6756,network_errors,Network Interface Issues,high,Feature #23;Feature #24,Check network hardware;Inspect cable connections;Review network driver logs;Monitor packet loss rate
1894,0.6617,network_errors,Network Interface Issues,high,Feature #23;Feature #24,Check network hardware;Inspect cable connections;Review network driver logs;Monitor packet loss rate
1895,0.5865,network_errors,Network Interface Issues,high,Feature #23;Feature #24,Check network hardware;Inspect cable connections;Review network driver logs;Monitor packet loss rate
1896,0.6331,network_errors,Network Interface Issues,high,Feature #23;Feature #24,Check network hardware;Inspect cable connections;Review network driver logs;Monitor packet loss rate
1897,0.634,network_errors,Network Interface Issues,high,Feature #23;Feature #24,Check network hardware;Inspect cable connections;Review network driver logs;Monitor packet loss rate
1898,0.59,network_errors,Network Interface Issues,high,Feature #23;Feature #24,Check network hardware;Inspect cable connections;Review network driver logs;Monitor packet loss rate
1899,0.6239,network_errors,Network Interface Issues,high,Feature #23;Feature #24,Check network hardware;Inspect cable connections;Review network driver logs;Monitor packet loss rate
1900,0.545,network_errors,Network Interface Issues,high,Feature #23;Feature #24,Check network hardware;Inspect cable connections;Review network driver logs;Monitor packet loss rate
1901,0.5878,network_errors,Network Interface Issues,high,Feature #23;Feature #24,Check network hardware;Inspect cable connections;Review network driver logs;Monitor packet loss rate
1902,0.6104,network_errors,Network Interface Issues,high,Feature #23;Feature #24,Check network hardware;Inspect cable connections;Review network driver logs;Monitor packet loss rate
1903,0.5228,network_errors,Network Interface Issues,high,Feature #23;Feature #24,Check network hardware;Inspect cable connections;Review network driver logs;Monitor packet loss rate
1904,0.5302,network_errors,Network Interface Issues,high,Feature #23;Feature #24,Check network hardware;Inspect cable connections;Review network driver logs;Monitor packet loss rate
1905,0.5346,network_errors,Network Interface Issues,high,Feature #23;Feature #24,Check network hardware;Inspect cable connections;Review network driver logs;Monitor packet loss rate
1906,0.5569,network_errors,Network Interface Issues,high,Feature #23;Feature #24,Check network hardware;Inspect cable connections;Review network driver logs;Monitor packet loss rate
1907,0.601,network_errors,Network Interface Issues,high,Feature #23;Feature #24,Check network hardware;Inspect cable connections;Review network driver logs;Monitor packet loss rate
1908,0.6132,network_errors,Network Interface Issues,high,Feature #23;Feature #24,Check network hardware;Inspect cable connections;Review network driver logs;Monitor packet loss rate
1909,0.5428,network_errors,Network Interface Issues,high,Feature #23;Feature #24,Check network hardware;Inspect cable connections;Review network driver logs;Monitor packet loss rate
1910,0.6014,network_errors,Network Interface Issues,high,Feature #23;Feature #24,Check network hardware;Inspect cable connections;Review network driver logs;Monitor packet loss rate
1911,0.5511,network_errors,Network Interface Issues,high,Feature #23;Feature #24,Check network hardware;Inspect cable connections;Review network driver logs;Monitor packet loss rate
1912,0.5335,network_errors,Network Interface Issues,high,Feature #23;Feature #24,Check network hardware;Inspect cable connections;Review network driver logs;Monitor packet loss rate
1913,0.5937,network_errors,Network Interface Issues,high,Feature #23;Feature #24,Check network hardware;Inspect cable connections;Review network driver logs;Monitor packet loss rate
1916,0.5593,network_errors,Network Interface Issues,high,Feature #23;Feature #24,Check network hardware;Inspect cable connections;Review network driver logs;Monitor packet loss rate
3240,0.5398,network_errors,Network Interface Issues,high,Feature #23;Feature #24,Check network hardware;Inspect cable connections;Review network driver logs;Monitor packet loss rate
3241,0.52,network_errors,Network Interface Issues,high,Feature #23;Feature #24,Check network hardware;Inspect cable connections;Review network driver logs;Monitor packet loss rate
3247,0.5236,network_errors,Network Interface Issues,high,Feature #23;Feature #24,Check network hardware;Inspect cable connections;Review network driver logs;Monitor packet loss rate
3248,0.5295,network_errors,Network Interface Issues,high,Feature #23;Feature #24,Check network hardware;Inspect cable connections;Review network driver logs;Monitor packet loss rate
3250,0.5763,network_errors,Network Interface Issues,high,Feature #23;Feature #24,Check network hardware;Inspect cable connections;Review network driver logs;Monitor packet loss rate
3253,0.5366,network_errors,Network Interface Issues,high,Feature #23;Feature #24,Check network hardware;Inspect cable connections;Review network driver logs;Monitor packet loss rate
3254,0.5934,network_errors,Network Interface Issues,high,Feature #23;Feature #24,Check network hardware;Inspect cable connections;Review network driver logs;Monitor packet loss rate
3255,0.581,network_errors,Network Interface Issues,high,Feature #23;Feature #24,Check network hardware;Inspect cable connections;Review network driver logs;Monitor packet loss rate
3256,0.5374,network_errors,Network Interface Issues,high,Feature #23;Feature #24,Check network hardware;Inspect cable connections;Review network driver logs;Monitor packet loss rate
3258,0.553,network_errors,Network Interface Issues,high,Feature #23;Feature #24,Check network hardware;Inspect cable connections;Review network driver logs;Monitor packet loss rate
3259,0.5661,network_errors,Network Interface Issues,high,Feature #23;Feature #24,Check network hardware;Inspect cable connections;Review network driver logs;Monitor packet loss rate
3260,0.5781,network_errors,Network Interface Issues,high,Feature #23;Feature #24,Check network hardware;Inspect cable connections;Review network driver logs;Monitor packet loss rate
3261,0.5487,network_errors,Network Interface Issues,high,Feature #23;Feature #24,Check network hardware;Inspect cable connections;Review network driver logs;Monitor packet loss rate
3262,0.553,network_errors,Network Interface Issues,high,Feature #23;Feature #24,Check network hardware;Inspect cable connections;Review network driver logs;Monitor packet loss rate
3263,0.5686,network_errors,Network Interface Issues,high,Feature #23;Feature #24,Check network hardware;Inspect cable connections;Review network driver logs;Monitor packet loss rate
3264,0.5326,network_errors,Network Interface Issues,high,Feature #23;Feature #24,Check network hardware;Inspect cable connections;Review network driver logs;Monitor packet loss rate
3265,0.5422,network_errors,Network Interface Issues,high,Feature #23;Feature #24,Check network hardware;Inspect cable connections;Review network driver logs;Monitor packet loss rate
3266,0.53,network_errors,Network Interface Issues,high,Feature #23;Feature #24,Check network hardware;Inspect cable connections;Review network driver logs;Monitor packet loss rate
3267,0.5246,network_errors,Network Interface Issues,high,Feature #23;Feature #24,Check network hardware;Inspect cable connections;Review network driver logs;Monitor packet loss rate
3268,0.5411,network_errors,Network Interface Issues,high,Feature #23;Feature #24,Check network hardware;Inspect cable connections;Review network driver logs;Monitor packet loss rate
3269,0.5522,network_errors,Network Interface Issues,high,Feature #23;Feature #24,Check network hardware;Inspect cable connections;Review network driver logs;Monitor packet loss rate
3270,0.5778,network_errors,Network Interface Issues,high,Feature #23;Feature #24,Check network hardware;Inspect cable connections;Review network driver logs;Monitor packet loss rate
3271,0.5974,network_errors,Network Interface Issues,high,Feature #23;Feature #24,Check network hardware;Inspect cable connections;Review network driver logs;Monitor packet loss rate
3272,0.556,network_errors,Network Interface Issues,high,Feature #23;Feature #24,Check network hardware;Inspect cable connections;Review network driver logs;Monitor packet loss rate
3273,0.545,network_errors,Network Interface Issues,high,Feature #23;Feature #24,Check network hardware;Inspect cable connections;Review network driver logs;Monitor packet loss rate
3274,0.5422,network_errors,Network Interface Issues,high,Feature #23;Feature #24,Check network hardware;Inspect cable connections;Review network driver logs;Monitor packet loss rate
3275,0.5277,network_errors,Network Interface Issues,high,Feature #23;Feature #24,Check network hardware;Inspect cable connections;Review network driver logs;Monitor packet loss rate
3276,0.5995,network_errors,Network Interface Issues,high,Feature #23;Feature #24,Check network hardware;Inspect cable connections;Review network driver logs;Monitor packet loss rate
3277,0.5543,network_errors,Network Interface Issues,high,Feature #23;Feature #24,Check network hardware;Inspect cable connections;Review network driver logs;Monitor packet loss rate
3278,0.5326,network_errors,Network Interface Issues,high,Feature #23;Feature #24,Check network hardware;Inspect cable connections;Review network driver logs;Monitor packet loss rate
3280,0.5754,network_errors,Network Interface Issues,high,Feature #23;Feature #24,Check network hardware;Inspect cable connections;Review network driver logs;Monitor packet loss rate
3281,0.5369,network_errors,Network Interface Issues,high,Feature #23;Feature #24,Check network hardware;Inspect cable connections;Review network driver logs;Monitor packet loss rate
3283,0.5249,network_errors,Network Interface Issues,high,Feature #23;Feature #24,Check network hardware;Inspect cable connections;Review network driver logs;Monitor packet loss rate
3284,0.5689,network_errors,Network Interface Issues,high,Feature #23;Feature #24,Check network hardware;Inspect cable connections;Review network driver logs;Monitor packet loss rate
3285,0.5701,network_errors,Network Interface Issues,high,Feature #23;Feature #24,Check network hardware;Inspect cable connections;Review network driver logs;Monitor packet loss rate
3286,0.56,network_errors,Network Interface Issues,high,Feature #23;Feature #24,Check network hardware;Inspect cable connections;Review network driver logs;Monitor packet loss rate
3287,0.5438,network_errors,Network Interface Issues,high,Feature #23;Feature #24,Check network hardware;Inspect cable connections;Review network driver logs;Monitor packet loss rate
3288,0.5665,network_errors,Network Interface Issues,high,Feature #23;Feature #24,Check network hardware;Inspect cable connections;Review network driver logs;Monitor packet loss rate
3296,0.5251,network_errors,Network Interface Issues,high,Feature #23;Feature #24,Check network hardware;Inspect cable connections;Review network driver logs;Monitor packet loss rate
3301,0.5246,network_errors,Network Interface Issues,high,Feature #23;Feature #24,Check network hardware;Inspect cable connections;Review network driver logs;Monitor packet loss rate
3315,0.5297,network_errors,Network Interface Issues,high,Feature #23;Feature #24,Check network hardware;Inspect cable connections;Review network driver logs;Monitor packet loss rate
3317,0.5666,network_errors,Network Interface Issues,high,Feature #23;Feature #24,Check network hardware;Inspect cable connections;Review network driver logs;Monitor packet loss rate
3318,0.5591,network_errors,Network Interface Issues,high,Feature #23;Feature #24,Check network hardware;Inspect cable connections;Review network driver logs;Monitor packet loss rate
3320,0.5239,network_errors,Network Interface Issues,high,Feature #23;Feature #24,Check network hardware;Inspect cable connections;Review network driver logs;Monitor packet loss rate
3321,0.5246,network_errors,Network Interface Issues,high,Feature #23;Feature #24,Check network hardware;Inspect cable connections;Review network driver logs;Monitor packet loss rate
3322,0.5465,network_errors,Network Interface Issues,high,Feature #23;Feature #24,Check network hardware;Inspect cable connections;Review network driver logs;Monitor packet loss rate
3323,0.6044,network_errors,Network Interface Issues,high,Feature #23;Feature #24,Check network hardware;Inspect cable connections;Review network driver logs;Monitor packet loss rate
3324,0.5841,network_errors,Network Interface Issues,high,Feature #23;Feature #24,Check network hardware;Inspect cable connections;Review network driver logs;Monitor packet loss rate
3325,0.577,network_errors,Network Interface Issues,high,Feature #23;Feature #24,Check network hardware;Inspect cable connections;Review network driver logs;Monitor packet loss rate
3326,0.6378,network_errors,Network Interface Issues,high,Feature #23;Feature #24,Check network hardware;Inspect cable connections;Review network driver logs;Monitor packet loss rate
3327,0.5964,network_errors,Network Interface Issues,high,Feature #23;Feature #24,Check network hardware;Inspect cable connections;Review network driver logs;Monitor packet loss rate
3328,0.5981,network_errors,Network Interface Issues,high,Feature #23;Feature #24,Check network hardware;Inspect cable connections;Review network driver logs;Monitor packet loss rate
3329,0.6339,network_errors,Network Interface Issues,high,Feature #23;Feature #24,Check network hardware;Inspect cable connections;Review network driver logs;Monitor packet loss rate
3330,0.6484,network_errors,Network Interface Issues,high,Feature #23;Feature #24,Check network hardware;Inspect cable connections;Review network driver logs;Monitor packet loss rate
3331,0.6069,network_errors,Network Interface Issues,high,Feature #23;Feature #24,Check network hardware;Inspect cable connections;Review network driver logs;Monitor packet loss rate
3332,0.6556,network_errors,Network Interface Issues,high,Feature #23;Feature #24,Check network hardware;Inspect cable connections;Review network driver logs;Monitor packet loss rate
3333,0.6544,network_errors,Network Interface Issues,high,Feature #23;Feature #24,Check network hardware;Inspect cable connections;Review network driver logs;Monitor packet loss rate
3334,0.6062,network_errors,Network Interface Issues,high,Feature #23;Feature #24,Check network hardware;Inspect cable connections;Review network driver logs;Monitor packet loss rate
3335,0.6116,network_errors,Network Interface Issues,high,Feature #23;Feature #24,Check network hardware;Inspect cable connections;Review network driver logs;Monitor packet loss rate
3336,0.6135,network_errors,Network Interface Issues,high,Feature #23;Feature #24,Check network hardware;Inspect cable connections;Review network driver logs;Monitor packet loss rate
3337,0.5781,network_errors,Network Interface Issues,high,Feature #23;Feature #24,Check network hardware;Inspect cable connections;Review network driver logs;Monitor packet loss rate
3338,0.6255,network_errors,Network Interface Issues,high,Feature #23;Feature #24,Check network hardware;Inspect cable connections;Review network driver logs;Monitor packet loss rate
3339,0.5571,network_errors,Network Interface Issues,high,Feature #23;Feature #24,Check network hardware;Inspect cable connections;Review network driver logs;Monitor packet loss rate
3340,0.614,network_errors,Network Interface Issues,high,Feature #23;Feature #24,Check network hardware;Inspect cable connections;Review network driver logs;Monitor packet loss rate
3341,0.6019,network_errors,Network Interface Issues,high,Feature #23;Feature #24,Check network hardware;Inspect cable connections;Review network driver logs;Monitor packet loss rate
3342,0.5655,network_errors,Network Interface Issues,high,Feature #23;Feature #24,Check network hardware;Inspect cable connections;Review network driver logs;Monitor packet loss rate
3343,0.5681,network_errors,Network Interface Issues,high,Feature #23;Feature #24,Check network hardware;Inspect cable connections;Review network driver logs;Monitor packet loss rate
3346,0.582,network_errors,Network Interface Issues,high,Feature #23;Feature #24,Check network hardware;Inspect cable connections;Review network driver logs;Monitor packet loss rate
3347,0.6395,network_errors,Network Interface Issues,high,Feature #23;Feature #24,Check network hardware;Inspect cable connections;Review network driver logs;Monitor packet loss rate
3348,0.5864,network_errors,Network Interface Issues,high,Feature #23;Feature #24,Check network hardware;Inspect cable connections;Review network driver logs;Monitor packet loss rate
3349,0.6181,network_errors,Network Interface Issues,high,Feature #23;Feature #24,Check network hardware;Inspect cable connections;Review network driver logs;Monitor packet loss rate
3350,0.6264,network_errors,Network Interface Issues,high,Feature #23;Feature #24,Check network hardware;Inspect cable connections;Review network driver logs;Monitor packet loss rate
3351,0.5523,network_errors,Network Interface Issues,high,Feature #23;Feature #24,Check network hardware;Inspect cable connections;Review network driver logs;Monitor packet loss rate
3352,0.603,network_errors,Network Interface Issues,high,Feature #23;Feature #24,Check network hardware;Inspect cable connections;Review network driver logs;Monitor packet loss rate
3353,0.5662,network_errors,Network Interface Issues,high,Feature #23;Feature #24,Check network hardware;Inspect cable connections;Review network driver logs;Monitor packet loss rate
3354,0.5245,network_errors,Network Interface Issues,high,Feature #23;Feature #24,Check network hardware;Inspect cable connections;Review network driver logs;Monitor packet loss rate
3355,0.597,network_errors,Network Interface Issues,high,Feature #23;Feature #24,Check network hardware;Inspect cable connections;Review network driver logs;Monitor packet loss rate
3358,0.5682,network_errors,Network Interface Issues,high,Feature #23;Feature #24,Check network hardware;Inspect cable connections;Review network driver logs;Monitor packet loss rate
3360,0.5829,network_errors,Network Interface Issues,high,Feature #23;Feature #24,Check network hardware;Inspect cable connections;Review network driver logs;Monitor packet loss rate
3361,0.5602,network_errors,Network Interface Issues,high,Feature #23;Feature #24,Check network hardware;Inspect cable connections;Review network driver logs;Monitor packet loss rate
4681,0.5232,network_errors,Network Interface Issues,high,Feature #23;Feature #24,Check network hardware;Inspect cable connections;Review network driver logs;Monitor packet loss rate
4691,0.5326,network_errors,Network Interface Issues,high,Feature #23;Feature #24,Check network hardware;Inspect cable connections;Review network driver logs;Monitor packet loss rate
4693,0.5363,network_errors,Network Interface Issues,high,Feature #23;Feature #24,Check network hardware;Inspect cable connections;Review network driver logs;Monitor packet loss rate
4696,0.5455,network_errors,Network Interface Issues,high,Feature #23;Feature #24,Check network hardware;Inspect cable connections;Review network driver logs;Monitor packet loss rate
4701,0.5669,network_errors,Network Interface Issues,high,Feature #23;Feature #24,Check network hardware;Inspect cable connections;Review network driver logs;Monitor packet loss rate
4703,0.5469,network_errors,Network Interface Issues,high,Feature #23;Feature #24,Check network hardware;Inspect cable connections;Review network driver logs;Monitor packet loss rate
4705,0.5371,network_errors,Network Interface Issues,high,Feature #23;Feature #24,Check network hardware;Inspect cable connections;Review network driver logs;Monitor packet loss rate
4706,0.5273,network_errors,Network Interface Issues,high,Feature #23;Feature #24,Check network hardware;Inspect cable connections;Review network driver logs;Monitor packet loss rate
4710,0.5798,network_errors,Network Interface Issues,high,Feature #23;Feature #24,Check network hardware;Inspect cable connections;Review network driver logs;Monitor packet loss rate
4711,0.5445,network_errors,Network Interface Issues,high,Feature #23;Feature #24,Check network hardware;Inspect cable connections;Review network driver logs;Monitor packet loss rate
4712,0.5335,network_errors,Network Interface Issues,high,Feature #23;Feature #24,Check network hardware;Inspect cable connections;Review network driver logs;Monitor packet loss rate
4713,0.5216,network_errors,Network Interface Issues,high,Feature #23;Feature #24,Check network hardware;Inspect cable connections;Review network driver logs;Monitor packet loss rate
4715,0.5289,network_errors,Network Interface Issues,high,Feature #23;Feature #24,Check network hardware;Inspect cable connections;Review network driver logs;Monitor packet loss rate
4721,0.5476,network_errors,Network Interface Issues,high,Feature #23;Feature #24,Check network hardware;Inspect cable connections;Review network driver logs;Monitor packet loss rate
4724,0.5254,network_errors,Network Interface Issues,high,Feature #23;Feature #24,Check network hardware;Inspect cable connections;Review network driver logs;Monitor packet loss rate
4725,0.5636,network_errors,Network Interface Issues,high,Feature #23;Feature #24,Check network hardware;Inspect cable connections;Review network driver logs;Monitor packet loss rate
4727,0.5245,network_errors,Network Interface Issues,high,Feature #23;Feature #24,Check network hardware;Inspect cable connections;Review network driver logs;Monitor packet loss rate
4755,0.6048,network_errors,Network Interface Issues,high,Feature #23;Feature #24,Check network hardware;Inspect cable connections;Review network driver logs;Monitor packet loss rate
4756,0.5741,network_errors,Network Interface Issues,high,Feature #23;Feature #24,Check network hardware;Inspect cable connections;Review network driver logs;Monitor packet loss rate
4757,0.6411,network_errors,Network Interface Issues,high,Feature #23;Feature #24,Check network hardware;Inspect cable connections;Review network driver logs;Monitor packet loss rate
4758,0.6186,network_errors,Network Interface Issues,high,Feature #23;Feature #24,Check network hardware;Inspect cable connections;Review network driver logs;Monitor packet loss rate
4759,0.5825,network_errors,Network Interface Issues,high,Feature #23;Feature #24,Check network hardware;Inspect cable connections;Review network driver logs;Monitor packet loss rate
4760,0.6317,network_errors,Network Interface Issues,high,Feature #23;Feature #24,Check network hardware;Inspect cable connections;Review network driver logs;Monitor packet loss rate
4761,0.6618,network_errors,Network Interface Issues,high,Feature #23;Feature #24,Check network hardware;Inspect cable connections;Review network driver logs;Monitor packet loss rate
4762,0.618,network_errors,Network Interface Issues,high,Feature #23;Feature #24,Check network hardware;Inspect cable connections;Review network driver logs;Monitor packet loss rate
4763,0.65,network_errors,Network Interface Issues,high,Feature #23;Feature #24,Check network hardware;Inspect cable connections;Review network driver logs;Monitor packet loss rate
4764,0.6656,network_errors,Network Interface Issues,high,Feature #23;Feature #24,Check network hardware;Inspect cable connections;Review network driver logs;Monitor packet loss rate
4765,0.6487,network_errors,Network Interface Issues,high,Feature #23;Feature #24,Check network hardware;Inspect cable connections;Review network driver logs;Monitor packet loss rate
4766,0.6375,network_errors,Network Interface Issues,high,Feature #23;Feature #24,Check network hardware;Inspect cable connections;Review network driver logs;Monitor packet loss rate
4767,0.6328,network_errors,Network Interface Issues,high,Feature #23;Feature #24,Check network hardware;Inspect cable connections;Review network driver logs;Monitor packet loss rate
4768,0.6668,network_errors,Network Interface Issues,high,Feature #23;Feature #24,Check network hardware;Inspect cable connections;Review network driver logs;Monitor packet loss rate
4769,0.6391,network_errors,Network Interface Issues,high,Feature #23;Feature #24,Check network hardware;Inspect cable connections;Review network driver logs;Monitor packet loss rate
4770,0.591,network_errors,Network Interface Issues,high,Feature #23;Feature #24,Check network hardware;Inspect cable connections;Review network driver logs;Monitor packet loss rate
4771,0.6783,network_errors,Network Interface Issues,high,Feature #23;Feature #24,Check network hardware;Inspect cable connections;Review network driver logs;Monitor packet loss rate
4772,0.6483,network_errors,Network Interface Issues,high,Feature #23;Feature #24,Check network hardware;Inspect cable connections;Review network driver logs;Monitor packet loss rate
4773,0.6785,network_errors,Network Interface Issues,high,Feature #23;Feature #24,Check network hardware;Inspect cable connections;Review network driver logs;Monitor packet loss rate
4774,0.6508,network_errors,Network Interface Issues,high,Feature #23;Feature #24,Check network hardware;Inspect cable connections;Review network driver logs;Monitor packet loss rate
4775,0.5815,network_errors,Network Interface Issues,high,Feature #23;Feature #24,Check network hardware;Inspect cable connections;Review network driver logs;Monitor packet loss rate
4776,0.6673,network_errors,Network Interface Issues,high,Feature #23;Feature #24,Check network hardware;Inspect cable connections;Review network driver logs;Monitor packet loss rate
4777,0.6212,network_errors,Network Interface Issues,high,Feature #23;Feature #24,Check network hardware;Inspect cable connections;Review network driver logs;Monitor packet loss rate
4778,0.5936,network_errors,Network Interface Issues,high,Feature #23;Feature #24,Check network hardware;Inspect cable connections;Review network driver logs;Monitor packet loss rate
4779,0.6117,network_errors,Network Interface Issues,high,Feature #23;Feature #24,Check network hardware;Inspect cable connections;Review network driver logs;Monitor packet loss rate
4780,0.6613,network_errors,Network Interface Issues,high,Feature #23;Feature #24,Check network hardware;Inspect cable connections;Review network driver logs;Monitor packet loss rate
4781,0.5748,network_errors,Network Interface Issues,high,Feature #23;Feature #24,Check network hardware;Inspect cable connections;Review network driver logs;Monitor packet loss rate
4782,0.6059,network_errors,Network Interface Issues,high,Feature #23;Feature #24,Check network hardware;Inspect cable connections;Review network driver logs;Monitor packet loss rate
4783,0.6044,network_errors,Network Interface Issues,high,Feature #23;Feature #24,Check network hardware;Inspect cable connections;Review network driver logs;Monitor packet loss rate
4784,0.5348,network_errors,Network Interface Issues,high,Feature #23;Feature #24,Check network hardware;Inspect cable connections;Review network driver logs;Monitor packet loss rate
4785,0.6164,network_errors,Network Interface Issues,high,Feature #23;Feature #24,Check network hardware;Inspect cable connections;Review network driver logs;Monitor packet loss rate
4786,0.5989,network_errors,Network Interface Issues,high,Feature #23;Feature #24,Check network hardware;Inspect cable connections;Review network driver logs;Monitor packet loss rate
4787,0.6321,network_errors,Network Interface Issues,high,Feature #23;Feature #24,Check network hardware;Inspect cable connections;Review network driver logs;Monitor packet loss rate
4788,0.5663,network_errors,Network Interface Issues,high,Feature #23;Feature #24,Check network hardware;Inspect cable connections;Review network driver logs;Monitor packet loss rate
4793,0.542,network_errors,Network Interface Issues,high,Feature #23;Feature #24,Check network hardware;Inspect cable connections;Review network driver logs;Monitor packet loss rate
6121,0.5389,network_errors,Network Interface Issues,high,Feature #23;Feature #24,Check network hardware;Inspect cable connections;Review network driver logs;Monitor packet loss rate
6129,0.5272,network_errors,Network Interface Issues,high,Feature #23;Feature #24,Check network hardware;Inspect cable connections;Review network driver logs;Monitor packet loss rate
6130,0.5212,network_errors,Network Interface Issues,high,Feature #23;Feature #24,Check network hardware;Inspect cable connections;Review network driver logs;Monitor packet loss rate
6131,0.5626,network_errors,Network Interface Issues,high,Feature #23;Feature #24,Check network hardware;Inspect cable connections;Review network driver logs;Monitor packet loss rate
6137,0.5501,network_errors,Network Interface Issues,high,Feature #23;Feature #24,Check network hardware;Inspect cable connections;Review network driver logs;Monitor packet loss rate
6144,0.5402,network_errors,Network Interface Issues,high,Feature #23;Feature #24,Check network hardware;Inspect cable connections;Review network driver logs;Monitor packet loss rate
6150,0.5512,network_errors,Network Interface Issues,high,Feature #23;Feature #24,Check network hardware;Inspect cable connections;Review network driver logs;Monitor packet loss rate
6151,0.5984,network_errors,Network Interface Issues,high,Feature #23;Feature #24,Check network hardware;Inspect cable connections;Review network driver logs;Monitor packet loss rate
6153,0.544,network_errors,Network Interface Issues,high,Feature #23;Feature #24,Check network hardware;Inspect cable connections;Review network driver logs;Monitor packet loss rate
6154,0.521,network_errors,Network Interface Issues,high,Feature #23;Feature #24,Check network hardware;Inspect cable connections;Review network driver logs;Monitor packet loss rate
6155,0.5201,network_errors,Network Interface Issues,high,Feature #23;Feature #24,Check network hardware;Inspect cable connections;Review network driver logs;Monitor packet loss rate
6158,0.5303,network_errors,Network Interface Issues,high,Feature #23;Feature #24,Check network hardware;Inspect cable connections;Review network driver logs;Monitor packet loss rate
6159,0.5614,network_errors,Network Interface Issues,high,Feature #23;Feature #24,Check network hardware;Inspect cable connections;Review network driver logs;Monitor packet loss rate
6160,0.538,network_errors,Network Interface Issues,high,Feature #23;Feature #24,Check network hardware;Inspect cable connections;Review network driver logs;Monitor packet loss rate
6166,0.5306,network_errors,Network Interface Issues,high,Feature #23;Feature #24,Check network hardware;Inspect cable connections;Review network driver logs;Monitor packet loss rate
6195,0.5717,network_errors,Network Interface Issues,high,Feature #23;Feature #24,Check network hardware;Inspect cable connections;Review network driver logs;Monitor packet loss rate
6196,0.5694,network_errors,Network Interface Issues,high,Feature #23;Feature #24,Check network hardware;Inspect cable connections;Review network driver logs;Monitor packet loss rate
6197,0.573,network_errors,Network Interface Issues,high,Feature #23;Feature #24,Check network hardware;Inspect cable connections;Review network driver logs;Monitor packet loss rate
6198,0.5975,network_errors,Network Interface Issues,high,Feature #23;Feature #24,Check network hardware;Inspect cable connections;Review network driver logs;Monitor packet loss rate
6199,0.5971,network_errors,Network Interface Issues,high,Feature #23;Feature #24,Check network hardware;Inspect cable connections;Review network driver logs;Monitor packet loss rate
6200,0.5326,network_errors,Network Interface Issues,high,Feature #23;Feature #24,Check network hardware;Inspect cable connections;Review network driver logs;Monitor packet loss rate
6201,0.5757,network_errors,Network Interface Issues,high,Feature #23;Feature #24,Check network hardware;Inspect cable connections;Review network driver logs;Monitor packet loss rate
6202,0.5789,network_errors,Network Interface Issues,high,Feature #23;Feature #24,Check network hardware;Inspect cable connections;Review network driver logs;Monitor packet loss rate
6203,0.5617,network_errors,Network Interface Issues,high,Feature #23;Feature #24,Check network hardware;Inspect cable connections;Review network driver logs;Monitor packet loss rate
6204,0.6357,network_errors,Network Interface Issues,high,Feature #23;Feature #24,Check network hardware;Inspect cable connections;Review network driver logs;Monitor packet loss rate
6205,0.6317,network_errors,Network Interface Issues,high,Feature #23;Feature #24,Check network hardware;Inspect cable connections;Review network driver logs;Monitor packet loss rate
6206,0.6043,network_errors,Network Interface Issues,high,Feature #23;Feature #24,Check network hardware;Inspect cable connections;Review network driver logs;Monitor packet loss rate
6207,0.666,network_errors,Network Interface Issues,high,Feature #23;Feature #24,Check network hardware;Inspect cable connections;Review network driver logs;Monitor packet loss rate
6208,0.647,network_errors,Network Interface Issues,high,Feature #23;Feature #24,Check network hardware;Inspect cable connections;Review network driver logs;Monitor packet loss rate
6209,0.6,network_errors,Network Interface Issues,high,Feature #23;Feature #24,Check network hardware;Inspect cable connections;Review network driver logs;Monitor packet loss rate
6210,0.668,network_errors,Network Interface Issues,high,Feature #23;Feature #24,Check network hardware;Inspect cable connections;Review network driver logs;Monitor packet loss rate
6211,0.6559,network_errors,Network Interface Issues,high,Feature #23;Feature #24,Check network hardware;Inspect cable connections;Review network driver logs;Monitor packet loss rate
6212,0.6079,network_errors,Network Interface Issues,high,Feature #23;Feature #24,Check network hardware;Inspect cable connections;Review network driver logs;Monitor packet loss rate
6213,0.6332,network_errors,Network Interface Issues,high,Feature #23;Feature #24,Check network hardware;Inspect cable connections;Review network driver logs;Monitor packet loss rate
6214,0.6611,network_errors,Network Interface Issues,high,Feature #23;Feature #24,Check network hardware;Inspect cable connections;Review network driver logs;Monitor packet loss rate
6215,0.5945,network_errors,Network Interface Issues,high,Feature #23;Feature #24,Check network hardware;Inspect cable connections;Review network driver logs;Monitor packet loss rate
6216,0.6685,network_errors,Network Interface Issues,high,Feature #23;Feature #24,Check network hardware;Inspect cable connections;Review network driver logs;Monitor packet loss rate
6217,0.6524,network_errors,Network Interface Issues,high,Feature #23;Feature #24,Check network hardware;Inspect cable connections;Review network driver logs;Monitor packet loss rate
6218,0.5967,network_errors,Network Interface Issues,high,Feature #23;Feature #24,Check network hardware;Inspect cable connections;Review network driver logs;Monitor packet loss rate
6219,0.6345,network_errors,Network Interface Issues,high,Feature #23;Feature #24,Check network hardware;Inspect cable connections;Review network driver logs;Monitor packet loss rate
6220,0.6023,network_errors,Network Interface Issues,high,Feature #23;Feature #24,Check network hardware;Inspect cable connections;Review network driver logs;Monitor packet loss rate
6221,0.6086,network_errors,Network Interface Issues,high,Feature #23;Feature #24,Check network hardware;Inspect cable connections;Review network driver logs;Monitor packet loss rate
6222,0.6345,network_errors,Network Interface Issues,high,Feature #23;Feature #24,Check network hardware;Inspect cable connections;Review network driver logs;Monitor packet loss rate
6223,0.605,network_errors,Network Interface Issues,high,Feature #23;Feature #24,Check network hardware;Inspect cable connections;Review network driver logs;Monitor packet loss rate
6224,0.5563,network_errors,Network Interface Issues,high,Feature #23;Feature #24,Check network hardware;Inspect cable connections;Review network driver logs;Monitor packet loss rate
6225,0.5785,network_errors,Network Interface Issues,high,Feature #23;Feature #24,Check network hardware;Inspect cable connections;Review network driver logs;Monitor packet loss rate
6226,0.607,network_errors,Network Interface Issues,high,Feature #23;Feature #24,Check network hardware;Inspect cable connections;Review network driver logs;Monitor packet loss rate
6227,0.5745,network_errors,Network Interface Issues,high,Feature #23;Feature #24,Check network hardware;Inspect cable connections;Review network driver logs;Monitor packet loss rate
6228,0.6223,network_errors,Network Interface Issues,high,Feature #23;Feature #24,Check network hardware;Inspect cable connections;Review network driver logs;Monitor packet loss rate
6229,0.5855,network_errors,Network Interface Issues,high,Feature #23;Feature #24,Check network hardware;Inspect cable connections;Review network driver logs;Monitor packet loss rate
7570,0.5384,network_errors,Network Interface Issues,high,Feature #23;Feature #24,Check network hardware;Inspect cable connections;Review network driver logs;Monitor packet loss rate
7590,0.5261,network_errors,Network Interface Issues,high,Feature #23;Feature #24,Check network hardware;Inspect cable connections;Review network driver logs;Monitor packet loss rate
7595,0.5234,network_errors,Network Interface Issues,high,Feature #23;Feature #24,Check network hardware;Inspect cable connections;Review network driver logs;Monitor packet loss rate
7604,0.5351,network_errors,Network Interface Issues,high,Feature #23;Feature #24,Check network hardware;Inspect cable connections;Review network driver logs;Monitor packet loss rate
7656,0.5206,network_errors,Network Interface Issues,high,Feature #23;Feature #24,Check network hardware;Inspect cable connections;Review network driver logs;Monitor packet loss rate
7659,0.5292,network_errors,Network Interface Issues,high,Feature #23;Feature #24,Check network hardware;Inspect cable connections;Review network driver logs;Monitor packet loss rate
7661,0.5983,network_errors,Network Interface Issues,high,Feature #23;Feature #24,Check network hardware;Inspect cable connections;Review network driver logs;Monitor packet loss rate
7662,0.6342,network_errors,Network Interface Issues,high,Feature #23;Feature #24,Check network hardware;Inspect cable connections;Review network driver logs;Monitor packet loss rate
7663,0.5318,network_errors,Network Interface Issues,high,Feature #23;Feature #24,Check network hardware;Inspect cable connections;Review network driver logs;Monitor packet loss rate
7664,0.6375,network_errors,Network Interface Issues,high,Feature #23;Feature #24,Check network hardware;Inspect cable connections;Review network driver logs;Monitor packet loss rate
7665,0.5961,network_errors,Network Interface Issues,high,Feature #23;Feature #24,Check network hardware;Inspect cable connections;Review network driver logs;Monitor packet loss rate
7666,0.605,network_errors,Network Interface Issues,high,Feature #23;Feature #24,Check network hardware;Inspect cable connections;Review network driver logs;Monitor packet loss rate
7667,0.6465,network_errors,Network Interface Issues,high,Feature #23;Feature #24,Check network hardware;Inspect cable connections;Review network driver logs;Monitor packet loss rate
7668,0.6314,network_errors,Network Interface Issues,high,Feature #23;Feature #24,Check network hardware;Inspect cable connections;Review network driver logs;Monitor packet loss rate
7669,0.595,network_errors,Network Interface Issues,high,Feature #23;Feature #24,Check network hardware;Inspect cable connections;Review network driver logs;Monitor packet loss rate
7670,0.6376,network_errors,Network Interface Issues,high,Feature #23;Feature #24,Check network hardware;Inspect cable connections;Review network driver logs;Monitor packet loss rate
7671,0.623,network_errors,Network Interface Issues,high,Feature #23;Feature #24,Check network hardware;Inspect cable connections;Review network driver logs;Monitor packet loss rate
7672,0.6063,network_errors,Network Interface Issues,high,Feature #23;Feature #24,Check network hardware;Inspect cable connections;Review network driver logs;Monitor packet loss rate
7673,0.6223,network_errors,Network Interface Issues,high,Feature #23;Feature #24,Check network hardware;Inspect cable connections;Review network driver logs;Monitor packet loss rate
7674,0.5837,network_errors,Network Interface Issues,high,Feature #23;Feature #24,Check network hardware;Inspect cable connections;Review network driver logs;Monitor packet loss rate
7675,0.6305,network_errors,Network Interface Issues,high,Feature #23;Feature #24,Check network hardware;Inspect cable connections;Review network driver logs;Monitor packet loss rate
7676,0.5922,network_errors,Network Interface Issues,high,Feature #23;Feature #24,Check network hardware;Inspect cable connections;Review network driver logs;Monitor packet loss rate
7677,0.5703,network_errors,Network Interface Issues,high,Feature #23;Feature #24,Check network hardware;Inspect cable connections;Review network driver logs;Monitor packet loss rate
7678,0.594,network_errors,Network Interface Issues,high,Feature #23;Feature #24,Check network hardware;Inspect cable connections;Review network driver logs;Monitor packet loss rate
7679,0.5578,network_errors,Network Interface Issues,high,Feature #23;Feature #24,Check network hardware;Inspect cable connections;Review network driver logs;Monitor packet loss rate
7680,0.6227,network_errors,Network Interface Issues,high,Feature #23;Feature #24,Check network hardware;Inspect cable connections;Review network driver logs;Monitor packet loss rate
7681,0.6333,network_errors,Network Interface Issues,high,Feature #23;Feature #24,Check network hardware;Inspect cable connections;Review network driver logs;Monitor packet loss rate
7682,0.5981,network_errors,Network Interface Issues,high,Feature #23;Feature #24,Check network hardware;Inspect cable connections;Review network driver logs;Monitor packet loss rate
7683,0.625,network_errors,Network Interface Issues,high,Feature #23;Feature #24,Check network hardware;Inspect cable connections;Review network driver logs;Monitor packet loss rate
7684,0.629,network_errors,Network Interface Issues,high,Feature #23;Feature #24,Check network hardware;Inspect cable connections;Review network driver logs;Monitor packet loss rate
7685,0.5624,network_errors,Network Interface Issues,high,Feature #23;Feature #24,Check network hardware;Inspect cable connections;Review network driver logs;Monitor packet loss rate
7686,0.6364,network_errors,Network Interface Issues,high,Feature #23;Feature #24,Check network hardware;Inspect cable connections;Review network driver logs;Monitor packet loss rate
7687,0.5685,network_errors,Network Interface Issues,high,Feature #23;Feature #24,Check network hardware;Inspect cable connections;Review network driver logs;Monitor packet loss rate
7688,0.5824,network_errors,Network Interface Issues,high,Feature #23;Feature #24,Check network hardware;Inspect cable connections;Review network driver logs;Monitor packet loss rate
7689,0.6147,network_errors,Network Interface Issues,high,Feature #23;Feature #24,Check network hardware;Inspect cable connections;Review network driver logs;Monitor packet loss rate
7690,0.583,network_errors,Network Interface Issues,high,Feature #23;Feature #24,Check network hardware;Inspect cable connections;Review network driver logs;Monitor packet loss rate
7691,0.609,network_errors,Network Interface Issues,high,Feature #23;Feature #24,Check network hardware;Inspect cable connections;Review network driver logs;Monitor packet loss rate
7692,0.6204,network_errors,Network Interface Issues,high,Feature #23;Feature #24,Check network hardware;Inspect cable connections;Review network driver logs;Monitor packet loss rate
7693,0.5673,network_errors,Network Interface Issues,high,Feature #23;Feature #24,Check network hardware;Inspect cable connections;Review network driver logs;Monitor packet loss rate
7694,0.5859,network_errors,Network Interface Issues,high,Feature #23;Feature #24,Check network hardware;Inspect cable connections;Review network driver logs;Monitor packet loss rate
7695,0.5752,network_errors,Network Interface Issues,high,Feature #23;Feature #24,Check network hardware;Inspect cable connections;Review network driver logs;Monitor packet loss rate
7696,0.5337,network_errors,Network Interface Issues,high,Feature #23;Feature #24,Check network hardware;Inspect cable connections;Review network driver logs;Monitor packet loss rate
7697,0.5893,network_errors,Network Interface Issues,high,Feature #23;Feature #24,Check network hardware;Inspect cable connections;Review network driver logs;Monitor packet loss rate
7698,0.5494,network_errors,Network Interface Issues,high,Feature #23;Feature #24,Check network hardware;Inspect cable connections;Review network driver logs;Monitor packet loss rate
7700,0.5297,network_errors,Network Interface Issues,high,Feature #23;Feature #24,Check network hardware;Inspect cable connections;Review network driver logs;Monitor packet loss rate
9000,0.5394,network_errors,Network Interface Issues,high,Feature #23;Feature #24,Check network hardware;Inspect cable connections;Review network driver logs;Monitor packet loss rate
9001,0.5546,network_errors,Network Interface Issues,high,Feature #23;Feature #24,Check network hardware;Inspect cable connections;Review network driver logs;Monitor packet loss rate
9002,0.5698,network_errors,Network Interface Issues,high,Feature #23;Feature #24,Check network hardware;Inspect cable connections;Review network driver logs;Monitor packet loss rate
9003,0.578,network_errors,Network Interface Issues,high,Feature #23;Feature #24,Check network hardware;Inspect cable connections;Review network driver logs;Monitor packet loss rate
9004,0.5222,network_errors,Network Interface Issues,high,Feature #23;Feature #24,Check network hardware;Inspect cable connections;Review network driver logs;Monitor packet loss rate
9005,0.5527,network_errors,Network Interface Issues,high,Feature #23;Feature #24,Check network hardware;Inspect cable connections;Review network driver logs;Monitor packet loss rate
9006,0.5456,network_errors,Network Interface Issues,high,Feature #23;Feature #24,Check network hardware;Inspect cable connections;Review network driver logs;Monitor packet loss rate
9007,0.5577,network_errors,Network Interface Issues,high,Feature #23;Feature #24,Check network hardware;Inspect cable connections;Review network driver logs;Monitor packet loss rate
9008,0.5742,network_errors,Network Interface Issues,high,Feature #23;Feature #24,Check network hardware;Inspect cable connections;Review network driver logs;Monitor packet loss rate
9011,0.5694,network_errors,Network Interface Issues,high,Feature #23;Feature #24,Check network hardware;Inspect cable connections;Review network driver logs;Monitor packet loss rate
9012,0.5667,network_errors,Network Interface Issues,high,Feature #23;Feature #24,Check network hardware;Inspect cable connections;Review network driver logs;Monitor packet loss rate
9013,0.5607,network_errors,Network Interface Issues,high,Feature #23;Feature #24,Check network hardware;Inspect cable connections;Review network driver logs;Monitor packet loss rate
9014,0.5556,network_errors,Network Interface Issues,high,Feature #23;Feature #24,Check network hardware;Inspect cable connections;Review network driver logs;Monitor packet loss rate
9015,0.5885,network_errors,Network Interface Issues,high,Feature #23;Feature #24,Check network hardware;Inspect cable connections;Review network driver logs;Monitor packet loss rate
9016,0.5404,network_errors,Network Interface Issues,high,Feature #23;Feature #24,Check network hardware;Inspect cable connections;Review network driver logs;Monitor packet loss rate
9017,0.5685,network_errors,Network Interface Issues,high,Feature #23;Feature #24,Check network hardware;Inspect cable connections;Review network driver logs;Monitor packet loss rate
9018,0.5615,network_errors,Network Interface Issues,high,Feature #23;Feature #24,Check network hardware;Inspect cable connections;Review network driver logs;Monitor packet loss rate
9019,0.5722,network_errors,Network Interface Issues,high,Feature #23;Feature #24,Check network hardware;Inspect cable connections;Review network driver logs;Monitor packet loss rate
9020,0.5379,network_errors,Network Interface Issues,high,Feature #23;Feature #24,Check network hardware;Inspect cable connections;Review network driver logs;Monitor packet loss rate
9021,0.6031,network_errors,Network Interface Issues,high,Feature #23;Feature #24,Check network hardware;Inspect cable connections;Review network driver logs;Monitor packet loss rate
9022,0.6043,network_errors,Network Interface Issues,high,Feature #23;Feature #24,Check network hardware;Inspect cable connections;Review network driver logs;Monitor packet loss rate
9023,0.5847,network_errors,Network Interface Issues,high,Feature #23;Feature #24,Check network hardware;Inspect cable connections;Review network driver logs;Monitor packet loss rate
9024,0.5757,network_errors,Network Interface Issues,high,Feature #23;Feature #24,Check network hardware;Inspect cable connections;Review network driver logs;Monitor packet loss rate
9025,0.5629,network_errors,Network Interface Issues,high,Feature #23;Feature #24,Check network hardware;Inspect cable connections;Review network driver logs;Monitor packet loss rate
9026,0.6095,network_errors,Network Interface Issues,high,Feature #23;Feature #24,Check network hardware;Inspect cable connections;Review network driver logs;Monitor packet loss rate
9027,0.576,network_errors,Network Interface Issues,high,Feature #23;Feature #24,Check network hardware;Inspect cable connections;Review network driver logs;Monitor packet loss rate
9028,0.5939,network_errors,Network Interface Issues,high,Feature #23;Feature #24,Check network hardware;Inspect cable connections;Review network driver logs;Monitor packet loss rate
9029,0.6155,network_errors,Network Interface Issues,high,Feature #23;Feature #24,Check network hardware;Inspect cable connections;Review network driver logs;Monitor packet loss rate
9030,0.5865,network_errors,Network Interface Issues,high,Feature #23;Feature #24,Check network hardware;Inspect cable connections;Review network driver logs;Monitor packet loss rate
9031,0.5835,network_errors,Network Interface Issues,high,Feature #23;Feature #24,Check network hardware;Inspect cable connections;Review network driver logs;Monitor packet loss rate
9032,0.636,network_errors,Network Interface Issues,high,Feature #23;Feature #24,Check network hardware;Inspect cable connections;Review network driver logs;Monitor packet loss rate
9033,0.5918,network_errors,Network Interface Issues,high,Feature #23;Feature #24,Check network hardware;Inspect cable connections;Review network driver logs;Monitor packet loss rate
9034,0.6046,network_errors,Network Interface Issues,high,Feature #23;Feature #24,Check network hardware;Inspect cable connections;Review network driver logs;Monitor packet loss rate
9035,0.5802,network_errors,Network Interface Issues,high,Feature #23;Feature #24,Check network hardware;Inspect cable connections;Review network driver logs;Monitor packet loss rate
9036,0.5989,network_errors,Network Interface Issues,high,Feature #23;Feature #24,Check network hardware;Inspect cable connections;Review network driver logs;Monitor packet loss rate
9037,0.5598,network_errors,Network Interface Issues,high,Feature #23;Feature #24,Check network hardware;Inspect cable connections;Review network driver logs;Monitor packet loss rate
9038,0.5815,network_errors,Network Interface Issues,high,Feature #23;Feature #24,Check network hardware;Inspect cable connections;Review network driver logs;Monitor packet loss rate
9039,0.5711,network_errors,Network Interface Issues,high,Feature #23;Feature #24,Check network hardware;Inspect cable connections;Review network driver logs;Monitor packet loss rate
9040,0.5972,network_errors,Network Interface Issues,high,Feature #23;Feature #24,Check network hardware;Inspect cable connections;Review network driver logs;Monitor packet loss rate
9041,0.5931,network_errors,Network Interface Issues,high,Feature #23;Feature #24,Check network hardware;Inspect cable connections;Review network driver logs;Monitor packet loss rate
9042,0.5888,network_errors,Network Interface Issues,high,Feature #23;Feature #24,Check network hardware;Inspect cable connections;Review network driver logs;Monitor packet loss rate
9043,0.542,network_errors,Network Interface Issues,high,Feature #23;Feature #24,Check network hardware;Inspect cable connections;Review network driver logs;Monitor packet loss rate
9044,0.5868,network_errors,Network Interface Issues,high,Feature #23;Feature #24,Check network hardware;Inspect cable connections;Review network driver logs;Monitor packet loss rate
9045,0.5635,network_errors,Network Interface Issues,high,Feature #23;Feature #24,Check network hardware;Inspect cable connections;Review network driver logs;Monitor packet loss rate
9046,0.5898,network_errors,Network Interface Issues,high,Feature #23;Feature #24,Check network hardware;Inspect cable connections;Review network driver logs;Monitor packet loss rate
9047,0.5543,network_errors,Network Interface Issues,high,Feature #23;Feature #24,Check network hardware;Inspect cable connections;Review network driver logs;Monitor packet loss rate
9048,0.5701,network_errors,Network Interface Issues,high,Feature #23;Feature #24,Check network hardware;Inspect cable connections;Review network driver logs;Monitor packet loss rate
9049,0.5388,network_errors,Network Interface Issues,high,Feature #23;Feature #24,Check network hardware;Inspect cable connections;Review network driver logs;Monitor packet loss rate
9050,0.5327,network_errors,Network Interface Issues,high,Feature #23;Feature #24,Check network hardware;Inspect cable connections;Review network driver logs;Monitor packet loss rate
9051,0.5276,network_errors,Network Interface Issues,high,Feature #23;Feature #24,Check network hardware;Inspect cable connections;Review network driver logs;Monitor packet loss rate
9071,0.5462,network_errors,Network Interface Issues,high,Feature #23;Feature #24,Check network hardware;Inspect cable connections;Review network driver logs;Monitor packet loss rate
9072,0.5437,network_errors,Network Interface Issues,high,Feature #23;Feature #24,Check network hardware;Inspect cable connections;Review network driver logs;Monitor packet loss rate
9073,0.5657,network_errors,Network Interface Issues,high,Feature #23;Feature #24,Check network hardware;Inspect cable connections;Review network driver logs;Monitor packet loss rate
9074,0.5908,network_errors,Network Interface Issues,high,Feature #23;Feature #24,Check network hardware;Inspect cable connections;Review network driver logs;Monitor packet loss rate
9075,0.6064,network_errors,Network Interface Issues,high,Feature #23;Feature #24,Check network hardware;Inspect cable connections;Review network driver logs;Monitor packet loss rate
9076,0.6483,network_errors,Network Interface Issues,high,Feature #23;Feature #24,Check network hardware;Inspect cable connections;Review network driver logs;Monitor packet loss rate
9077,0.6538,network_errors,Network Interface Issues,high,Feature #23;Feature #24,Check network hardware;Inspect cable connections;Review network driver logs;Monitor packet loss rate
9078,0.6683,network_errors,Network Interface Issues,high,Feature #23;Feature #24,Check network hardware;Inspect cable connections;Review network driver logs;Monitor packet loss rate
9079,0.6177,network_errors,Network Interface Issues,high,Feature #23;Feature #24,Check network hardware;Inspect cable connections;Review network driver logs;Monitor packet loss rate
9080,0.6466,network_errors,Network Interface Issues,high,Feature #23;Feature #24,Check network hardware;Inspect cable connections;Review network driver logs;Monitor packet loss rate
9081,0.6331,network_errors,Network Interface Issues,high,Feature #23;Feature #24,Check network hardware;Inspect cable connections;Review network driver logs;Monitor packet loss rate
9082,0.6366,network_errors,Network Interface Issues,high,Feature #23;Feature #24,Check network hardware;Inspect cable connections;Review network driver logs;Monitor packet loss rate
9083,0.6454,network_errors,Network Interface Issues,high,Feature #23;Feature #24,Check network hardware;Inspect cable connections;Review network driver logs;Monitor packet loss rate
9084,0.6304,network_errors,Network Interface Issues,high,Feature #23;Feature #24,Check network hardware;Inspect cable connections;Review network driver logs;Monitor packet loss rate
9085,0.646,network_errors,Network Interface Issues,high,Feature #23;Feature #24,Check network hardware;Inspect cable connections;Review network driver logs;Monitor packet loss rate
9086,0.6495,network_errors,Network Interface Issues,high,Feature #23;Feature #24,Check network hardware;Inspect cable connections;Review network driver logs;Monitor packet loss rate
9087,0.6134,network_errors,Network Interface Issues,high,Feature #23;Feature #24,Check network hardware;Inspect cable connections;Review network driver logs;Monitor packet loss rate
9088,0.6732,network_errors,Network Interface Issues,high,Feature #23;Feature #24,Check network hardware;Inspect cable connections;Review network driver logs;Monitor packet loss rate
9089,0.6492,network_errors,Network Interface Issues,high,Feature #23;Feature #24,Check network hardware;Inspect cable connections;Review network driver logs;Monitor packet loss rate
9090,0.6172,network_errors,Network Interface Issues,high,Feature #23;Feature #24,Check network hardware;Inspect cable connections;Review network driver logs;Monitor packet loss rate
9091,0.683,network_errors,Network Interface Issues,high,Feature #23;Feature #24,Check network hardware;Inspect cable connections;Review network driver logs;Monitor packet loss rate
9092,0.6152,network_errors,Network Interface Issues,high,Feature #23;Feature #24,Check network hardware;Inspect cable connections;Review network driver logs;Monitor packet loss rate
9093,0.6395,network_errors,Network Interface Issues,high,Feature #23;Feature #24,Check network hardware;Inspect cable connections;Review network driver logs;Monitor packet loss rate
9094,0.6057,network_errors,Network Interface Issues,high,Feature #23;Feature #24,Check network hardware;Inspect cable connections;Review network driver logs;Monitor packet loss rate
9095,0.6091,network_errors,Network Interface Issues,high,Feature #23;Feature #24,Check network hardware;Inspect cable connections;Review network driver logs;Monitor packet loss rate
9096,0.637,network_errors,Network Interface Issues,high,Feature #23;Feature #24,Check network hardware;Inspect cable connections;Review network driver logs;Monitor packet loss rate
9097,0.6365,network_errors,Network Interface Issues,high,Feature #23;Feature #24,Check network hardware;Inspect cable connections;Review network driver logs;Monitor packet loss rate
9098,0.5823,network_errors,Network Interface Issues,high,Feature #23;Feature #24,Check network hardware;Inspect cable connections;Review network driver logs;Monitor packet loss rate
9099,0.5942,network_errors,Network Interface Issues,high,Feature #23;Feature #24,Check network hardware;Inspect cable connections;Review network driver logs;Monitor packet loss rate
9100,0.6184,network_errors,Network Interface Issues,high,Feature #23;Feature #24,Check network hardware;Inspect cable connections;Review network driver logs;Monitor packet loss rate
9101,0.5491,network_errors,Network Interface Issues,high,Feature #23;Feature #24,Check network hardware;Inspect cable connections;Review network driver logs;Monitor packet loss rate
9102,0.5814,network_errors,Network Interface Issues,high,Feature #23;Feature #24,Check network hardware;Inspect cable connections;Review network driver logs;Monitor packet loss rate
9103,0.5647,network_errors,Network Interface Issues,high,Feature #23;Feature #24,Check network hardware;Inspect cable connections;Review network driver logs;Monitor packet loss rate
9105,0.5947,network_errors,Network Interface Issues,high,Feature #23;Feature #24,Check network hardware;Inspect cable connections;Review network driver logs;Monitor packet loss rate
9106,0.6044,network_errors,Network Interface Issues,high,Feature #23;Feature #24,Check network hardware;Inspect cable connections;Review network driver logs;Monitor packet loss rate
9107,0.622,network_errors,Network Interface Issues,high,Feature #23;Feature #24,Check network hardware;Inspect cable connections;Review network driver logs;Monitor packet loss rate
9108,0.6246,network_errors,Network Interface Issues,high,Feature #23;Feature #24,Check network hardware;Inspect cable connections;Review network driver logs;Monitor packet loss rate
9109,0.5806,network_errors,Network Interface Issues,high,Feature #23;Feature #24,Check network hardware;Inspect cable connections;Review network driver logs;Monitor packet loss rate
9110,0.6339,network_errors,Network Interface Issues,high,Feature #23;Feature #24,Check network hardware;Inspect cable connections;Review network driver logs;Monitor packet loss rate
9111,0.6116,network_errors,Network Interface Issues,high,Feature #23;Feature #24,Check network hardware;Inspect cable connections;Review network driver logs;Monitor packet loss rate
9112,0.5748,network_errors,Network Interface Issues,high,Feature #23;Feature #24,Check network hardware;Inspect cable connections;Review network driver logs;Monitor packet loss rate
9113,0.6311,network_errors,Network Interface Issues,high,Feature #23;Feature #24,Check network hardware;Inspect cable connections;Review network driver logs;Monitor packet loss rate
9114,0.5576,network_errors,Network Interface Issues,high,Feature #23;Feature #24,Check network hardware;Inspect cable connections;Review network driver logs;Monitor packet loss rate
9115,0.58,network_errors,Network Interface Issues,high,Feature #23;Feature #24,Check network hardware;Inspect cable connections;Review network driver logs;Monitor packet loss rate
9116,0.6194,network_errors,Network Interface Issues,high,Feature #23;Feature #24,Check network hardware;Inspect cable connections;Review network driver logs;Monitor packet loss rate
9117,0.5536,network_errors,Network Interface Issues,high,Feature #23;Feature #24,Check network hardware;Inspect cable connections;Review network driver logs;Monitor packet loss rate
9118,0.5205,network_errors,Network Interface Issues,high,Feature #23;Feature #24,Check network hardware;Inspect cable connections;Review network driver logs;Monitor packet loss rate
9119,0.5634,network_errors,Network Interface Issues,high,Feature #23;Feature #24,Check network hardware;Inspect cable connections;Review network driver logs;Monitor packet loss rate
9120,0.5205,network_errors,Network Interface Issues,high,Feature #23;Feature #24,Check network hardware;Inspect cable connections;Review network driver logs;Monitor packet loss rate
9121,0.5212,network_errors,Network Interface Issues,high,Feature #23;Feature #24,Check network hardware;Inspect cable connections;Review network driver logs;Monitor packet loss rate
9121,0.5212,error_rate_spike,Application Error Rate Spike,high,Feature #32;Feature #31,Review application logs;Check database connectivity;Restart application service;Rollback recent changes
9655,0.5205,network_errors,Network Interface Issues,high,Feature #23;Feature #24,Check network hardware;Inspect cable connections;Review network driver logs;Monitor packet loss rate
9655,0.5205,error_rate_spike,Application Error Rate Spike,high,Feature #32;Feature #31,Review application logs;Check database connectivity;Restart application service;Rollback recent changes
10435,0.5225,network_errors,Network Interface Issues,high,Feature #23;Feature #24,Check network hardware;Inspect cable connections;Review network driver logs;Monitor packet loss rate
10439,0.564,network_errors,Network Interface Issues,high,Feature #23;Feature #24,Check network hardware;Inspect cable connections;Review network driver logs;Monitor packet loss rate
10440,0.5957,network_errors,Network Interface Issues,high,Feature #23;Feature #24,Check network hardware;Inspect cable connections;Review network driver logs;Monitor packet loss rate
10441,0.5525,network_errors,Network Interface Issues,high,Feature #23;Feature #24,Check network hardware;Inspect cable connections;Review network driver logs;Monitor packet loss rate
10443,0.59,network_errors,Network Interface Issues,high,Feature #23;Feature #24,Check network hardware;Inspect cable connections;Review network driver logs;Monitor packet loss rate
10444,0.5284,network_errors,Network Interface Issues,high,Feature #23;Feature #24,Check network hardware;Inspect cable connections;Review network driver logs;Monitor packet loss rate
10445,0.5722,network_errors,Network Interface Issues,high,Feature #23;Feature #24,Check network hardware;Inspect cable connections;Review network driver logs;Monitor packet loss rate
10447,0.5644,network_errors,Network Interface Issues,high,Feature #23;Feature #24,Check network hardware;Inspect cable connections;Review network driver logs;Monitor packet loss rate
10448,0.5776,network_errors,Network Interface Issues,high,Feature #23;Feature #24,Check network hardware;Inspect cable connections;Review network driver logs;Monitor packet loss rate
10449,0.5665,network_errors,Network Interface Issues,high,Feature #23;Feature #24,Check network hardware;Inspect cable connections;Review network driver logs;Monitor packet loss rate
10450,0.578,network_errors,Network Interface Issues,high,Feature #23;Feature #24,Check network hardware;Inspect cable connections;Review network driver logs;Monitor packet loss rate
10451,0.5608,network_errors,Network Interface Issues,high,Feature #23;Feature #24,Check network hardware;Inspect cable connections;Review network driver logs;Monitor packet loss rate
10452,0.5813,network_errors,Network Interface Issues,high,Feature #23;Feature #24,Check network hardware;Inspect cable connections;Review network driver logs;Monitor packet loss rate
10453,0.5964,network_errors,Network Interface Issues,high,Feature #23;Feature #24,Check network hardware;Inspect cable connections;Review network driver logs;Monitor packet loss rate
10454,0.5641,network_errors,Network Interface Issues,high,Feature #23;Feature #24,Check network hardware;Inspect cable connections;Review network driver logs;Monitor packet loss rate
10455,0.5992,network_errors,Network Interface Issues,high,Feature #23;Feature #24,Check network hardware;Inspect cable connections;Review network driver logs;Monitor packet loss rate
10456,0.5994,network_errors,Network Interface Issues,high,Feature #23;Feature #24,Check network hardware;Inspect cable connections;Review network driver logs;Monitor packet loss rate
10457,0.59,network_errors,Network Interface Issues,high,Feature #23;Feature #24,Check network hardware;Inspect cable connections;Review network driver logs;Monitor packet loss rate
10458,0.5554,network_errors,Network Interface Issues,high,Feature #23;Feature #24,Check network hardware;Inspect cable connections;Review network driver logs;Monitor packet loss rate
10459,0.5825,network_errors,Network Interface Issues,high,Feature #23;Feature #24,Check network hardware;Inspect cable connections;Review network driver logs;Monitor packet loss rate
10460,0.5753,network_errors,Network Interface Issues,high,Feature #23;Feature #24,Check network hardware;Inspect cable connections;Review network driver logs;Monitor packet loss rate
10461,0.5624,network_errors,Network Interface Issues,high,Feature #23;Feature #24,Check network hardware;Inspect cable connections;Review network driver logs;Monitor packet loss rate
10462,0.5928,network_errors,Network Interface Issues,high,Feature #23;Feature #24,Check network hardware;Inspect cable connections;Review network driver logs;Monitor packet loss rate
10463,0.5587,network_errors,Network Interface Issues,high,Feature #23;Feature #24,Check network hardware;Inspect cable connections;Review network driver logs;Monitor packet loss rate
10464,0.5725,network_errors,Network Interface Issues,high,Feature #23;Feature #24,Check network hardware;Inspect cable connections;Review network driver logs;Monitor packet loss rate
10465,0.5764,network_errors,Network Interface Issues,high,Feature #23;Feature #24,Check network hardware;Inspect cable connections;Review network driver logs;Monitor packet loss rate
10466,0.5519,network_errors,Network Interface Issues,high,Feature #23;Feature #24,Check network hardware;Inspect cable connections;Review network driver logs;Monitor packet loss rate
10467,0.5261,network_errors,Network Interface Issues,high,Feature #23;Feature #24,Check network hardware;Inspect cable connections;Review network driver logs;Monitor packet loss rate
10468,0.5833,network_errors,Network Interface Issues,high,Feature #23;Feature #24,Check network hardware;Inspect cable connections;Review network driver logs;Monitor packet loss rate
10469,0.5357,network_errors,Network Interface Issues,high,Feature #23;Feature #24,Check network hardware;Inspect cable connections;Review network driver logs;Monitor packet loss rate
10470,0.5732,network_errors,Network Interface Issues,high,Feature #23;Feature #24,Check network hardware;Inspect cable connections;Review network driver logs;Monitor packet loss rate
10471,0.6416,network_errors,Network Interface Issues,high,Feature #23;Feature #24,Check network hardware;Inspect cable connections;Review network driver logs;Monitor packet loss rate
10472,0.5694,network_errors,Network Interface Issues,high,Feature #23;Feature #24,Check network hardware;Inspect cable connections;Review network driver logs;Monitor packet loss rate
10473,0.5757,network_errors,Network Interface Issues,high,Feature #23;Feature #24,Check network hardware;Inspect cable connections;Review network driver logs;Monitor packet loss rate
10474,0.5539,network_errors,Network Interface Issues,high,Feature #23;Feature #24,Check network hardware;Inspect cable connections;Review network driver logs;Monitor packet loss rate
10475,0.628,network_errors,Network Interface Issues,high,Feature #23;Feature #24,Check network hardware;Inspect cable connections;Review network driver logs;Monitor packet loss rate
10476,0.5888,network_errors,Network Interface Issues,high,Feature #23;Feature #24,Check network hardware;Inspect cable connections;Review network driver logs;Monitor packet loss rate
10477,0.5846,network_errors,Network Interface Issues,high,Feature #23;Feature #24,Check network hardware;Inspect cable connections;Review network driver logs;Monitor packet loss rate
10478,0.5629,network_errors,Network Interface Issues,high,Feature #23;Feature #24,Check network hardware;Inspect cable connections;Review network driver logs;Monitor packet loss rate
10479,0.5933,network_errors,Network Interface Issues,high,Feature #23;Feature #24,Check network hardware;Inspect cable connections;Review network driver logs;Monitor packet loss rate
10480,0.5756,network_errors,Network Interface Issues,high,Feature #23;Feature #24,Check network hardware;Inspect cable connections;Review network driver logs;Monitor packet loss rate
10481,0.5742,network_errors,Network Interface Issues,high,Feature #23;Feature #24,Check network hardware;Inspect cable connections;Review network driver logs;Monitor packet loss rate
10482,0.5516,network_errors,Network Interface Issues,high,Feature #23;Feature #24,Check network hardware;Inspect cable connections;Review network driver logs;Monitor packet loss rate
10483,0.5469,network_errors,Network Interface Issues,high,Feature #23;Feature #24,Check network hardware;Inspect cable connections;Review network driver logs;Monitor packet loss rate
10484,0.5535,network_errors,Network Interface Issues,high,Feature #23;Feature #24,Check network hardware;Inspect cable connections;Review network driver logs;Monitor packet loss rate
10485,0.5716,network_errors,Network Interface Issues,high,Feature #23;Feature #24,Check network hardware;Inspect cable connections;Review network driver logs;Monitor packet loss rate
10486,0.5432,network_errors,Network Interface Issues,high,Feature #23;Feature #24,Check network hardware;Inspect cable connections;Review network driver logs;Monitor packet loss rate
10487,0.5215,network_errors,Network Interface Issues,high,Feature #23;Feature #24,Check network hardware;Inspect cable connections;Review network driver logs;Monitor packet loss rate
10488,0.5509,network_errors,Network Interface Issues,high,Feature #23;Feature #24,Check network hardware;Inspect cable connections;Review network driver logs;Monitor packet loss rate
10490,0.5385,network_errors,Network Interface Issues,high,Feature #23;Feature #24,Check network hardware;Inspect cable connections;Review network driver logs;Monitor packet loss rate
10560,0.5651,network_errors,Network Interface Issues,high,Feature #23;Feature #24,Check network hardware;Inspect cable connections;Review network driver logs;Monitor packet loss rate
10561,0.5394,network_errors,Network Interface Issues,high,Feature #23;Feature #24,Check network hardware;Inspect cable connections;Review network driver logs;Monitor packet loss rate
10563,0.5448,network_errors,Network Interface Issues,high,Feature #23;Feature #24,Check network hardware;Inspect cable connections;Review network driver logs;Monitor packet loss rate
10566,0.5363,network_errors,Network Interface Issues,high,Feature #23;Feature #24,Check network hardware;Inspect cable connections;Review network driver logs;Monitor packet loss rate
10568,0.5586,network_errors,Network Interface Issues,high,Feature #23;Feature #24,Check network hardware;Inspect cable connections;Review network driver logs;Monitor packet loss rate
10570,0.5841,network_errors,Network Interface Issues,high,Feature #23;Feature #24,Check network hardware;Inspect cable connections;Review network driver logs;Monitor packet loss rate
10571,0.5685,network_errors,Network Interface Issues,high,Feature #23;Feature #24,Check network hardware;Inspect cable connections;Review network driver logs;Monitor packet loss rate
10573,0.5826,network_errors,Network Interface Issues,high,Feature #23;Feature #24,Check network hardware;Inspect cable connections;Review network driver logs;Monitor packet loss rate
10575,0.5367,network_errors,Network Interface Issues,high,Feature #23;Feature #24,Check network hardware;Inspect cable connections;Review network driver logs;Monitor packet loss rate
10576,0.529,network_errors,Network Interface Issues,high,Feature #23;Feature #24,Check network hardware;Inspect cable connections;Review network driver logs;Monitor packet loss rate
10581,0.5332,network_errors,Network Interface Issues,high,Feature #23;Feature #24,Check network hardware;Inspect cable connections;Review network driver logs;Monitor packet loss rate
11879,0.5235,network_errors,Network Interface Issues,high,Feature #23;Feature #24,Check network hardware;Inspect cable connections;Review network driver logs;Monitor packet loss rate
11884,0.5242,network_errors,Network Interface Issues,high,Feature #23;Feature #24,Check network hardware;Inspect cable connections;Review network driver logs;Monitor packet loss rate
11887,0.5205,network_errors,Network Interface Issues,high,Feature #23;Feature #24,Check network hardware;Inspect cable connections;Review network driver logs;Monitor packet loss rate
11889,0.5499,network_errors,Network Interface Issues,high,Feature #23;Feature #24,Check network hardware;Inspect cable connections;Review network driver logs;Monitor packet loss rate
11890,0.5241,network_errors,Network Interface Issues,high,Feature #23;Feature #24,Check network hardware;Inspect cable connections;Review network driver logs;Monitor packet loss rate
11891,0.5368,network_errors,Network Interface Issues,high,Feature #23;Feature #24,Check network hardware;Inspect cable connections;Review network driver logs;Monitor packet loss rate
11892,0.5607,network_errors,Network Interface Issues,high,Feature #23;Feature #24,Check network hardware;Inspect cable connections;Review network driver logs;Monitor packet loss rate
11893,0.5245,network_errors,Network Interface Issues,high,Feature #23;Feature #24,Check network hardware;Inspect cable connections;Review network driver logs;Monitor packet loss rate
11895,0.5678,network_errors,Network Interface Issues,high,Feature #23;Feature #24,Check network hardware;Inspect cable connections;Review network driver logs;Monitor packet loss rate
11896,0.5943,network_errors,Network Interface Issues,high,Feature #23;Feature #24,Check network hardware;Inspect cable connections;Review network driver logs;Monitor packet loss rate
11897,0.546,network_errors,Network Interface Issues,high,Feature #23;Feature #24,Check network hardware;Inspect cable connections;Review network driver logs;Monitor packet loss rate
11898,0.5475,network_errors,Network Interface Issues,high,Feature #23;Feature #24,Check network hardware;Inspect cable connections;Review network driver logs;Monitor packet loss rate
11899,0.5549,network_errors,Network Interface Issues,high,Feature #23;Feature #24,Check network hardware;Inspect cable connections;Review network driver logs;Monitor packet loss rate
11900,0.5515,network_errors,Network Interface Issues,high,Feature #23;Feature #24,Check network hardware;Inspect cable connections;Review network driver logs;Monitor packet loss rate
11902,0.5363,network_errors,Network Interface Issues,high,Feature #23;Feature #24,Check network hardware;Inspect cable connections;Review network driver logs;Monitor packet loss rate
11905,0.5691,network_errors,Network Interface Issues,high,Feature #23;Feature #24,Check network hardware;Inspect cable connections;Review network driver logs;Monitor packet loss rate
11908,0.5817,network_errors,Network Interface Issues,high,Feature #23;Feature #24,Check network hardware;Inspect cable connections;Review network driver logs;Monitor packet loss rate
11909,0.5472,network_errors,Network Interface Issues,high,Feature #23;Feature #24,Check network hardware;Inspect cable connections;Review network driver logs;Monitor packet loss rate
11910,0.5799,network_errors,Network Interface Issues,high,Feature #23;Feature #24,Check network hardware;Inspect cable connections;Review network driver logs;Monitor packet loss rate
11911,0.5439,network_errors,Network Interface Issues,high,Feature #23;Feature #24,Check network hardware;Inspect cable connections;Review network driver logs;Monitor packet loss rate
11912,0.5591,network_errors,Network Interface Issues,high,Feature #23;Feature #24,Check network hardware;Inspect cable connections;Review network driver logs;Monitor packet loss rate
11914,0.5578,network_errors,Network Interface Issues,high,Feature #23;Feature #24,Check network hardware;Inspect cable connections;Review network driver logs;Monitor packet loss rate
11915,0.5766,network_errors,Network Interface Issues,high,Feature #23;Feature #24,Check network hardware;Inspect cable connections;Review network driver logs;Monitor packet loss rate
11916,0.539,network_errors,Network Interface Issues,high,Feature #23;Feature #24,Check network hardware;Inspect cable connections;Review network driver logs;Monitor packet loss rate
11918,0.5417,network_errors,Network Interface Issues,high,Feature #23;Feature #24,Check network hardware;Inspect cable connections;Review network driver logs;Monitor packet loss rate
11919,0.5779,network_errors,Network Interface Issues,high,Feature #23;Feature #24,Check network hardware;Inspect cable connections;Review network driver logs;Monitor packet loss rate
11920,0.5846,network_errors,Network Interface Issues,high,Feature #23;Feature #24,Check network hardware;Inspect cable connections;Review network driver logs;Monitor packet loss rate
11921,0.5317,network_errors,Network Interface Issues,high,Feature #23;Feature #24,Check network hardware;Inspect cable connections;Review network driver logs;Monitor packet loss rate
11922,0.5573,network_errors,Network Interface Issues,high,Feature #23;Feature #24,Check network hardware;Inspect cable connections;Review network driver logs;Monitor packet loss rate
11923,0.5633,network_errors,Network Interface Issues,high,Feature #23;Feature #24,Check network hardware;Inspect cable connections;Review network driver logs;Monitor packet loss rate
11924,0.563,network_errors,Network Interface Issues,high,Feature #23;Feature #24,Check network hardware;Inspect cable connections;Review network driver logs;Monitor packet loss rate
11925,0.5963,network_errors,Network Interface Issues,high,Feature #23;Feature #24,Check network hardware;Inspect cable connections;Review network driver logs;Monitor packet loss rate
11926,0.5405,network_errors,Network Interface Issues,high,Feature #23;Feature #24,Check network hardware;Inspect cable connections;Review network driver logs;Monitor packet loss rate
11927,0.604,network_errors,Network Interface Issues,high,Feature #23;Feature #24,Check network hardware;Inspect cable connections;Review network driver logs;Monitor packet loss rate
11929,0.5205,network_errors,Network Interface Issues,high,Feature #23;Feature #24,Check network hardware;Inspect cable connections;Review network driver logs;Monitor packet loss rate
11939,0.5348,network_errors,Network Interface Issues,high,Feature #23;Feature #24,Check network hardware;Inspect cable connections;Review network driver logs;Monitor packet loss rate
11950,0.5711,network_errors,Network Interface Issues,high,Feature #23;Feature #24,Check network hardware;Inspect cable connections;Review network driver logs;Monitor packet loss rate
11951,0.5326,network_errors,Network Interface Issues,high,Feature #23;Feature #24,Check network hardware;Inspect cable connections;Review network driver logs;Monitor packet loss rate
11952,0.5929,network_errors,Network Interface Issues,high,Feature #23;Feature #24,Check network hardware;Inspect cable connections;Review network driver logs;Monitor packet loss rate
11953,0.625,network_errors,Network Interface Issues,high,Feature #23;Feature #24,Check network hardware;Inspect cable connections;Review network driver logs;Monitor packet loss rate
11954,0.5841,network_errors,Network Interface Issues,high,Feature #23;Feature #24,Check network hardware;Inspect cable connections;Review network driver logs;Monitor packet loss rate
11955,0.6617,network_errors,Network Interface Issues,high,Feature #23;Feature #24,Check network hardware;Inspect cable connections;Review network driver logs;Monitor packet loss rate
11956,0.6301,network_errors,Network Interface Issues,high,Feature #23;Feature #24,Check network hardware;Inspect cable connections;Review network driver logs;Monitor packet loss rate
11957,0.5926,network_errors,Network Interface Issues,high,Feature #23;Feature #24,Check network hardware;Inspect cable connections;Review network driver logs;Monitor packet loss rate
11958,0.6414,network_errors,Network Interface Issues,high,Feature #23;Feature #24,Check network hardware;Inspect cable connections;Review network driver logs;Monitor packet loss rate
11959,0.6193,network_errors,Network Interface Issues,high,Feature #23;Feature #24,Check network hardware;Inspect cable connections;Review network driver logs;Monitor packet loss rate
11960,0.5802,network_errors,Network Interface Issues,high,Feature #23;Feature #24,Check network hardware;Inspect cable connections;Review network driver logs;Monitor packet loss rate
11961,0.6378,network_errors,Network Interface Issues,high,Feature #23;Feature #24,Check network hardware;Inspect cable connections;Review network driver logs;Monitor packet loss rate
11962,0.6516,network_errors,Network Interface Issues,high,Feature #23;Feature #24,Check network hardware;Inspect cable connections;Review network driver logs;Monitor packet loss rate
11963,0.5996,network_errors,Network Interface Issues,high,Feature #23;Feature #24,Check network hardware;Inspect cable connections;Review network driver logs;Monitor packet loss rate
11964,0.6635,network_errors,Network Interface Issues,high,Feature #23;Feature #24,Check network hardware;Inspect cable connections;Review network driver logs;Monitor packet loss rate
11965,0.6283,network_errors,Network Interface Issues,high,Feature #23;Feature #24,Check network hardware;Inspect cable connections;Review network driver logs;Monitor packet loss rate
11966,0.6422,network_errors,Network Interface Issues,high,Feature #23;Feature #24,Check network hardware;Inspect cable connections;Review network driver logs;Monitor packet loss rate
11967,0.6414,network_errors,Network Interface Issues,high,Feature #23;Feature #24,Check network hardware;Inspect cable connections;Review network driver logs;Monitor packet loss rate
11968,0.6019,network_errors,Network Interface Issues,high,Feature #23;Feature #24,Check network hardware;Inspect cable connections;Review network driver logs;Monitor packet loss rate
11969,0.6564,network_errors,Network Interface Issues,high,Feature #23;Feature #24,Check network hardware;Inspect cable connections;Review network driver logs;Monitor packet loss rate
11970,0.6207,network_errors,Network Interface Issues,high,Feature #23;Feature #24,Check network hardware;Inspect cable connections;Review network driver logs;Monitor packet loss rate
11971,0.6109,network_errors,Network Interface Issues,high,Feature #23;Feature #24,Check network hardware;Inspect cable connections;Review network driver logs;Monitor packet loss rate
11972,0.657,network_errors,Network Interface Issues,high,Feature #23;Feature #24,Check network hardware;Inspect cable connections;Review network driver logs;Monitor packet loss rate
11973,0.6237,network_errors,Network Interface Issues,high,Feature #23;Feature #24,Check network hardware;Inspect cable connections;Review network driver logs;Monitor packet loss rate
11974,0.5853,network_errors,Network Interface Issues,high,Feature #23;Feature #24,Check network hardware;Inspect cable connections;Review network driver logs;Monitor packet loss rate
11975,0.6368,network_errors,Network Interface Issues,high,Feature #23;Feature #24,Check network hardware;Inspect cable connections;Review network driver logs;Monitor packet loss rate
11976,0.5719,network_errors,Network Interface Issues,high,Feature #23;Feature #24,Check network hardware;Inspect cable connections;Review network driver logs;Monitor packet loss rate
11977,0.6121,network_errors,Network Interface Issues,high,Feature #23;Feature #24,Check network hardware;Inspect cable connections;Review network driver logs;Monitor packet loss rate
11978,0.609,network_errors,Network Interface Issues,high,Feature #23;Feature #24,Check network hardware;Inspect cable connections;Review network driver logs;Monitor packet loss rate
11979,0.5397,network_errors,Network Interface Issues,high,Feature #23;Feature #24,Check network hardware;Inspect cable connections;Review network driver logs;Monitor packet loss rate
11980,0.5733,network_errors,Network Interface Issues,high,Feature #23;Feature #24,Check network hardware;Inspect cable connections;Review network driver logs;Monitor packet loss rate
11981,0.5412,network_errors,Network Interface Issues,high,Feature #23;Feature #24,Check network hardware;Inspect cable connections;Review network driver logs;Monitor packet loss rate
11982,0.5454,network_errors,Network Interface Issues,high,Feature #23;Feature #24,Check network hardware;Inspect cable connections;Review network driver logs;Monitor packet loss rate
11983,0.576,network_errors,Network Interface Issues,high,Feature #23;Feature #24,Check network hardware;Inspect cable connections;Review network driver logs;Monitor packet loss rate
11985,0.5966,network_errors,Network Interface Issues,high,Feature #23;Feature #24,Check network hardware;Inspect cable connections;Review network driver logs;Monitor packet loss rate
11986,0.6321,network_errors,Network Interface Issues,high,Feature #23;Feature #24,Check network hardware;Inspect cable connections;Review network driver logs;Monitor packet loss rate
11987,0.5907,network_errors,Network Interface Issues,high,Feature #23;Feature #24,Check network hardware;Inspect cable connections;Review network driver logs;Monitor packet loss rate
11988,0.5992,network_errors,Network Interface Issues,high,Feature #23;Feature #24,Check network hardware;Inspect cable connections;Review network driver logs;Monitor packet loss rate
11989,0.6036,network_errors,Network Interface Issues,high,Feature #23;Feature #24,Check network hardware;Inspect cable connections;Review network driver logs;Monitor packet loss rate
11990,0.526,network_errors,Network Interface Issues,high,Feature #23;Feature #24,Check network hardware;Inspect cable connections;Review network driver logs;Monitor packet loss rate
11991,0.5627,network_errors,Network Interface Issues,high,Feature #23;Feature #24,Check network hardware;Inspect cable connections;Review network driver logs;Monitor packet loss rate
11992,0.5353,network_errors,Network Interface Issues,high,Feature #23;Feature #24,Check network hardware;Inspect cable connections;Review network driver logs;Monitor packet loss rate
13319,0.5291,network_errors,Network Interface Issues,high,Feature #23;Feature #24,Check network hardware;Inspect cable connections;Review network driver logs;Monitor packet loss rate
13320,0.5597,network_errors,Network Interface Issues,high,Feature #23;Feature #24,Check network hardware;Inspect cable connections;Review network driver logs;Monitor packet loss rate
13321,0.5248,network_errors,Network Interface Issues,high,Feature #23;Feature #24,Check network hardware;Inspect cable connections;Review network driver logs;Monitor packet loss rate
13322,0.5492,network_errors,Network Interface Issues,high,Feature #23;Feature #24,Check network hardware;Inspect cable connections;Review network driver logs;Monitor packet loss rate
13325,0.5865,network_errors,Network Interface Issues,high,Feature #23;Feature #24,Check network hardware;Inspect cable connections;Review network driver logs;Monitor packet loss rate
13326,0.5242,network_errors,Network Interface Issues,high,Feature #23;Feature #24,Check network hardware;Inspect cable connections;Review network driver logs;Monitor packet loss rate
13327,0.554,network_errors,Network Interface Issues,high,Feature #23;Feature #24,Check network hardware;Inspect cable connections;Review network driver logs;Monitor packet loss rate
13328,0.5553,network_errors,Network Interface Issues,high,Feature #23;Feature #24,Check network hardware;Inspect cable connections;Review network driver logs;Monitor packet loss rate
13329,0.5569,network_errors,Network Interface Issues,high,Feature #23;Feature #24,Check network hardware;Inspect cable connections;Review network driver logs;Monitor packet loss rate
13330,0.5475,network_errors,Network Interface Issues,high,Feature #23;Feature #24,Check network hardware;Inspect cable connections;Review network driver logs;Monitor packet loss rate
13331,0.5698,network_errors,Network Interface Issues,high,Feature #23;Feature #24,Check network hardware;Inspect cable connections;Review network driver logs;Monitor packet loss rate
13332,0.532,network_errors,Network Interface Issues,high,Feature #23;Feature #24,Check network hardware;Inspect cable connections;Review network driver logs;Monitor packet loss rate
13333,0.5709,network_errors,Network Interface Issues,high,Feature #23;Feature #24,Check network hardware;Inspect cable connections;Review network driver logs;Monitor packet loss rate
13334,0.5757,network_errors,Network Interface Issues,high,Feature #23;Feature #24,Check network hardware;Inspect cable connections;Review network driver logs;Monitor packet loss rate
13335,0.5878,network_errors,Network Interface Issues,high,Feature #23;Feature #24,Check network hardware;Inspect cable connections;Review network driver logs;Monitor packet loss rate
13336,0.5978,network_errors,Network Interface Issues,high,Feature #23;Feature #24,Check network hardware;Inspect cable connections;Review network driver logs;Monitor packet loss rate
13337,0.5604,network_errors,Network Interface Issues,high,Feature #23;Feature #24,Check network hardware;Inspect cable connections;Review network driver logs;Monitor packet loss rate
13338,0.5459,network_errors,Network Interface Issues,high,Feature #23;Feature #24,Check network hardware;Inspect cable connections;Review network driver logs;Monitor packet loss rate
13339,0.5215,network_errors,Network Interface Issues,high,Feature #23;Feature #24,Check network hardware;Inspect cable connections;Review network driver logs;Monitor packet loss rate
13340,0.5372,network_errors,Network Interface Issues,high,Feature #23;Feature #24,Check network hardware;Inspect cable connections;Review network driver logs;Monitor packet loss rate
13341,0.5995,network_errors,Network Interface Issues,high,Feature #23;Feature #24,Check network hardware;Inspect cable connections;Review network driver logs;Monitor packet loss rate
13342,0.5215,network_errors,Network Interface Issues,high,Feature #23;Feature #24,Check network hardware;Inspect cable connections;Review network driver logs;Monitor packet loss rate
13343,0.5979,network_errors,Network Interface Issues,high,Feature #23;Feature #24,Check network hardware;Inspect cable connections;Review network driver logs;Monitor packet loss rate
13344,0.5637,network_errors,Network Interface Issues,high,Feature #23;Feature #24,Check network hardware;Inspect cable connections;Review network driver logs;Monitor packet loss rate
13345,0.5773,network_errors,Network Interface Issues,high,Feature #23;Feature #24,Check network hardware;Inspect cable connections;Review network driver logs;Monitor packet loss rate
13346,0.583,network_errors,Network Interface Issues,high,Feature #23;Feature #24,Check network hardware;Inspect cable connections;Review network driver logs;Monitor packet loss rate
13347,0.5642,network_errors,Network Interface Issues,high,Feature #23;Feature #24,Check network hardware;Inspect cable connections;Review network driver logs;Monitor packet loss rate
13349,0.5769,network_errors,Network Interface Issues,high,Feature #23;Feature #24,Check network hardware;Inspect cable connections;Review network driver logs;Monitor packet loss rate
13350,0.5652,network_errors,Network Interface Issues,high,Feature #23;Feature #24,Check network hardware;Inspect cable connections;Review network driver logs;Monitor packet loss rate
13351,0.5623,network_errors,Network Interface Issues,high,Feature #23;Feature #24,Check network hardware;Inspect cable connections;Review network driver logs;Monitor packet loss rate
13352,0.5884,network_errors,Network Interface Issues,high,Feature #23;Feature #24,Check network hardware;Inspect cable connections;Review network driver logs;Monitor packet loss rate
13353,0.5404,network_errors,Network Interface Issues,high,Feature #23;Feature #24,Check network hardware;Inspect cable connections;Review network driver logs;Monitor packet loss rate
13354,0.5927,network_errors,Network Interface Issues,high,Feature #23;Feature #24,Check network hardware;Inspect cable connections;Review network driver logs;Monitor packet loss rate
13355,0.5485,network_errors,Network Interface Issues,high,Feature #23;Feature #24,Check network hardware;Inspect cable connections;Review network driver logs;Monitor packet loss rate
13356,0.5959,network_errors,Network Interface Issues,high,Feature #23;Feature #24,Check network hardware;Inspect cable connections;Review network driver logs;Monitor packet loss rate
13357,0.5527,network_errors,Network Interface Issues,high,Feature #23;Feature #24,Check network hardware;Inspect cable connections;Review network driver logs;Monitor packet loss rate
13358,0.5976,network_errors,Network Interface Issues,high,Feature #23;Feature #24,Check network hardware;Inspect cable connections;Review network driver logs;Monitor packet loss rate
13359,0.5325,network_errors,Network Interface Issues,high,Feature #23;Feature #24,Check network hardware;Inspect cable connections;Review network driver logs;Monitor packet loss rate
13360,0.5391,network_errors,Network Interface Issues,high,Feature #23;Feature #24,Check network hardware;Inspect cable connections;Review network driver logs;Monitor packet loss rate
13362,0.5355,network_errors,Network Interface Issues,high,Feature #23;Feature #24,Check network hardware;Inspect cable connections;Review network driver logs;Monitor packet loss rate
13364,0.5634,network_errors,Network Interface Issues,high,Feature #23;Feature #24,Check network hardware;Inspect cable connections;Review network driver logs;Monitor packet loss rate
13365,0.5681,network_errors,Network Interface Issues,high,Feature #23;Feature #24,Check network hardware;Inspect cable connections;Review network driver logs;Monitor packet loss rate
13366,0.5539,network_errors,Network Interface Issues,high,Feature #23;Feature #24,Check network hardware;Inspect cable connections;Review network driver logs;Monitor packet loss rate
13367,0.5563,network_errors,Network Interface Issues,high,Feature #23;Feature #24,Check network hardware;Inspect cable connections;Review network driver logs;Monitor packet loss rate
13381,0.527,network_errors,Network Interface Issues,high,Feature #23;Feature #24,Check network hardware;Inspect cable connections;Review network driver logs;Monitor packet loss rate
13386,0.5642,network_errors,Network Interface Issues,high,Feature #23;Feature #24,Check network hardware;Inspect cable connections;Review network driver logs;Monitor packet loss rate
13387,0.5755,network_errors,Network Interface Issues,high,Feature #23;Feature #24,Check network hardware;Inspect cable connections;Review network driver logs;Monitor packet loss rate
13389,0.5853,network_errors,Network Interface Issues,high,Feature #23;Feature #24,Check network hardware;Inspect cable connections;Review network driver logs;Monitor packet loss rate
13390,0.5907,network_errors,Network Interface Issues,high,Feature #23;Feature #24,Check network hardware;Inspect cable connections;Review network driver logs;Monitor packet loss rate
13391,0.5815,network_errors,Network Interface Issues,high,Feature #23;Feature #24,Check network hardware;Inspect cable connections;Review network driver logs;Monitor packet loss rate
13392,0.6314,network_errors,Network Interface Issues,high,Feature #23;Feature #24,Check network hardware;Inspect cable connections;Review network driver logs;Monitor packet loss rate
13393,0.6041,network_errors,Network Interface Issues,high,Feature #23;Feature #24,Check network hardware;Inspect cable connections;Review network driver logs;Monitor packet loss rate
13394,0.6267,network_errors,Network Interface Issues,high,Feature #23;Feature #24,Check network hardware;Inspect cable connections;Review network driver logs;Monitor packet loss rate
13395,0.628,network_errors,Network Interface Issues,high,Feature #23;Feature #24,Check network hardware;Inspect cable connections;Review network driver logs;Monitor packet loss rate
13396,0.6548,network_errors,Network Interface Issues,high,Feature #23;Feature #24,Check network hardware;Inspect cable connections;Review network driver logs;Monitor packet loss rate
13397,0.6648,network_errors,Network Interface Issues,high,Feature #23;Feature #24,Check network hardware;Inspect cable connections;Review network driver logs;Monitor packet loss rate
13398,0.6431,network_errors,Network Interface Issues,high,Feature #23;Feature #24,Check network hardware;Inspect cable connections;Review network driver logs;Monitor packet loss rate
13399,0.6005,network_errors,Network Interface Issues,high,Feature #23;Feature #24,Check network hardware;Inspect cable connections;Review network driver logs;Monitor packet loss rate
13400,0.5958,network_errors,Network Interface Issues,high,Feature #23;Feature #24,Check network hardware;Inspect cable connections;Review network driver logs;Monitor packet loss rate
13401,0.5923,network_errors,Network Interface Issues,high,Feature #23;Feature #24,Check network hardware;Inspect cable connections;Review network driver logs;Monitor packet loss rate
13402,0.6185,network_errors,Network Interface Issues,high,Feature #23;Feature #24,Check network hardware;Inspect cable connections;Review network driver logs;Monitor packet loss rate
13403,0.5791,network_errors,Network Interface Issues,high,Feature #23;Feature #24,Check network hardware;Inspect cable connections;Review network driver logs;Monitor packet loss rate
13404,0.6237,network_errors,Network Interface Issues,high,Feature #23;Feature #24,Check network hardware;Inspect cable connections;Review network driver logs;Monitor packet loss rate
13405,0.6071,network_errors,Network Interface Issues,high,Feature #23;Feature #24,Check network hardware;Inspect cable connections;Review network driver logs;Monitor packet loss rate
13406,0.5622,network_errors,Network Interface Issues,high,Feature #23;Feature #24,Check network hardware;Inspect cable connections;Review network driver logs;Monitor packet loss rate
13407,0.6174,network_errors,Network Interface Issues,high,Feature #23;Feature #24,Check network hardware;Inspect cable connections;Review network driver logs;Monitor packet loss rate
13408,0.6008,network_errors,Network Interface Issues,high,Feature #23;Feature #24,Check network hardware;Inspect cable connections;Review network driver logs;Monitor packet loss rate
13409,0.5615,network_errors,Network Interface Issues,high,Feature #23;Feature #24,Check network hardware;Inspect cable connections;Review network driver logs;Monitor packet loss rate
13410,0.5851,network_errors,Network Interface Issues,high,Feature #23;Feature #24,Check network hardware;Inspect cable connections;Review network driver logs;Monitor packet loss rate
13411,0.5941,network_errors,Network Interface Issues,high,Feature #23;Feature #24,Check network hardware;Inspect cable connections;Review network driver logs;Monitor packet loss rate
13412,0.5248,network_errors,Network Interface Issues,high,Feature #23;Feature #24,Check network hardware;Inspect cable connections;Review network driver logs;Monitor packet loss rate
13413,0.5534,network_errors,Network Interface Issues,high,Feature #23;Feature #24,Check network hardware;Inspect cable connections;Review network driver logs;Monitor packet loss rate
13416,0.5488,network_errors,Network Interface Issues,high,Feature #23;Feature #24,Check network hardware;Inspect cable connections;Review network driver logs;Monitor packet loss rate
13426,0.5658,network_errors,Network Interface Issues,high,Feature #23;Feature #24,Check network hardware;Inspect cable connections;Review network driver logs;Monitor packet loss rate
13931,0.5279,network_errors,Network Interface Issues,high,Feature #23;Feature #24,Check network hardware;Inspect cable connections;Review network driver logs;Monitor packet loss rate
14759,0.5262,network_errors,Network Interface Issues,high,Feature #23;Feature #24,Check network hardware;Inspect cable connections;Review network driver logs;Monitor packet loss rate
14761,0.528,network_errors,Network Interface Issues,high,Feature #23;Feature #24,Check network hardware;Inspect cable connections;Review network driver logs;Monitor packet loss rate
14762,0.5639,network_errors,Network Interface Issues,high,Feature #23;Feature #24,Check network hardware;Inspect cable connections;Review network driver logs;Monitor packet loss rate
14765,0.5324,network_errors,Network Interface Issues,high,Feature #23;Feature #24,Check network hardware;Inspect cable connections;Review network driver logs;Monitor packet loss rate
14766,0.5513,network_errors,Network Interface Issues,high,Feature #23;Feature #24,Check network hardware;Inspect cable connections;Review network driver logs;Monitor packet loss rate
14767,0.5301,network_errors,Network Interface Issues,high,Feature #23;Feature #24,Check network hardware;Inspect cable connections;Review network driver logs;Monitor packet loss rate
14769,0.528,network_errors,Network Interface Issues,high,Feature #23;Feature #24,Check network hardware;Inspect cable connections;Review network driver logs;Monitor packet loss rate
14770,0.589,network_errors,Network Interface Issues,high,Feature #23;Feature #24,Check network hardware;Inspect cable connections;Review network driver logs;Monitor packet loss rate
14771,0.5786,network_errors,Network Interface Issues,high,Feature #23;Feature #24,Check network hardware;Inspect cable connections;Review network driver logs;Monitor packet loss rate
14772,0.6111,network_errors,Network Interface Issues,high,Feature #23;Feature #24,Check network hardware;Inspect cable connections;Review network driver logs;Monitor packet loss rate
14773,0.5526,network_errors,Network Interface Issues,high,Feature #23;Feature #24,Check network hardware;Inspect cable connections;Review network driver logs;Monitor packet loss rate
14774,0.5878,network_errors,Network Interface Issues,high,Feature #23;Feature #24,Check network hardware;Inspect cable connections;Review network driver logs;Monitor packet loss rate
14775,0.6302,network_errors,Network Interface Issues,high,Feature #23;Feature #24,Check network hardware;Inspect cable connections;Review network driver logs;Monitor packet loss rate
14776,0.6307,network_errors,Network Interface Issues,high,Feature #23;Feature #24,Check network hardware;Inspect cable connections;Review network driver logs;Monitor packet loss rate
14777,0.5283,network_errors,Network Interface Issues,high,Feature #23;Feature #24,Check network hardware;Inspect cable connections;Review network driver logs;Monitor packet loss rate
14778,0.5743,network_errors,Network Interface Issues,high,Feature #23;Feature #24,Check network hardware;Inspect cable connections;Review network driver logs;Monitor packet loss rate
14779,0.6163,network_errors,Network Interface Issues,high,Feature #23;Feature #24,Check network hardware;Inspect cable connections;Review network driver logs;Monitor packet loss rate
14781,0.5698,network_errors,Network Interface Issues,high,Feature #23;Feature #24,Check network hardware;Inspect cable connections;Review network driver logs;Monitor packet loss rate
14782,0.5908,network_errors,Network Interface Issues,high,Feature #23;Feature #24,Check network hardware;Inspect cable connections;Review network driver logs;Monitor packet loss rate
14783,0.5577,network_errors,Network Interface Issues,high,Feature #23;Feature #24,Check network hardware;Inspect cable connections;Review network driver logs;Monitor packet loss rate
14784,0.568,network_errors,Network Interface Issues,high,Feature #23;Feature #24,Check network hardware;Inspect cable connections;Review network driver logs;Monitor packet loss rate
14785,0.5615,network_errors,Network Interface Issues,high,Feature #23;Feature #24,Check network hardware;Inspect cable connections;Review network driver logs;Monitor packet loss rate
14786,0.5772,network_errors,Network Interface Issues,high,Feature #23;Feature #24,Check network hardware;Inspect cable connections;Review network driver logs;Monitor packet loss rate
14787,0.5572,network_errors,Network Interface Issues,high,Feature #23;Feature #24,Check network hardware;Inspect cable connections;Review network driver logs;Monitor packet loss rate
14788,0.6021,network_errors,Network Interface Issues,high,Feature #23;Feature #24,Check network hardware;Inspect cable connections;Review network driver logs;Monitor packet loss rate
14789,0.5729,network_errors,Network Interface Issues,high,Feature #23;Feature #24,Check network hardware;Inspect cable connections;Review network driver logs;Monitor packet loss rate
14790,0.5638,network_errors,Network Interface Issues,high,Feature #23;Feature #24,Check network hardware;Inspect cable connections;Review network driver logs;Monitor packet loss rate
14791,0.5945,network_errors,Network Interface Issues,high,Feature #23;Feature #24,Check network hardware;Inspect cable connections;Review network driver logs;Monitor packet loss rate
14792,0.5885,network_errors,Network Interface Issues,high,Feature #23;Feature #24,Check network hardware;Inspect cable connections;Review network driver logs;Monitor packet loss rate
14793,0.552,network_errors,Network Interface Issues,high,Feature #23;Feature #24,Check network hardware;Inspect cable connections;Review network driver logs;Monitor packet loss rate
14794,0.5861,network_errors,Network Interface Issues,high,Feature #23;Feature #24,Check network hardware;Inspect cable connections;Review network driver logs;Monitor packet loss rate
14795,0.5432,network_errors,Network Interface Issues,high,Feature #23;Feature #24,Check network hardware;Inspect cable connections;Review network driver logs;Monitor packet loss rate
14796,0.5546,network_errors,Network Interface Issues,high,Feature #23;Feature #24,Check network hardware;Inspect cable connections;Review network driver logs;Monitor packet loss rate
14797,0.5376,network_errors,Network Interface Issues,high,Feature #23;Feature #24,Check network hardware;Inspect cable connections;Review network driver logs;Monitor packet loss rate
14798,0.5701,network_errors,Network Interface Issues,high,Feature #23;Feature #24,Check network hardware;Inspect cable connections;Review network driver logs;Monitor packet loss rate
14799,0.5748,network_errors,Network Interface Issues,high,Feature #23;Feature #24,Check network hardware;Inspect cable connections;Review network driver logs;Monitor packet loss rate
14800,0.5357,network_errors,Network Interface Issues,high,Feature #23;Feature #24,Check network hardware;Inspect cable connections;Review network driver logs;Monitor packet loss rate
14802,0.5513,network_errors,Network Interface Issues,high,Feature #23;Feature #24,Check network hardware;Inspect cable connections;Review network driver logs;Monitor packet loss rate
14805,0.5813,network_errors,Network Interface Issues,high,Feature #23;Feature #24,Check network hardware;Inspect cable connections;Review network driver logs;Monitor packet loss rate
14806,0.5747,network_errors,Network Interface Issues,high,Feature #23;Feature #24,Check network hardware;Inspect cable connections;Review network driver logs;Monitor packet loss rate
14807,0.5419,network_errors,Network Interface Issues,high,Feature #23;Feature #24,Check network hardware;Inspect cable connections;Review network driver logs;Monitor packet loss rate
14820,0.5246,network_errors,Network Interface Issues,high,Feature #23;Feature #24,Check network hardware;Inspect cable connections;Review network driver logs;Monitor packet loss rate
14832,0.5229,network_errors,Network Interface Issues,high,Feature #23;Feature #24,Check network hardware;Inspect cable connections;Review network driver logs;Monitor packet loss rate
14833,0.601,network_errors,Network Interface Issues,high,Feature #23;Feature #24,Check network hardware;Inspect cable connections;Review network driver logs;Monitor packet loss rate
14835,0.6125,network_errors,Network Interface Issues,high,Feature #23;Feature #24,Check network hardware;Inspect cable connections;Review network driver logs;Monitor packet loss rate
14836,0.6449,network_errors,Network Interface Issues,high,Feature #23;Feature #24,Check network hardware;Inspect cable connections;Review network driver logs;Monitor packet loss rate
14837,0.5748,network_errors,Network Interface Issues,high,Feature #23;Feature #24,Check network hardware;Inspect cable connections;Review network driver logs;Monitor packet loss rate
14838,0.6339,network_errors,Network Interface Issues,high,Feature #23;Feature #24,Check network hardware;Inspect cable connections;Review network driver logs;Monitor packet loss rate
14839,0.6534,network_errors,Network Interface Issues,high,Feature #23;Feature #24,Check network hardware;Inspect cable connections;Review network driver logs;Monitor packet loss rate
14840,0.6095,network_errors,Network Interface Issues,high,Feature #23;Feature #24,Check network hardware;Inspect cable connections;Review network driver logs;Monitor packet loss rate
14841,0.6478,network_errors,Network Interface Issues,high,Feature #23;Feature #24,Check network hardware;Inspect cable connections;Review network driver logs;Monitor packet loss rate
14842,0.6422,network_errors,Network Interface Issues,high,Feature #23;Feature #24,Check network hardware;Inspect cable connections;Review network driver logs;Monitor packet loss rate
14843,0.5773,network_errors,Network Interface Issues,high,Feature #23;Feature #24,Check network hardware;Inspect cable connections;Review network driver logs;Monitor packet loss rate
14844,0.6047,network_errors,Network Interface Issues,high,Feature #23;Feature #24,Check network hardware;Inspect cable connections;Review network driver logs;Monitor packet loss rate
14845,0.654,network_errors,Network Interface Issues,high,Feature #23;Feature #24,Check network hardware;Inspect cable connections;Review network driver logs;Monitor packet loss rate
14846,0.6137,network_errors,Network Interface Issues,high,Feature #23;Feature #24,Check network hardware;Inspect cable connections;Review network driver logs;Monitor packet loss rate
14847,0.6581,network_errors,Network Interface Issues,high,Feature #23;Feature #24,Check network hardware;Inspect cable connections;Review network driver logs;Monitor packet loss rate
14848,0.6345,network_errors,Network Interface Issues,high,Feature #23;Feature #24,Check network hardware;Inspect cable connections;Review network driver logs;Monitor packet loss rate
14849,0.5878,network_errors,Network Interface Issues,high,Feature #23;Feature #24,Check network hardware;Inspect cable connections;Review network driver logs;Monitor packet loss rate
14850,0.6471,network_errors,Network Interface Issues,high,Feature #23;Feature #24,Check network hardware;Inspect cable connections;Review network driver logs;Monitor packet loss rate
14851,0.59,network_errors,Network Interface Issues,high,Feature #23;Feature #24,Check network hardware;Inspect cable connections;Review network driver logs;Monitor packet loss rate
14852,0.5954,network_errors,Network Interface Issues,high,Feature #23;Feature #24,Check network hardware;Inspect cable connections;Review network driver logs;Monitor packet loss rate
14853,0.5904,network_errors,Network Interface Issues,high,Feature #23;Feature #24,Check network hardware;Inspect cable connections;Review network driver logs;Monitor packet loss rate
14854,0.6226,network_errors,Network Interface Issues,high,Feature #23;Feature #24,Check network hardware;Inspect cable connections;Review network driver logs;Monitor packet loss rate
14855,0.5875,network_errors,Network Interface Issues,high,Feature #23;Feature #24,Check network hardware;Inspect cable connections;Review network driver logs;Monitor packet loss rate
14856,0.5972,network_errors,Network Interface Issues,high,Feature #23;Feature #24,Check network hardware;Inspect cable connections;Review network driver logs;Monitor packet loss rate
14857,0.5958,network_errors,Network Interface Issues,high,Feature #23;Feature #24,Check network hardware;Inspect cable connections;Review network driver logs;Monitor packet loss rate
14858,0.5419,network_errors,Network Interface Issues,high,Feature #23;Feature #24,Check network hardware;Inspect cable connections;Review network driver logs;Monitor packet loss rate
14859,0.554,network_errors,Network Interface Issues,high,Feature #23;Feature #24,Check network hardware;Inspect cable connections;Review network driver logs;Monitor packet loss rate
14860,0.5818,network_errors,Network Interface Issues,high,Feature #23;Feature #24,Check network hardware;Inspect cable connections;Review network driver logs;Monitor packet loss rate
14862,0.5553,network_errors,Network Interface Issues,high,Feature #23;Feature #24,Check network hardware;Inspect cable connections;Review network driver logs;Monitor packet loss rate
14863,0.5387,network_errors,Network Interface Issues,high,Feature #23;Feature #24,Check network hardware;Inspect cable connections;Review network driver logs;Monitor packet loss rate
14865,0.5557,network_errors,Network Interface Issues,high,Feature #23;Feature #24,Check network hardware;Inspect cable connections;Review network driver logs;Monitor packet loss rate
14866,0.6276,network_errors,Network Interface Issues,high,Feature #23;Feature #24,Check network hardware;Inspect cable connections;Review network driver logs;Monitor packet loss rate
14867,0.5345,network_errors,Network Interface Issues,high,Feature #23;Feature #24,Check network hardware;Inspect cable connections;Review network driver logs;Monitor packet loss rate
14868,0.6047,network_errors,Network Interface Issues,high,Feature #23;Feature #24,Check network hardware;Inspect cable connections;Review network driver logs;Monitor packet loss rate
14869,0.5284,network_errors,Network Interface Issues,high,Feature #23;Feature #24,Check network hardware;Inspect cable connections;Review network driver logs;Monitor packet loss rate
14870,0.5325,network_errors,Network Interface Issues,high,Feature #23;Feature #24,Check network hardware;Inspect cable connections;Review network driver logs;Monitor packet loss rate
14871,0.5635,network_errors,Network Interface Issues,high,Feature #23;Feature #24,Check network hardware;Inspect cable connections;Review network driver logs;Monitor packet loss rate
14873,0.5898,network_errors,Network Interface Issues,high,Feature #23;Feature #24,Check network hardware;Inspect cable connections;Review network driver logs;Monitor packet loss rate
14874,0.5326,network_errors,Network Interface Issues,high,Feature #23;Feature #24,Check network hardware;Inspect cable connections;Review network driver logs;Monitor packet loss rate
14875,0.5307,network_errors,Network Interface Issues,high,Feature #23;Feature #24,Check network hardware;Inspect cable connections;Review network driver logs;Monitor packet loss rate
16199,0.5634,network_errors,Network Interface Issues,high,Feature #23;Feature #24,Check network hardware;Inspect cable connections;Review network driver logs;Monitor packet loss rate
16200,0.5573,network_errors,Network Interface Issues,high,Feature #23;Feature #24,Check network hardware;Inspect cable connections;Review network driver logs;Monitor packet loss rate
16201,0.5271,network_errors,Network Interface Issues,high,Feature #23;Feature #24,Check network hardware;Inspect cable connections;Review network driver logs;Monitor packet loss rate
16209,0.5607,network_errors,Network Interface Issues,high,Feature #23;Feature #24,Check network hardware;Inspect cable connections;Review network driver logs;Monitor packet loss rate
16212,0.5229,network_errors,Network Interface Issues,high,Feature #23;Feature #24,Check network hardware;Inspect cable connections;Review network driver logs;Monitor packet loss rate
16216,0.5424,network_errors,Network Interface Issues,high,Feature #23;Feature #24,Check network hardware;Inspect cable connections;Review network driver logs;Monitor packet loss rate
16217,0.5207,network_errors,Network Interface Issues,high,Feature #23;Feature #24,Check network hardware;Inspect cable connections;Review network driver logs;Monitor packet loss rate
16219,0.5645,network_errors,Network Interface Issues,high,Feature #23;Feature #24,Check network hardware;Inspect cable connections;Review network driver logs;Monitor packet loss rate
16220,0.5215,network_errors,Network Interface Issues,high,Feature #23;Feature #24,Check network hardware;Inspect cable connections;Review network driver logs;Monitor packet loss rate
16226,0.5513,network_errors,Network Interface Issues,high,Feature #23;Feature #24,Check network hardware;Inspect cable connections;Review network driver logs;Monitor packet loss rate
16227,0.5316,network_errors,Network Interface Issues,high,Feature #23;Feature #24,Check network hardware;Inspect cable connections;Review network driver logs;Monitor packet loss rate
16228,0.5312,network_errors,Network Interface Issues,high,Feature #23;Feature #24,Check network hardware;Inspect cable connections;Review network driver logs;Monitor packet loss rate
16229,0.5793,network_errors,Network Interface Issues,high,Feature #23;Feature #24,Check network hardware;Inspect cable connections;Review network driver logs;Monitor packet loss rate
16230,0.5719,network_errors,Network Interface Issues,high,Feature #23;Feature #24,Check network hardware;Inspect cable connections;Review network driver logs;Monitor packet loss rate
16231,0.5657,network_errors,Network Interface Issues,high,Feature #23;Feature #24,Check network hardware;Inspect cable connections;Review network driver logs;Monitor packet loss rate
16232,0.5561,network_errors,Network Interface Issues,high,Feature #23;Feature #24,Check network hardware;Inspect cable connections;Review network driver logs;Monitor packet loss rate
16233,0.5298,network_errors,Network Interface Issues,high,Feature #23;Feature #24,Check network hardware;Inspect cable connections;Review network driver logs;Monitor packet loss rate
16240,0.5723,network_errors,Network Interface Issues,high,Feature #23;Feature #24,Check network hardware;Inspect cable connections;Review network driver logs;Monitor packet loss rate
16241,0.5281,network_errors,Network Interface Issues,high,Feature #23;Feature #24,Check network hardware;Inspect cable connections;Review network driver logs;Monitor packet loss rate
16243,0.5541,network_errors,Network Interface Issues,high,Feature #23;Feature #24,Check network hardware;Inspect cable connections;Review network driver logs;Monitor packet loss rate
16245,0.5452,network_errors,Network Interface Issues,high,Feature #23;Feature #24,Check network hardware;Inspect cable connections;Review network driver logs;Monitor packet loss rate
16246,0.5561,network_errors,Network Interface Issues,high,Feature #23;Feature #24,Check network hardware;Inspect cable connections;Review network driver logs;Monitor packet loss rate
16276,0.527,network_errors,Network Interface Issues,high,Feature #23;Feature #24,Check network hardware;Inspect cable connections;Review network driver logs;Monitor packet loss rate
16277,0.5355,network_errors,Network Interface Issues,high,Feature #23;Feature #24,Check network hardware;Inspect cable connections;Review network driver logs;Monitor packet loss rate
16279,0.5699,network_errors,Network Interface Issues,high,Feature #23;Feature #24,Check network hardware;Inspect cable connections;Review network driver logs;Monitor packet loss rate
16280,0.6135,network_errors,Network Interface Issues,high,Feature #23;Feature #24,Check network hardware;Inspect cable connections;Review network driver logs;Monitor packet loss rate
16281,0.5564,network_errors,Network Interface Issues,high,Feature #23;Feature #24,Check network hardware;Inspect cable connections;Review network driver logs;Monitor packet loss rate
16282,0.5866,network_errors,Network Interface Issues,high,Feature #23;Feature #24,Check network hardware;Inspect cable connections;Review network driver logs;Monitor packet loss rate
16283,0.6045,network_errors,Network Interface Issues,high,Feature #23;Feature #24,Check network hardware;Inspect cable connections;Review network driver logs;Monitor packet loss rate
16284,0.5842,network_errors,Network Interface Issues,high,Feature #23;Feature #24,Check network hardware;Inspect cable connections;Review network driver logs;Monitor packet loss rate
16285,0.6002,network_errors,Network Interface Issues,high,Feature #23;Feature #24,Check network hardware;Inspect cable connections;Review network driver logs;Monitor packet loss rate
16286,0.615,network_errors,Network Interface Issues,high,Feature #23;Feature #24,Check network hardware;Inspect cable connections;Review network driver logs;Monitor packet loss rate
16287,0.5613,network_errors,Network Interface Issues,high,Feature #23;Feature #24,Check network hardware;Inspect cable connections;Review network driver logs;Monitor packet loss rate
16288,0.6192,network_errors,Network Interface Issues,high,Feature #23;Feature #24,Check network hardware;Inspect cable connections;Review network driver logs;Monitor packet loss rate
16289,0.6213,network_errors,Network Interface Issues,high,Feature #23;Feature #24,Check network hardware;Inspect cable connections;Review network driver logs;Monitor packet loss rate
16290,0.5774,network_errors,Network Interface Issues,high,Feature #23;Feature #24,Check network hardware;Inspect cable connections;Review network driver logs;Monitor packet loss rate
16291,0.6003,network_errors,Network Interface Issues,high,Feature #23;Feature #24,Check network hardware;Inspect cable connections;Review network driver logs;Monitor packet loss rate
16292,0.6087,network_errors,Network Interface Issues,high,Feature #23;Feature #24,Check network hardware;Inspect cable connections;Review network driver logs;Monitor packet loss rate
16293,0.5323,network_errors,Network Interface Issues,high,Feature #23;Feature #24,Check network hardware;Inspect cable connections;Review network driver logs;Monitor packet loss rate
16294,0.5799,network_errors,Network Interface Issues,high,Feature #23;Feature #24,Check network hardware;Inspect cable connections;Review network driver logs;Monitor packet loss rate
16295,0.5643,network_errors,Network Interface Issues,high,Feature #23;Feature #24,Check network hardware;Inspect cable connections;Review network driver logs;Monitor packet loss rate
16296,0.5515,network_errors,Network Interface Issues,high,Feature #23;Feature #24,Check network hardware;Inspect cable connections;Review network driver logs;Monitor packet loss rate
16297,0.5853,network_errors,Network Interface Issues,high,Feature #23;Feature #24,Check network hardware;Inspect cable connections;Review network driver logs;Monitor packet loss rate
16298,0.5821,network_errors,Network Interface Issues,high,Feature #23;Feature #24,Check network hardware;Inspect cable connections;Review network driver logs;Monitor packet loss rate
16300,0.5259,network_errors,Network Interface Issues,high,Feature #23;Feature #24,Check network hardware;Inspect cable connections;Review network driver logs;Monitor packet loss rate
16301,0.5206,network_errors,Network Interface Issues,high,Feature #23;Feature #24,Check network hardware;Inspect cable connections;Review network driver logs;Monitor packet loss rate
16306,0.5923,network_errors,Network Interface Issues,high,Feature #23;Feature #24,Check network hardware;Inspect cable connections;Review network driver logs;Monitor packet loss rate
16307,0.5739,network_errors,Network Interface Issues,high,Feature #23;Feature #24,Check network hardware;Inspect cable connections;Review network driver logs;Monitor packet loss rate
16309,0.5565,network_errors,Network Interface Issues,high,Feature #23;Feature #24,Check network hardware;Inspect cable connections;Review network driver logs;Monitor packet loss rate
16313,0.5303,network_errors,Network Interface Issues,high,Feature #23;Feature #24,Check network hardware;Inspect cable connections;Review network driver logs;Monitor packet loss rate
17645,0.523,network_errors,Network Interface Issues,high,Feature #23;Feature #24,Check network hardware;Inspect cable connections;Review network driver logs;Monitor packet loss rate
17651,0.5279,network_errors,Network Interface Issues,high,Feature #23;Feature #24,Check network hardware;Inspect cable connections;Review network driver logs;Monitor packet loss rate
17653,0.521,network_errors,Network Interface Issues,high,Feature #23;Feature #24,Check network hardware;Inspect cable connections;Review network driver logs;Monitor packet loss rate
17656,0.5766,network_errors,Network Interface Issues,high,Feature #23;Feature #24,Check network hardware;Inspect cable connections;Review network driver logs;Monitor packet loss rate
17660,0.5283,network_errors,Network Interface Issues,high,Feature #23;Feature #24,Check network hardware;Inspect cable connections;Review network driver logs;Monitor packet loss rate
17661,0.5451,network_errors,Network Interface Issues,high,Feature #23;Feature #24,Check network hardware;Inspect cable connections;Review network driver logs;Monitor packet loss rate
17666,0.5393,network_errors,Network Interface Issues,high,Feature #23;Feature #24,Check network hardware;Inspect cable connections;Review network driver logs;Monitor packet loss rate
17667,0.554,network_errors,Network Interface Issues,high,Feature #23;Feature #24,Check network hardware;Inspect cable connections;Review network driver logs;Monitor packet loss rate
17668,0.5428,network_errors,Network Interface Issues,high,Feature #23;Feature #24,Check network hardware;Inspect cable connections;Review network driver logs;Monitor packet loss rate
17669,0.5478,network_errors,Network Interface Issues,high,Feature #23;Feature #24,Check network hardware;Inspect cable connections;Review network driver logs;Monitor packet loss rate
17673,0.5256,network_errors,Network Interface Issues,high,Feature #23;Feature #24,Check network hardware;Inspect cable connections;Review network driver logs;Monitor packet loss rate
17674,0.5474,network_errors,Network Interface Issues,high,Feature #23;Feature #24,Check network hardware;Inspect cable connections;Review network driver logs;Monitor packet loss rate
17676,0.5341,network_errors,Network Interface Issues,high,Feature #23;Feature #24,Check network hardware;Inspect cable connections;Review network driver logs;Monitor packet loss rate
17678,0.5284,network_errors,Network Interface Issues,high,Feature #23;Feature #24,Check network hardware;Inspect cable connections;Review network driver logs;Monitor packet loss rate
17680,0.521,network_errors,Network Interface Issues,high,Feature #23;Feature #24,Check network hardware;Inspect cable connections;Review network driver logs;Monitor packet loss rate
17711,0.5756,network_errors,Network Interface Issues,high,Feature #23;Feature #24,Check network hardware;Inspect cable connections;Review network driver logs;Monitor packet loss rate
17712,0.5771,network_errors,Network Interface Issues,high,Feature #23;Feature #24,Check network hardware;Inspect cable connections;Review network driver logs;Monitor packet loss rate
17713,0.5716,network_errors,Network Interface Issues,high,Feature #23;Feature #24,Check network hardware;Inspect cable connections;Review network driver logs;Monitor packet loss rate
17714,0.6171,network_errors,Network Interface Issues,high,Feature #23;Feature #24,Check network hardware;Inspect cable connections;Review network driver logs;Monitor packet loss rate
17715,0.6095,network_errors,Network Interface Issues,high,Feature #23;Feature #24,Check network hardware;Inspect cable connections;Review network driver logs;Monitor packet loss rate
17716,0.6508,network_errors,Network Interface Issues,high,Feature #23;Feature #24,Check network hardware;Inspect cable connections;Review network driver logs;Monitor packet loss rate
17717,0.6783,network_errors,Network Interface Issues,high,Feature #23;Feature #24,Check network hardware;Inspect cable connections;Review network driver logs;Monitor packet loss rate
17718,0.6359,network_errors,Network Interface Issues,high,Feature #23;Feature #24,Check network hardware;Inspect cable connections;Review network driver logs;Monitor packet loss rate
17719,0.5998,network_errors,Network Interface Issues,high,Feature #23;Feature #24,Check network hardware;Inspect cable connections;Review network driver logs;Monitor packet loss rate
17720,0.6472,network_errors,Network Interface Issues,high,Feature #23;Feature #24,Check network hardware;Inspect cable connections;Review network driver logs;Monitor packet loss rate
17721,0.6448,network_errors,Network Interface Issues,high,Feature #23;Feature #24,Check network hardware;Inspect cable connections;Review network driver logs;Monitor packet loss rate
17722,0.5717,network_errors,Network Interface Issues,high,Feature #23;Feature #24,Check network hardware;Inspect cable connections;Review network driver logs;Monitor packet loss rate
17723,0.5776,network_errors,Network Interface Issues,high,Feature #23;Feature #24,Check network hardware;Inspect cable connections;Review network driver logs;Monitor packet loss rate
17724,0.6355,network_errors,Network Interface Issues,high,Feature #23;Feature #24,Check network hardware;Inspect cable connections;Review network driver logs;Monitor packet loss rate
17725,0.6096,network_errors,Network Interface Issues,high,Feature #23;Feature #24,Check network hardware;Inspect cable connections;Review network driver logs;Monitor packet loss rate
17726,0.6263,network_errors,Network Interface Issues,high,Feature #23;Feature #24,Check network hardware;Inspect cable connections;Review network driver logs;Monitor packet loss rate
17727,0.5434,network_errors,Network Interface Issues,high,Feature #23;Feature #24,Check network hardware;Inspect cable connections;Review network driver logs;Monitor packet loss rate
17728,0.6227,network_errors,Network Interface Issues,high,Feature #23;Feature #24,Check network hardware;Inspect cable connections;Review network driver logs;Monitor packet loss rate
17729,0.5634,network_errors,Network Interface Issues,high,Feature #23;Feature #24,Check network hardware;Inspect cable connections;Review network driver logs;Monitor packet loss rate
17730,0.5968,network_errors,Network Interface Issues,high,Feature #23;Feature #24,Check network hardware;Inspect cable connections;Review network driver logs;Monitor packet loss rate
17731,0.6234,network_errors,Network Interface Issues,high,Feature #23;Feature #24,Check network hardware;Inspect cable connections;Review network driver logs;Monitor packet loss rate
17732,0.5419,network_errors,Network Interface Issues,high,Feature #23;Feature #24,Check network hardware;Inspect cable connections;Review network driver logs;Monitor packet loss rate
17733,0.606,network_errors,Network Interface Issues,high,Feature #23;Feature #24,Check network hardware;Inspect cable connections;Review network driver logs;Monitor packet loss rate
17734,0.5806,network_errors,Network Interface Issues,high,Feature #23;Feature #24,Check network hardware;Inspect cable connections;Review network driver logs;Monitor packet loss rate
17735,0.5772,network_errors,Network Interface Issues,high,Feature #23;Feature #24,Check network hardware;Inspect cable connections;Review network driver logs;Monitor packet loss rate
17736,0.5871,network_errors,Network Interface Issues,high,Feature #23;Feature #24,Check network hardware;Inspect cable connections;Review network driver logs;Monitor packet loss rate
17737,0.5204,network_errors,Network Interface Issues,high,Feature #23;Feature #24,Check network hardware;Inspect cable connections;Review network driver logs;Monitor packet loss rate
17738,0.5205,network_errors,Network Interface Issues,high,Feature #23;Feature #24,Check network hardware;Inspect cable connections;Review network driver logs;Monitor packet loss rate
17739,0.5676,network_errors,Network Interface Issues,high,Feature #23;Feature #24,Check network hardware;Inspect cable connections;Review network driver logs;Monitor packet loss rate
17740,0.5333,network_errors,Network Interface Issues,high,Feature #23;Feature #24,Check network hardware;Inspect cable connections;Review network driver logs;Monitor packet loss rate
17741,0.5453,network_errors,Network Interface Issues,high,Feature #23;Feature #24,Check network hardware;Inspect cable connections;Review network driver logs;Monitor packet loss rate
17742,0.5451,network_errors,Network Interface Issues,high,Feature #23;Feature #24,Check network hardware;Inspect cable connections;Review network driver logs;Monitor packet loss rate
19080,0.5372,network_errors,Network Interface Issues,high,Feature #23;Feature #24,Check network hardware;Inspect cable connections;Review network driver logs;Monitor packet loss rate
19089,0.5235,network_errors,Network Interface Issues,high,Feature #23;Feature #24,Check network hardware;Inspect cable connections;Review network driver logs;Monitor packet loss rate
19094,0.5344,network_errors,Network Interface Issues,high,Feature #23;Feature #24,Check network hardware;Inspect cable connections;Review network driver logs;Monitor packet loss rate
19096,0.5438,network_errors,Network Interface Issues,high,Feature #23;Feature #24,Check network hardware;Inspect cable connections;Review network driver logs;Monitor packet loss rate
19097,0.557,network_errors,Network Interface Issues,high,Feature #23;Feature #24,Check network hardware;Inspect cable connections;Review network driver logs;Monitor packet loss rate
19099,0.5711,network_errors,Network Interface Issues,high,Feature #23;Feature #24,Check network hardware;Inspect cable connections;Review network driver logs;Monitor packet loss rate
19108,0.5246,network_errors,Network Interface Issues,high,Feature #23;Feature #24,Check network hardware;Inspect cable connections;Review network driver logs;Monitor packet loss rate
19109,0.5658,network_errors,Network Interface Issues,high,Feature #23;Feature #24,Check network hardware;Inspect cable connections;Review network driver logs;Monitor packet loss rate
19119,0.5372,network_errors,Network Interface Issues,high,Feature #23;Feature #24,Check network hardware;Inspect cable connections;Review network driver logs;Monitor packet loss rate
19120,0.5284,network_errors,Network Interface Issues,high,Feature #23;Feature #24,Check network hardware;Inspect cable connections;Review network driver logs;Monitor packet loss rate
19121,0.55,network_errors,Network Interface Issues,high,Feature #23;Feature #24,Check network hardware;Inspect cable connections;Review network driver logs;Monitor packet loss rate
19150,0.5566,network_errors,Network Interface Issues,high,Feature #23;Feature #24,Check network hardware;Inspect cable connections;Review network driver logs;Monitor packet loss rate
19151,0.5202,network_errors,Network Interface Issues,high,Feature #23;Feature #24,Check network hardware;Inspect cable connections;Review network driver logs;Monitor packet loss rate
19153,0.5934,network_errors,Network Interface Issues,high,Feature #23;Feature #24,Check network hardware;Inspect cable connections;Review network driver logs;Monitor packet loss rate
19154,0.5567,network_errors,Network Interface Issues,high,Feature #23;Feature #24,Check network hardware;Inspect cable connections;Review network driver logs;Monitor packet loss rate
19155,0.5506,network_errors,Network Interface Issues,high,Feature #23;Feature #24,Check network hardware;Inspect cable connections;Review network driver logs;Monitor packet loss rate
19156,0.608,network_errors,Network Interface Issues,high,Feature #23;Feature #24,Check network hardware;Inspect cable connections;Review network driver logs;Monitor packet loss rate
19157,0.6226,network_errors,Network Interface Issues,high,Feature #23;Feature #24,Check network hardware;Inspect cable connections;Review network driver logs;Monitor packet loss rate
19158,0.5516,network_errors,Network Interface Issues,high,Feature #23;Feature #24,Check network hardware;Inspect cable connections;Review network driver logs;Monitor packet loss rate
19159,0.6102,network_errors,Network Interface Issues,high,Feature #23;Feature #24,Check network hardware;Inspect cable connections;Review network driver logs;Monitor packet loss rate
19160,0.6153,network_errors,Network Interface Issues,high,Feature #23;Feature #24,Check network hardware;Inspect cable connections;Review network driver logs;Monitor packet loss rate
19161,0.6208,network_errors,Network Interface Issues,high,Feature #23;Feature #24,Check network hardware;Inspect cable connections;Review network driver logs;Monitor packet loss rate
19162,0.5949,network_errors,Network Interface Issues,high,Feature #23;Feature #24,Check network hardware;Inspect cable connections;Review network driver logs;Monitor packet loss rate
19163,0.671,network_errors,Network Interface Issues,high,Feature #23;Feature #24,Check network hardware;Inspect cable connections;Review network driver logs;Monitor packet loss rate
19164,0.6478,network_errors,Network Interface Issues,high,Feature #23;Feature #24,Check network hardware;Inspect cable connections;Review network driver logs;Monitor packet loss rate
19165,0.6046,network_errors,Network Interface Issues,high,Feature #23;Feature #24,Check network hardware;Inspect cable connections;Review network driver logs;Monitor packet loss rate
19166,0.6559,network_errors,Network Interface Issues,high,Feature #23;Feature #24,Check network hardware;Inspect cable connections;Review network driver logs;Monitor packet loss rate
19167,0.6066,network_errors,Network Interface Issues,high,Feature #23;Feature #24,Check network hardware;Inspect cable connections;Review network driver logs;Monitor packet loss rate
19168,0.581,network_errors,Network Interface Issues,high,Feature #23;Feature #24,Check network hardware;Inspect cable connections;Review network driver logs;Monitor packet loss rate
19169,0.6646,network_errors,Network Interface Issues,high,Feature #23;Feature #24,Check network hardware;Inspect cable connections;Review network driver logs;Monitor packet loss rate
19170,0.6561,network_errors,Network Interface Issues,high,Feature #23;Feature #24,Check network hardware;Inspect cable connections;Review network driver logs;Monitor packet loss rate
19171,0.6217,network_errors,Network Interface Issues,high,Feature #23;Feature #24,Check network hardware;Inspect cable connections;Review network driver logs;Monitor packet loss rate
19172,0.6506,network_errors,Network Interface Issues,high,Feature #23;Feature #24,Check network hardware;Inspect cable connections;Review network driver logs;Monitor packet loss rate
19173,0.6377,network_errors,Network Interface Issues,high,Feature #23;Feature #24,Check network hardware;Inspect cable connections;Review network driver logs;Monitor packet loss rate
19174,0.5806,network_errors,Network Interface Issues,high,Feature #23;Feature #24,Check network hardware;Inspect cable connections;Review network driver logs;Monitor packet loss rate
19175,0.6346,network_errors,Network Interface Issues,high,Feature #23;Feature #24,Check network hardware;Inspect cable connections;Review network driver logs;Monitor packet loss rate
19176,0.6373,network_errors,Network Interface Issues,high,Feature #23;Feature #24,Check network hardware;Inspect cable connections;Review network driver logs;Monitor packet loss rate
19177,0.5677,network_errors,Network Interface Issues,high,Feature #23;Feature #24,Check network hardware;Inspect cable connections;Review network driver logs;Monitor packet loss rate
19178,0.6124,network_errors,Network Interface Issues,high,Feature #23;Feature #24,Check network hardware;Inspect cable connections;Review network driver logs;Monitor packet loss rate
19179,0.587,network_errors,Network Interface Issues,high,Feature #23;Feature #24,Check network hardware;Inspect cable connections;Review network driver logs;Monitor packet loss rate
19180,0.5341,network_errors,Network Interface Issues,high,Feature #23;Feature #24,Check network hardware;Inspect cable connections;Review network driver logs;Monitor packet loss rate
19181,0.5455,network_errors,Network Interface Issues,high,Feature #23;Feature #24,Check network hardware;Inspect cable connections;Review network driver logs;Monitor packet loss rate
19182,0.6004,network_errors,Network Interface Issues,high,Feature #23;Feature #24,Check network hardware;Inspect cable connections;Review network driver logs;Monitor packet loss rate
19183,0.5508,network_errors,Network Interface Issues,high,Feature #23;Feature #24,Check network hardware;Inspect cable connections;Review network driver logs;Monitor packet loss rate
19184,0.5954,network_errors,Network Interface Issues,high,Feature #23;Feature #24,Check network hardware;Inspect cable connections;Review network driver logs;Monitor packet loss rate
19186,0.5592,network_errors,Network Interface Issues,high,Feature #23;Feature #24,Check network hardware;Inspect cable connections;Review network driver logs;Monitor packet loss rate
19187,0.5796,network_errors,Network Interface Issues,high,Feature #23;Feature #24,Check network hardware;Inspect cable connections;Review network driver logs;Monitor packet loss rate
19188,0.5638,network_errors,Network Interface Issues,high,Feature #23;Feature #24,Check network hardware;Inspect cable connections;Review network driver logs;Monitor packet loss rate
19190,0.5233,network_errors,Network Interface Issues,high,Feature #23;Feature #24,Check network hardware;Inspect cable connections;Review network driver logs;Monitor packet loss rate
19191,0.5291,network_errors,Network Interface Issues,high,Feature #23;Feature #24,Check network hardware;Inspect cable connections;Review network driver logs;Monitor packet loss rate
20534,0.5218,network_errors,Network Interface Issues,high,Feature #23;Feature #24,Check network hardware;Inspect cable connections;Review network driver logs;Monitor packet loss rate
20537,0.5333,network_errors,Network Interface Issues,high,Feature #23;Feature #24,Check network hardware;Inspect cable connections;Review network driver logs;Monitor packet loss rate
20543,0.5371,network_errors,Network Interface Issues,high,Feature #23;Feature #24,Check network hardware;Inspect cable connections;Review network driver logs;Monitor packet loss rate
20549,0.5695,network_errors,Network Interface Issues,high,Feature #23;Feature #24,Check network hardware;Inspect cable connections;Review network driver logs;Monitor packet loss rate
20550,0.5276,network_errors,Network Interface Issues,high,Feature #23;Feature #24,Check network hardware;Inspect cable connections;Review network driver logs;Monitor packet loss rate
20552,0.5237,network_errors,Network Interface Issues,high,Feature #23;Feature #24,Check network hardware;Inspect cable connections;Review network driver logs;Monitor packet loss rate
20567,0.5351,network_errors,Network Interface Issues,high,Feature #23;Feature #24,Check network hardware;Inspect cable connections;Review network driver logs;Monitor packet loss rate
20591,0.5339,network_errors,Network Interface Issues,high,Feature #23;Feature #24,Check network hardware;Inspect cable connections;Review network driver logs;Monitor packet loss rate
20593,0.5559,network_errors,Network Interface Issues,high,Feature #23;Feature #24,Check network hardware;Inspect cable connections;Review network driver logs;Monitor packet loss rate
20595,0.5756,network_errors,Network Interface Issues,high,Feature #23;Feature #24,Check network hardware;Inspect cable connections;Review network driver logs;Monitor packet loss rate
20596,0.6218,network_errors,Network Interface Issues,high,Feature #23;Feature #24,Check network hardware;Inspect cable connections;Review network driver logs;Monitor packet loss rate
20597,0.5712,network_errors,Network Interface Issues,high,Feature #23;Feature #24,Check network hardware;Inspect cable connections;Review network driver logs;Monitor packet loss rate
20598,0.6042,network_errors,Network Interface Issues,high,Feature #23;Feature #24,Check network hardware;Inspect cable connections;Review network driver logs;Monitor packet loss rate
20599,0.6145,network_errors,Network Interface Issues,high,Feature #23;Feature #24,Check network hardware;Inspect cable connections;Review network driver logs;Monitor packet loss rate
20600,0.6317,network_errors,Network Interface Issues,high,Feature #23;Feature #24,Check network hardware;Inspect cable connections;Review network driver logs;Monitor packet loss rate
20601,0.6033,network_errors,Network Interface Issues,high,Feature #23;Feature #24,Check network hardware;Inspect cable connections;Review network driver logs;Monitor packet loss rate
20602,0.6717,network_errors,Network Interface Issues,high,Feature #23;Feature #24,Check network hardware;Inspect cable connections;Review network driver logs;Monitor packet loss rate
20603,0.6507,network_errors,Network Interface Issues,high,Feature #23;Feature #24,Check network hardware;Inspect cable connections;Review network driver logs;Monitor packet loss rate
20604,0.6124,network_errors,Network Interface Issues,high,Feature #23;Feature #24,Check network hardware;Inspect cable connections;Review network driver logs;Monitor packet loss rate
20605,0.6471,network_errors,Network Interface Issues,high,Feature #23;Feature #24,Check network hardware;Inspect cable connections;Review network driver logs;Monitor packet loss rate
20606,0.6607,network_errors,Network Interface Issues,high,Feature #23;Feature #24,Check network hardware;Inspect cable connections;Review network driver logs;Monitor packet loss rate
20607,0.6076,network_errors,Network Interface Issues,high,Feature #23;Feature #24,Check network hardware;Inspect cable connections;Review network driver logs;Monitor packet loss rate
20608,0.6466,network_errors,Network Interface Issues,high,Feature #23;Feature #24,Check network hardware;Inspect cable connections;Review network driver logs;Monitor packet loss rate
20609,0.6515,network_errors,Network Interface Issues,high,Feature #23;Feature #24,Check network hardware;Inspect cable connections;Review network driver logs;Monitor packet loss rate
20610,0.6312,network_errors,Network Interface Issues,high,Feature #23;Feature #24,Check network hardware;Inspect cable connections;Review network driver logs;Monitor packet loss rate
20611,0.6793,network_errors,Network Interface Issues,high,Feature #23;Feature #24,Check network hardware;Inspect cable connections;Review network driver logs;Monitor packet loss rate
20612,0.6636,network_errors,Network Interface Issues,high,Feature #23;Feature #24,Check network hardware;Inspect cable connections;Review network driver logs;Monitor packet loss rate
20613,0.6119,network_errors,Network Interface Issues,high,Feature #23;Feature #24,Check network hardware;Inspect cable connections;Review network driver logs;Monitor packet loss rate
20614,0.5874,network_errors,Network Interface Issues,high,Feature #23;Feature #24,Check network hardware;Inspect cable connections;Review network driver logs;Monitor packet loss rate
20615,0.6196,network_errors,Network Interface Issues,high,Feature #23;Feature #24,Check network hardware;Inspect cable connections;Review network driver logs;Monitor packet loss rate
20616,0.6316,network_errors,Network Interface Issues,high,Feature #23;Feature #24,Check network hardware;Inspect cable connections;Review network driver logs;Monitor packet loss rate
20617,0.5993,network_errors,Network Interface Issues,high,Feature #23;Feature #24,Check network hardware;Inspect cable connections;Review network driver logs;Monitor packet loss rate
20618,0.5707,network_errors,Network Interface Issues,high,Feature #23;Feature #24,Check network hardware;Inspect cable connections;Review network driver logs;Monitor packet loss rate
20619,0.6146,network_errors,Network Interface Issues,high,Feature #23;Feature #24,Check network hardware;Inspect cable connections;Review network driver logs;Monitor packet loss rate
20620,0.5342,network_errors,Network Interface Issues,high,Feature #23;Feature #24,Check network hardware;Inspect cable connections;Review network driver logs;Monitor packet loss rate
20621,0.6177,network_errors,Network Interface Issues,high,Feature #23;Feature #24,Check network hardware;Inspect cable connections;Review network driver logs;Monitor packet loss rate
20622,0.6175,network_errors,Network Interface Issues,high,Feature #23;Feature #24,Check network hardware;Inspect cable connections;Review network driver logs;Monitor packet loss rate
20623,0.5593,network_errors,Network Interface Issues,high,Feature #23;Feature #24,Check network hardware;Inspect cable connections;Review network driver logs;Monitor packet loss rate
20624,0.5221,network_errors,Network Interface Issues,high,Feature #23;Feature #24,Check network hardware;Inspect cable connections;Review network driver logs;Monitor packet loss rate
20625,0.5526,network_errors,Network Interface Issues,high,Feature #23;Feature #24,Check network hardware;Inspect cable connections;Review network driver logs;Monitor packet loss rate
20626,0.5397,network_errors,Network Interface Issues,high,Feature #23;Feature #24,Check network hardware;Inspect cable connections;Review network driver logs;Monitor packet loss rate
20627,0.5447,network_errors,Network Interface Issues,high,Feature #23;Feature #24,Check network hardware;Inspect cable connections;Review network driver logs;Monitor packet loss rate
20628,0.5224,network_errors,Network Interface Issues,high,Feature #23;Feature #24,Check network hardware;Inspect cable connections;Review network driver logs;Monitor packet loss rate
21930,0.5359,network_errors,Network Interface Issues,high,Feature #23;Feature #24,Check network hardware;Inspect cable connections;Review network driver logs;Monitor packet loss rate
21956,0.5462,network_errors,Network Interface Issues,high,Feature #23;Feature #24,Check network hardware;Inspect cable connections;Review network driver logs;Monitor packet loss rate
21968,0.5305,network_errors,Network Interface Issues,high,Feature #23;Feature #24,Check network hardware;Inspect cable connections;Review network driver logs;Monitor packet loss rate
21972,0.5344,network_errors,Network Interface Issues,high,Feature #23;Feature #24,Check network hardware;Inspect cable connections;Review network driver logs;Monitor packet loss rate
21975,0.539,network_errors,Network Interface Issues,high,Feature #23;Feature #24,Check network hardware;Inspect cable connections;Review network driver logs;Monitor packet loss rate
21976,0.5347,network_errors,Network Interface Issues,high,Feature #23;Feature #24,Check network hardware;Inspect cable connections;Review network driver logs;Monitor packet loss rate
21977,0.555,network_errors,Network Interface Issues,high,Feature #23;Feature #24,Check network hardware;Inspect cable connections;Review network driver logs;Monitor packet loss rate
21979,0.5694,network_errors,Network Interface Issues,high,Feature #23;Feature #24,Check network hardware;Inspect cable connections;Review network driver logs;Monitor packet loss rate
21981,0.5321,network_errors,Network Interface Issues,high,Feature #23;Feature #24,Check network hardware;Inspect cable connections;Review network driver logs;Monitor packet loss rate
21983,0.5231,network_errors,Network Interface Issues,high,Feature #23;Feature #24,Check network hardware;Inspect cable connections;Review network driver logs;Monitor packet loss rate
21984,0.5204,network_errors,Network Interface Issues,high,Feature #23;Feature #24,Check network hardware;Inspect cable connections;Review network driver logs;Monitor packet loss rate
21987,0.5344,network_errors,Network Interface Issues,high,Feature #23;Feature #24,Check network hardware;Inspect cable connections;Review network driver logs;Monitor packet loss rate
21988,0.5405,network_errors,Network Interface Issues,high,Feature #23;Feature #24,Check network hardware;Inspect cable connections;Review network driver logs;Monitor packet loss rate
21989,0.5992,network_errors,Network Interface Issues,high,Feature #23;Feature #24,Check network hardware;Inspect cable connections;Review network driver logs;Monitor packet loss rate
21990,0.5613,network_errors,Network Interface Issues,high,Feature #23;Feature #24,Check network hardware;Inspect cable connections;Review network driver logs;Monitor packet loss rate
21992,0.5416,network_errors,Network Interface Issues,high,Feature #23;Feature #24,Check network hardware;Inspect cable connections;Review network driver logs;Monitor packet loss rate
21994,0.5313,network_errors,Network Interface Issues,high,Feature #23;Feature #24,Check network hardware;Inspect cable connections;Review network driver logs;Monitor packet loss rate
21995,0.5377,network_errors,Network Interface Issues,high,Feature #23;Feature #24,Check network hardware;Inspect cable connections;Review network driver logs;Monitor packet loss rate
22001,0.5245,network_errors,Network Interface Issues,high,Feature #23;Feature #24,Check network hardware;Inspect cable connections;Review network driver logs;Monitor packet loss rate
22037,0.5202,network_errors,Network Interface Issues,high,Feature #23;Feature #24,Check network hardware;Inspect cable connections;Review network driver logs;Monitor packet loss rate
22041,0.5624,network_errors,Network Interface Issues,high,Feature #23;Feature #24,Check network hardware;Inspect cable connections;Review network driver logs;Monitor packet loss rate
22042,0.5822,network_errors,Network Interface Issues,high,Feature #23;Feature #24,Check network hardware;Inspect cable connections;Review network driver logs;Monitor packet loss rate
22043,0.552,network_errors,Network Interface Issues,high,Feature #23;Feature #24,Check network hardware;Inspect cable connections;Review network driver logs;Monitor packet loss rate
22044,0.576,network_errors,Network Interface Issues,high,Feature #23;Feature #24,Check network hardware;Inspect cable connections;Review network driver logs;Monitor packet loss rate
22045,0.5982,network_errors,Network Interface Issues,high,Feature #23;Feature #24,Check network hardware;Inspect cable connections;Review network driver logs;Monitor packet loss rate
22046,0.6047,network_errors,Network Interface Issues,high,Feature #23;Feature #24,Check network hardware;Inspect cable connections;Review network driver logs;Monitor packet loss rate
22047,0.6504,network_errors,Network Interface Issues,high,Feature #23;Feature #24,Check network hardware;Inspect cable connections;Review network driver logs;Monitor packet loss rate
22048,0.6445,network_errors,Network Interface Issues,high,Feature #23;Feature #24,Check network hardware;Inspect cable connections;Review network driver logs;Monitor packet loss rate
22049,0.6234,network_errors,Network Interface Issues,high,Feature #23;Feature #24,Check network hardware;Inspect cable connections;Review network driver logs;Monitor packet loss rate
22050,0.6464,network_errors,Network Interface Issues,high,Feature #23;Feature #24,Check network hardware;Inspect cable connections;Review network driver logs;Monitor packet loss rate
22051,0.6804,network_errors,Network Interface Issues,high,Feature #23;Feature #24,Check network hardware;Inspect cable connections;Review network driver logs;Monitor packet loss rate
22052,0.5996,network_errors,Network Interface Issues,high,Feature #23;Feature #24,Check network hardware;Inspect cable connections;Review network driver logs;Monitor packet loss rate
22053,0.642,network_errors,Network Interface Issues,high,Feature #23;Feature #24,Check network hardware;Inspect cable connections;Review network driver logs;Monitor packet loss rate
22054,0.6227,network_errors,Network Interface Issues,high,Feature #23;Feature #24,Check network hardware;Inspect cable connections;Review network driver logs;Monitor packet loss rate
22055,0.5999,network_errors,Network Interface Issues,high,Feature #23;Feature #24,Check network hardware;Inspect cable connections;Review network driver logs;Monitor packet loss rate
22056,0.6143,network_errors,Network Interface Issues,high,Feature #23;Feature #24,Check network hardware;Inspect cable connections;Review network driver logs;Monitor packet loss rate
22057,0.6095,network_errors,Network Interface Issues,high,Feature #23;Feature #24,Check network hardware;Inspect cable connections;Review network driver logs;Monitor packet loss rate
22058,0.5616,network_errors,Network Interface Issues,high,Feature #23;Feature #24,Check network hardware;Inspect cable connections;Review network driver logs;Monitor packet loss rate
22059,0.6257,network_errors,Network Interface Issues,high,Feature #23;Feature #24,Check network hardware;Inspect cable connections;Review network driver logs;Monitor packet loss rate
22060,0.5906,network_errors,Network Interface Issues,high,Feature #23;Feature #24,Check network hardware;Inspect cable connections;Review network driver logs;Monitor packet loss rate
22061,0.5441,network_errors,Network Interface Issues,high,Feature #23;Feature #24,Check network hardware;Inspect cable connections;Review network driver logs;Monitor packet loss rate
22062,0.5304,network_errors,Network Interface Issues,high,Feature #23;Feature #24,Check network hardware;Inspect cable connections;Review network driver logs;Monitor packet loss rate
22063,0.5885,network_errors,Network Interface Issues,high,Feature #23;Feature #24,Check network hardware;Inspect cable connections;Review network driver logs;Monitor packet loss rate
22064,0.5616,network_errors,Network Interface Issues,high,Feature #23;Feature #24,Check network hardware;Inspect cable connections;Review network driver logs;Monitor packet loss rate
22065,0.5478,network_errors,Network Interface Issues,high,Feature #23;Feature #24,Check network hardware;Inspect cable connections;Review network driver logs;Monitor packet loss rate
22066,0.5803,network_errors,Network Interface Issues,high,Feature #23;Feature #24,Check network hardware;Inspect cable connections;Review network driver logs;Monitor packet loss rate
22067,0.5512,network_errors,Network Interface Issues,high,Feature #23;Feature #24,Check network hardware;Inspect cable connections;Review network driver logs;Monitor packet loss rate
22081,0.5329,network_errors,Network Interface Issues,high,Feature #23;Feature #24,Check network hardware;Inspect cable connections;Review network driver logs;Monitor packet loss rate
22569,0.5319,network_errors,Network Interface Issues,high,Feature #23;Feature #24,Check network hardware;Inspect cable connections;Review network driver logs;Monitor packet loss rate
22569,0.5319,error_rate_spike,Application Error Rate Spike,high,Feature #32;Feature #31,Review application logs;Check database connectivity;Restart application service;Rollback recent changes
22570,0.5671,network_errors,Network Interface Issues,high,Feature #23;Feature #24,Check network hardware;Inspect cable connections;Review network driver logs;Monitor packet loss rate
22570,0.5671,error_rate_spike,Application Error Rate Spike,high,Feature #32;Feature #31,Review application logs;Check database connectivity;Restart application service;Rollback recent changes
22571,0.5488,network_errors,Network Interface Issues,high,Feature #23;Feature #24,Check network hardware;Inspect cable connections;Review network driver logs;Monitor packet loss rate
22571,0.5488,error_rate_spike,Application Error Rate Spike,high,Feature #32;Feature #31,Review application logs;Check database connectivity;Restart application service;Rollback recent changes
22572,0.5846,network_errors,Network Interface Issues,high,Feature #23;Feature #24,Check network hardware;Inspect cable connections;Review network driver logs;Monitor packet loss rate
22572,0.5846,error_rate_spike,Application Error Rate Spike,high,Feature #32;Feature #31,Review application logs;Check database connectivity;Restart application service;Rollback recent changes
22573,0.5729,network_errors,Network Interface Issues,high,Feature #23;Feature #24,Check network hardware;Inspect cable connections;Review network driver logs;Monitor packet loss rate
22573,0.5729,error_rate_spike,Application Error Rate Spike,high,Feature #32;Feature #31,Review application logs;Check database connectivity;Restart application service;Rollback recent changes
22574,0.5468,network_errors,Network Interface Issues,high,Feature #23;Feature #24,Check network hardware;Inspect cable connections;Review network driver logs;Monitor packet loss rate
22574,0.5468,error_rate_spike,Application Error Rate Spike,high,Feature #32;Feature #31,Review application logs;Check database connectivity;Restart application service;Rollback recent changes
22575,0.6062,network_errors,Network Interface Issues,high,Feature #23;Feature #24,Check network hardware;Inspect cable connections;Review network driver logs;Monitor packet loss rate
22575,0.6062,error_rate_spike,Application Error Rate Spike,high,Feature #32;Feature #31,Review application logs;Check database connectivity;Restart application service;Rollback recent changes
22576,0.6095,network_errors,Network Interface Issues,high,Feature #23;Feature #24,Check network hardware;Inspect cable connections;Review network driver logs;Monitor packet loss rate
22576,0.6095,error_rate_spike,Application Error Rate Spike,high,Feature #32;Feature #31,Review application logs;Check database connectivity;Restart application service;Rollback recent changes
22577,0.5566,network_errors,Network Interface Issues,high,Feature #23;Feature #24,Check network hardware;Inspect cable connections;Review network driver logs;Monitor packet loss rate
22577,0.5566,error_rate_spike,Application Error Rate Spike,high,Feature #32;Feature #31,Review application logs;Check database connectivity;Restart application service;Rollback recent changes
22578,0.5329,network_errors,Network Interface Issues,high,Feature #23;Feature #24,Check network hardware;Inspect cable connections;Review network driver logs;Monitor packet loss rate
22578,0.5329,error_rate_spike,Application Error Rate Spike,high,Feature #32;Feature #31,Review application logs;Check database connectivity;Restart application service;Rollback recent changes
22580,0.5517,network_errors,Network Interface Issues,high,Feature #23;Feature #24,Check network hardware;Inspect cable connections;Review network driver logs;Monitor packet loss rate
22580,0.5517,error_rate_spike,Application Error Rate Spike,high,Feature #32;Feature #31,Review application logs;Check database connectivity;Restart application service;Rollback recent changes
23420,0.5618,network_errors,Network Interface Issues,high,Feature #23;Feature #24,Check network hardware;Inspect cable connections;Review network driver logs;Monitor packet loss rate
23425,0.5456,network_errors,Network Interface Issues,high,Feature #23;Feature #24,Check network hardware;Inspect cable connections;Review network driver logs;Monitor packet loss rate
23429,0.5823,network_errors,Network Interface Issues,high,Feature #23;Feature #24,Check network hardware;Inspect cable connections;Review network driver logs;Monitor packet loss rate
23430,0.5513,network_errors,Network Interface Issues,high,Feature #23;Feature #24,Check network hardware;Inspect cable connections;Review network driver logs;Monitor packet loss rate
23435,0.5345,network_errors,Network Interface Issues,high,Feature #23;Feature #24,Check network hardware;Inspect cable connections;Review network driver logs;Monitor packet loss rate
23437,0.548,network_errors,Network Interface Issues,high,Feature #23;Feature #24,Check network hardware;Inspect cable connections;Review network driver logs;Monitor packet loss rate
23470,0.5311,network_errors,Network Interface Issues,high,Feature #23;Feature #24,Check network hardware;Inspect cable connections;Review network driver logs;Monitor packet loss rate
23471,0.5607,network_errors,Network Interface Issues,high,Feature #23;Feature #24,Check network hardware;Inspect cable connections;Review network driver logs;Monitor packet loss rate
23472,0.554,network_errors,Network Interface Issues,high,Feature #23;Feature #24,Check network hardware;Inspect cable connections;Review network driver logs;Monitor packet loss rate
23473,0.5539,network_errors,Network Interface Issues,high,Feature #23;Feature #24,Check network hardware;Inspect cable connections;Review network driver logs;Monitor packet loss rate
23474,0.5557,network_errors,Network Interface Issues,high,Feature #23;Feature #24,Check network hardware;Inspect cable connections;Review network driver logs;Monitor packet loss rate
23475,0.6224,network_errors,Network Interface Issues,high,Feature #23;Feature #24,Check network hardware;Inspect cable connections;Review network driver logs;Monitor packet loss rate
23476,0.6015,network_errors,Network Interface Issues,high,Feature #23;Feature #24,Check network hardware;Inspect cable connections;Review network driver logs;Monitor packet loss rate
23477,0.6208,network_errors,Network Interface Issues,high,Feature #23;Feature #24,Check network hardware;Inspect cable connections;Review network driver logs;Monitor packet loss rate
23478,0.6348,network_errors,Network Interface Issues,high,Feature #23;Feature #24,Check network hardware;Inspect cable connections;Review network driver logs;Monitor packet loss rate
23479,0.6426,network_errors,Network Interface Issues,high,Feature #23;Feature #24,Check network hardware;Inspect cable connections;Review network driver logs;Monitor packet loss rate
23480,0.6052,network_errors,Network Interface Issues,high,Feature #23;Feature #24,Check network hardware;Inspect cable connections;Review network driver logs;Monitor packet loss rate
23481,0.6677,network_errors,Network Interface Issues,high,Feature #23;Feature #24,Check network hardware;Inspect cable connections;Review network driver logs;Monitor packet loss rate
23482,0.6526,network_errors,Network Interface Issues,high,Feature #23;Feature #24,Check network hardware;Inspect cable connections;Review network driver logs;Monitor packet loss rate
23483,0.6308,network_errors,Network Interface Issues,high,Feature #23;Feature #24,Check network hardware;Inspect cable connections;Review network driver logs;Monitor packet loss rate
23484,0.6496,network_errors,Network Interface Issues,high,Feature #23;Feature #24,Check network hardware;Inspect cable connections;Review network driver logs;Monitor packet loss rate
23485,0.632,network_errors,Network Interface Issues,high,Feature #23;Feature #24,Check network hardware;Inspect cable connections;Review network driver logs;Monitor packet loss rate
23486,0.6302,network_errors,Network Interface Issues,high,Feature #23;Feature #24,Check network hardware;Inspect cable connections;Review network driver logs;Monitor packet loss rate
23487,0.6761,network_errors,Network Interface Issues,high,Feature #23;Feature #24,Check network hardware;Inspect cable connections;Review network driver logs;Monitor packet loss rate
23488,0.6663,network_errors,Network Interface Issues,high,Feature #23;Feature #24,Check network hardware;Inspect cable connections;Review network driver logs;Monitor packet loss rate
23489,0.6461,network_errors,Network Interface Issues,high,Feature #23;Feature #24,Check network hardware;Inspect cable connections;Review network driver logs;Monitor packet loss rate
23490,0.6678,network_errors,Network Interface Issues,high,Feature #23;Feature #24,Check network hardware;Inspect cable connections;Review network driver logs;Monitor packet loss rate
23491,0.6867,network_errors,Network Interface Issues,high,Feature #23;Feature #24,Check network hardware;Inspect cable connections;Review network driver logs;Monitor packet loss rate
23492,0.6312,network_errors,Network Interface Issues,high,Feature #23;Feature #24,Check network hardware;Inspect cable connections;Review network driver logs;Monitor packet loss rate
23493,0.6034,network_errors,Network Interface Issues,high,Feature #23;Feature #24,Check network hardware;Inspect cable connections;Review network driver logs;Monitor packet loss rate
23494,0.6625,network_errors,Network Interface Issues,high,Feature #23;Feature #24,Check network hardware;Inspect cable connections;Review network driver logs;Monitor packet loss rate
23495,0.6607,network_errors,Network Interface Issues,high,Feature #23;Feature #24,Check network hardware;Inspect cable connections;Review network driver logs;Monitor packet loss rate
23496,0.6554,network_errors,Network Interface Issues,high,Feature #23;Feature #24,Check network hardware;Inspect cable connections;Review network driver logs;Monitor packet loss rate
23497,0.6564,network_errors,Network Interface Issues,high,Feature #23;Feature #24,Check network hardware;Inspect cable connections;Review network driver logs;Monitor packet loss rate
23498,0.597,network_errors,Network Interface Issues,high,Feature #23;Feature #24,Check network hardware;Inspect cable connections;Review network driver logs;Monitor packet loss rate
23499,0.5996,network_errors,Network Interface Issues,high,Feature #23;Feature #24,Check network hardware;Inspect cable connections;Review network driver logs;Monitor packet loss rate
23500,0.6479,network_errors,Network Interface Issues,high,Feature #23;Feature #24,Check network hardware;Inspect cable connections;Review network driver logs;Monitor packet loss rate
23501,0.631,network_errors,Network Interface Issues,high,Feature #23;Feature #24,Check network hardware;Inspect cable connections;Review network driver logs;Monitor packet loss rate
23502,0.5797,network_errors,Network Interface Issues,high,Feature #23;Feature #24,Check network hardware;Inspect cable connections;Review network driver logs;Monitor packet loss rate
23503,0.5986,network_errors,Network Interface Issues,high,Feature #23;Feature #24,Check network hardware;Inspect cable connections;Review network driver logs;Monitor packet loss rate
23504,0.6357,network_errors,Network Interface Issues,high,Feature #23;Feature #24,Check network hardware;Inspect cable connections;Review network driver logs;Monitor packet loss rate
23505,0.5584,network_errors,Network Interface Issues,high,Feature #23;Feature #24,Check network hardware;Inspect cable connections;Review network driver logs;Monitor packet loss rate
23506,0.6234,network_errors,Network Interface Issues,high,Feature #23;Feature #24,Check network hardware;Inspect cable connections;Review network driver logs;Monitor packet loss rate
23507,0.608,network_errors,Network Interface Issues,high,Feature #23;Feature #24,Check network hardware;Inspect cable connections;Review network driver logs;Monitor packet loss rate
23508,0.5888,network_errors,Network Interface Issues,high,Feature #23;Feature #24,Check network hardware;Inspect cable connections;Review network driver logs;Monitor packet loss rate
23509,0.6015,network_errors,Network Interface Issues,high,Feature #23;Feature #24,Check network hardware;Inspect cable connections;Review network driver logs;Monitor packet loss rate
23510,0.5203,network_errors,Network Interface Issues,high,Feature #23;Feature #24,Check network hardware;Inspect cable connections;Review network driver logs;Monitor packet loss rate
23511,0.5676,network_errors,Network Interface Issues,high,Feature #23;Feature #24,Check network hardware;Inspect cable connections;Review network driver logs;Monitor packet loss rate
23512,0.5466,network_errors,Network Interface Issues,high,Feature #23;Feature #24,Check network hardware;Inspect cable connections;Review network driver logs;Monitor packet loss rate
24848,0.532,network_errors,Network Interface Issues,high,Feature #23;Feature #24,Check network hardware;Inspect cable connections;Review network driver logs;Monitor packet loss rate
24853,0.544,network_errors,Network Interface Issues,high,Feature #23;Feature #24,Check network hardware;Inspect cable connections;Review network driver logs;Monitor packet loss rate
24859,0.5387,network_errors,Network Interface Issues,high,Feature #23;Feature #24,Check network hardware;Inspect cable connections;Review network driver logs;Monitor packet loss rate
24861,0.5293,network_errors,Network Interface Issues,high,Feature #23;Feature #24,Check network hardware;Inspect cable connections;Review network driver logs;Monitor packet loss rate
24862,0.5387,network_errors,Network Interface Issues,high,Feature #23;Feature #24,Check network hardware;Inspect cable connections;Review network driver logs;Monitor packet loss rate
24865,0.5412,network_errors,Network Interface Issues,high,Feature #23;Feature #24,Check network hardware;Inspect cable connections;Review network driver logs;Monitor packet loss rate
24867,0.5247,network_errors,Network Interface Issues,high,Feature #23;Feature #24,Check network hardware;Inspect cable connections;Review network driver logs;Monitor packet loss rate
24868,0.5337,network_errors,Network Interface Issues,high,Feature #23;Feature #24,Check network hardware;Inspect cable connections;Review network driver logs;Monitor packet loss rate
24869,0.5628,network_errors,Network Interface Issues,high,Feature #23;Feature #24,Check network hardware;Inspect cable connections;Review network driver logs;Monitor packet loss rate
24870,0.5788,network_errors,Network Interface Issues,high,Feature #23;Feature #24,Check network hardware;Inspect cable connections;Review network driver logs;Monitor packet loss rate
24871,0.5339,network_errors,Network Interface Issues,high,Feature #23;Feature #24,Check network hardware;Inspect cable connections;Review network driver logs;Monitor packet loss rate
24872,0.5735,network_errors,Network Interface Issues,high,Feature #23;Feature #24,Check network hardware;Inspect cable connections;Review network driver logs;Monitor packet loss rate
24873,0.5315,network_errors,Network Interface Issues,high,Feature #23;Feature #24,Check network hardware;Inspect cable connections;Review network driver logs;Monitor packet loss rate
24875,0.5581,network_errors,Network Interface Issues,high,Feature #23;Feature #24,Check network hardware;Inspect cable connections;Review network driver logs;Monitor packet loss rate
24876,0.5203,network_errors,Network Interface Issues,high,Feature #23;Feature #24,Check network hardware;Inspect cable connections;Review network driver logs;Monitor packet loss rate
24881,0.548,network_errors,Network Interface Issues,high,Feature #23;Feature #24,Check network hardware;Inspect cable connections;Review network driver logs;Monitor packet loss rate
24884,0.5241,network_errors,Network Interface Issues,high,Feature #23;Feature #24,Check network hardware;Inspect cable connections;Review network driver logs;Monitor packet loss rate
24886,0.565,network_errors,Network Interface Issues,high,Feature #23;Feature #24,Check network hardware;Inspect cable connections;Review network driver logs;Monitor packet loss rate
24911,0.5646,network_errors,Network Interface Issues,high,Feature #23;Feature #24,Check network hardware;Inspect cable connections;Review network driver logs;Monitor packet loss rate
24912,0.5823,network_errors,Network Interface Issues,high,Feature #23;Feature #24,Check network hardware;Inspect cable connections;Review network driver logs;Monitor packet loss rate
24914,0.6205,network_errors,Network Interface Issues,high,Feature #23;Feature #24,Check network hardware;Inspect cable connections;Review network driver logs;Monitor packet loss rate
24915,0.6441,network_errors,Network Interface Issues,high,Feature #23;Feature #24,Check network hardware;Inspect cable connections;Review network driver logs;Monitor packet loss rate
24916,0.6005,network_errors,Network Interface Issues,high,Feature #23;Feature #24,Check network hardware;Inspect cable connections;Review network driver logs;Monitor packet loss rate
24917,0.606,network_errors,Network Interface Issues,high,Feature #23;Feature #24,Check network hardware;Inspect cable connections;Review network driver logs;Monitor packet loss rate
24918,0.6388,network_errors,Network Interface Issues,high,Feature #23;Feature #24,Check network hardware;Inspect cable connections;Review network driver logs;Monitor packet loss rate
24919,0.6076,network_errors,Network Interface Issues,high,Feature #23;Feature #24,Check network hardware;Inspect cable connections;Review network driver logs;Monitor packet loss rate
24920,0.6379,network_errors,Network Interface Issues,high,Feature #23;Feature #24,Check network hardware;Inspect cable connections;Review network driver logs;Monitor packet loss rate
24921,0.6529,network_errors,Network Interface Issues,high,Feature #23;Feature #24,Check network hardware;Inspect cable connections;Review network driver logs;Monitor packet loss rate
24922,0.6385,network_errors,Network Interface Issues,high,Feature #23;Feature #24,Check network hardware;Inspect cable connections;Review network driver logs;Monitor packet loss rate
24923,0.665,network_errors,Network Interface Issues,high,Feature #23;Feature #24,Check network hardware;Inspect cable connections;Review network driver logs;Monitor packet loss rate
24924,0.6247,network_errors,Network Interface Issues,high,Feature #23;Feature #24,Check network hardware;Inspect cable connections;Review network driver logs;Monitor packet loss rate
24925,0.6767,network_errors,Network Interface Issues,high,Feature #23;Feature #24,Check network hardware;Inspect cable connections;Review network driver logs;Monitor packet loss rate
24926,0.6574,network_errors,Network Interface Issues,high,Feature #23;Feature #24,Check network hardware;Inspect cable connections;Review network driver logs;Monitor packet loss rate
24927,0.6521,network_errors,Network Interface Issues,high,Feature #23;Feature #24,Check network hardware;Inspect cable connections;Review network driver logs;Monitor packet loss rate
24928,0.6137,network_errors,Network Interface Issues,high,Feature #23;Feature #24,Check network hardware;Inspect cable connections;Review network driver logs;Monitor packet loss rate
24929,0.6813,network_errors,Network Interface Issues,high,Feature #23;Feature #24,Check network hardware;Inspect cable connections;Review network driver logs;Monitor packet loss rate
24930,0.6656,network_errors,Network Interface Issues,high,Feature #23;Feature #24,Check network hardware;Inspect cable connections;Review network driver logs;Monitor packet loss rate
24931,0.6563,network_errors,Network Interface Issues,high,Feature #23;Feature #24,Check network hardware;Inspect cable connections;Review network driver logs;Monitor packet loss rate
24932,0.6251,network_errors,Network Interface Issues,high,Feature #23;Feature #24,Check network hardware;Inspect cable connections;Review network driver logs;Monitor packet loss rate
24933,0.6591,network_errors,Network Interface Issues,high,Feature #23;Feature #24,Check network hardware;Inspect cable connections;Review network driver logs;Monitor packet loss rate
24934,0.6523,network_errors,Network Interface Issues,high,Feature #23;Feature #24,Check network hardware;Inspect cable connections;Review network driver logs;Monitor packet loss rate
24935,0.5814,network_errors,Network Interface Issues,high,Feature #23;Feature #24,Check network hardware;Inspect cable connections;Review network driver logs;Monitor packet loss rate
24936,0.6379,network_errors,Network Interface Issues,high,Feature #23;Feature #24,Check network hardware;Inspect cable connections;Review network driver logs;Monitor packet loss rate
24937,0.6255,network_errors,Network Interface Issues,high,Feature #23;Feature #24,Check network hardware;Inspect cable connections;Review network driver logs;Monitor packet loss rate
24938,0.5756,network_errors,Network Interface Issues,high,Feature #23;Feature #24,Check network hardware;Inspect cable connections;Review network driver logs;Monitor packet loss rate
24939,0.6184,network_errors,Network Interface Issues,high,Feature #23;Feature #24,Check network hardware;Inspect cable connections;Review network driver logs;Monitor packet loss rate
24940,0.6179,network_errors,Network Interface Issues,high,Feature #23;Feature #24,Check network hardware;Inspect cable connections;Review network driver logs;Monitor packet loss rate
24941,0.5686,network_errors,Network Interface Issues,high,Feature #23;Feature #24,Check network hardware;Inspect cable connections;Review network driver logs;Monitor packet loss rate
24942,0.6276,network_errors,Network Interface Issues,high,Feature #23;Feature #24,Check network hardware;Inspect cable connections;Review network driver logs;Monitor packet loss rate
24943,0.6044,network_errors,Network Interface Issues,high,Feature #23;Feature #24,Check network hardware;Inspect cable connections;Review network driver logs;Monitor packet loss rate
24944,0.565,network_errors,Network Interface Issues,high,Feature #23;Feature #24,Check network hardware;Inspect cable connections;Review network driver logs;Monitor packet loss rate
24945,0.5913,network_errors,Network Interface Issues,high,Feature #23;Feature #24,Check network hardware;Inspect cable connections;Review network driver logs;Monitor packet loss rate
24946,0.6227,network_errors,Network Interface Issues,high,Feature #23;Feature #24,Check network hardware;Inspect cable connections;Review network driver logs;Monitor packet loss rate
24948,0.5424,network_errors,Network Interface Issues,high,Feature #23;Feature #24,Check network hardware;Inspect cable connections;Review network driver logs;Monitor packet loss rate
24949,0.5354,network_errors,Network Interface Issues,high,Feature #23;Feature #24,Check network hardware;Inspect cable connections;Review network driver logs;Monitor packet loss rate
24952,0.5234,network_errors,Network Interface Issues,high,Feature #23;Feature #24,Check network hardware;Inspect cable connections;Review network driver logs;Monitor packet loss rate
26295,0.5202,network_errors,Network Interface Issues,high,Feature #23;Feature #24,Check network hardware;Inspect cable connections;Review network driver logs;Monitor packet loss rate
26298,0.5285,network_errors,Network Interface Issues,high,Feature #23;Feature #24,Check network hardware;Inspect cable connections;Review network driver logs;Monitor packet loss rate
26306,0.5546,network_errors,Network Interface Issues,high,Feature #23;Feature #24,Check network hardware;Inspect cable connections;Review network driver logs;Monitor packet loss rate
26308,0.5213,network_errors,Network Interface Issues,high,Feature #23;Feature #24,Check network hardware;Inspect cable connections;Review network driver logs;Monitor packet loss rate
26309,0.5562,network_errors,Network Interface Issues,high,Feature #23;Feature #24,Check network hardware;Inspect cable connections;Review network driver logs;Monitor packet loss rate
26314,0.5373,network_errors,Network Interface Issues,high,Feature #23;Feature #24,Check network hardware;Inspect cable connections;Review network driver logs;Monitor packet loss rate
26325,0.5716,network_errors,Network Interface Issues,high,Feature #23;Feature #24,Check network hardware;Inspect cable connections;Review network driver logs;Monitor packet loss rate
26326,0.5511,network_errors,Network Interface Issues,high,Feature #23;Feature #24,Check network hardware;Inspect cable connections;Review network driver logs;Monitor packet loss rate
26327,0.5557,network_errors,Network Interface Issues,high,Feature #23;Feature #24,Check network hardware;Inspect cable connections;Review network driver logs;Monitor packet loss rate
26348,0.5237,network_errors,Network Interface Issues,high,Feature #23;Feature #24,Check network hardware;Inspect cable connections;Review network driver logs;Monitor packet loss rate
26350,0.5365,network_errors,Network Interface Issues,high,Feature #23;Feature #24,Check network hardware;Inspect cable connections;Review network driver logs;Monitor packet loss rate
26351,0.5489,network_errors,Network Interface Issues,high,Feature #23;Feature #24,Check network hardware;Inspect cable connections;Review network driver logs;Monitor packet loss rate
26352,0.5959,network_errors,Network Interface Issues,high,Feature #23;Feature #24,Check network hardware;Inspect cable connections;Review network driver logs;Monitor packet loss rate
26353,0.6076,network_errors,Network Interface Issues,high,Feature #23;Feature #24,Check network hardware;Inspect cable connections;Review network driver logs;Monitor packet loss rate
26354,0.589,network_errors,Network Interface Issues,high,Feature #23;Feature #24,Check network hardware;Inspect cable connections;Review network driver logs;Monitor packet loss rate
26355,0.6292,network_errors,Network Interface Issues,high,Feature #23;Feature #24,Check network hardware;Inspect cable connections;Review network driver logs;Monitor packet loss rate
26356,0.649,network_errors,Network Interface Issues,high,Feature #23;Feature #24,Check network hardware;Inspect cable connections;Review network driver logs;Monitor packet loss rate
26357,0.6055,network_errors,Network Interface Issues,high,Feature #23;Feature #24,Check network hardware;Inspect cable connections;Review network driver logs;Monitor packet loss rate
26358,0.6189,network_errors,Network Interface Issues,high,Feature #23;Feature #24,Check network hardware;Inspect cable connections;Review network driver logs;Monitor packet loss rate
26359,0.6297,network_errors,Network Interface Issues,high,Feature #23;Feature #24,Check network hardware;Inspect cable connections;Review network driver logs;Monitor packet loss rate
26360,0.6269,network_errors,Network Interface Issues,high,Feature #23;Feature #24,Check network hardware;Inspect cable connections;Review network driver logs;Monitor packet loss rate
26361,0.6374,network_errors,Network Interface Issues,high,Feature #23;Feature #24,Check network hardware;Inspect cable connections;Review network driver logs;Monitor packet loss rate
26362,0.6225,network_errors,Network Interface Issues,high,Feature #23;Feature #24,Check network hardware;Inspect cable connections;Review network driver logs;Monitor packet loss rate
26363,0.6335,network_errors,Network Interface Issues,high,Feature #23;Feature #24,Check network hardware;Inspect cable connections;Review network driver logs;Monitor packet loss rate
26364,0.616,network_errors,Network Interface Issues,high,Feature #23;Feature #24,Check network hardware;Inspect cable connections;Review network driver logs;Monitor packet loss rate
26365,0.6642,network_errors,Network Interface Issues,high,Feature #23;Feature #24,Check network hardware;Inspect cable connections;Review network driver logs;Monitor packet loss rate
26366,0.6374,network_errors,Network Interface Issues,high,Feature #23;Feature #24,Check network hardware;Inspect cable connections;Review network driver logs;Monitor packet loss rate
26367,0.6176,network_errors,Network Interface Issues,high,Feature #23;Feature #24,Check network hardware;Inspect cable connections;Review network driver logs;Monitor packet loss rate
26368,0.656,network_errors,Network Interface Issues,high,Feature #23;Feature #24,Check network hardware;Inspect cable connections;Review network driver logs;Monitor packet loss rate
26369,0.6472,network_errors,Network Interface Issues,high,Feature #23;Feature #24,Check network hardware;Inspect cable connections;Review network driver logs;Monitor packet loss rate
26370,0.6288,network_errors,Network Interface Issues,high,Feature #23;Feature #24,Check network hardware;Inspect cable connections;Review network driver logs;Monitor packet loss rate
26371,0.6666,network_errors,Network Interface Issues,high,Feature #23;Feature #24,Check network hardware;Inspect cable connections;Review network driver logs;Monitor packet loss rate
26372,0.6427,network_errors,Network Interface Issues,high,Feature #23;Feature #24,Check network hardware;Inspect cable connections;Review network driver logs;Monitor packet loss rate
26373,0.6019,network_errors,Network Interface Issues,high,Feature #23;Feature #24,Check network hardware;Inspect cable connections;Review network driver logs;Monitor packet loss rate
26374,0.6617,network_errors,Network Interface Issues,high,Feature #23;Feature #24,Check network hardware;Inspect cable connections;Review network driver logs;Monitor packet loss rate
26375,0.6528,network_errors,Network Interface Issues,high,Feature #23;Feature #24,Check network hardware;Inspect cable connections;Review network driver logs;Monitor packet loss rate
26376,0.6452,network_errors,Network Interface Issues,high,Feature #23;Feature #24,Check network hardware;Inspect cable connections;Review network driver logs;Monitor packet loss rate
26377,0.6469,network_errors,Network Interface Issues,high,Feature #23;Feature #24,Check network hardware;Inspect cable connections;Review network driver logs;Monitor packet loss rate
26378,0.5844,network_errors,Network Interface Issues,high,Feature #23;Feature #24,Check network hardware;Inspect cable connections;Review network driver logs;Monitor packet loss rate
26379,0.6421,network_errors,Network Interface Issues,high,Feature #23;Feature #24,Check network hardware;Inspect cable connections;Review network driver logs;Monitor packet loss rate
26380,0.6384,network_errors,Network Interface Issues,high,Feature #23;Feature #24,Check network hardware;Inspect cable connections;Review network driver logs;Monitor packet loss rate
26381,0.5535,network_errors,Network Interface Issues,high,Feature #23;Feature #24,Check network hardware;Inspect cable connections;Review network driver logs;Monitor packet loss rate
26382,0.6162,network_errors,Network Interface Issues,high,Feature #23;Feature #24,Check network hardware;Inspect cable connections;Review network driver logs;Monitor packet loss rate
26383,0.6028,network_errors,Network Interface Issues,high,Feature #23;Feature #24,Check network hardware;Inspect cable connections;Review network driver logs;Monitor packet loss rate
26384,0.5689,network_errors,Network Interface Issues,high,Feature #23;Feature #24,Check network hardware;Inspect cable connections;Review network driver logs;Monitor packet loss rate
26385,0.6163,network_errors,Network Interface Issues,high,Feature #23;Feature #24,Check network hardware;Inspect cable connections;Review network driver logs;Monitor packet loss rate
26386,0.6257,network_errors,Network Interface Issues,high,Feature #23;Feature #24,Check network hardware;Inspect cable connections;Review network driver logs;Monitor packet loss rate
26387,0.5456,network_errors,Network Interface Issues,high,Feature #23;Feature #24,Check network hardware;Inspect cable connections;Review network driver logs;Monitor packet loss rate
26389,0.5565,network_errors,Network Interface Issues,high,Feature #23;Feature #24,Check network hardware;Inspect cable connections;Review network driver logs;Monitor packet loss rate
26390,0.5584,network_errors,Network Interface Issues,high,Feature #23;Feature #24,Check network hardware;Inspect cable connections;Review network driver logs;Monitor packet loss rate
26391,0.5281,network_errors,Network Interface Issues,high,Feature #23;Feature #24,Check network hardware;Inspect cable connections;Review network driver logs;Monitor packet loss rate
26392,0.5617,network_errors,Network Interface Issues,high,Feature #23;Feature #24,Check network hardware;Inspect cable connections;Review network driver logs;Monitor packet loss rate
26393,0.5409,network_errors,Network Interface Issues,high,Feature #23;Feature #24,Check network hardware;Inspect cable connections;Review network driver logs;Monitor packet loss rate
27719,0.5276,network_errors,Network Interface Issues,high,Feature #23;Feature #24,Check network hardware;Inspect cable connections;Review network driver logs;Monitor packet loss rate
27720,0.5724,network_errors,Network Interface Issues,high,Feature #23;Feature #24,Check network hardware;Inspect cable connections;Review network driver logs;Monitor packet loss rate
27721,0.5293,network_errors,Network Interface Issues,high,Feature #23;Feature #24,Check network hardware;Inspect cable connections;Review network driver logs;Monitor packet loss rate
27722,0.5434,network_errors,Network Interface Issues,high,Feature #23;Feature #24,Check network hardware;Inspect cable connections;Review network driver logs;Monitor packet loss rate
27725,0.5354,network_errors,Network Interface Issues,high,Feature #23;Feature #24,Check network hardware;Inspect cable connections;Review network driver logs;Monitor packet loss rate
27726,0.5247,network_errors,Network Interface Issues,high,Feature #23;Feature #24,Check network hardware;Inspect cable connections;Review network driver logs;Monitor packet loss rate
27727,0.5392,network_errors,Network Interface Issues,high,Feature #23;Feature #24,Check network hardware;Inspect cable connections;Review network driver logs;Monitor packet loss rate
27728,0.5228,network_errors,Network Interface Issues,high,Feature #23;Feature #24,Check network hardware;Inspect cable connections;Review network driver logs;Monitor packet loss rate
27729,0.5772,network_errors,Network Interface Issues,high,Feature #23;Feature #24,Check network hardware;Inspect cable connections;Review network driver logs;Monitor packet loss rate
27731,0.5466,network_errors,Network Interface Issues,high,Feature #23;Feature #24,Check network hardware;Inspect cable connections;Review network driver logs;Monitor packet loss rate
27732,0.5719,network_errors,Network Interface Issues,high,Feature #23;Feature #24,Check network hardware;Inspect cable connections;Review network driver logs;Monitor packet loss rate
27733,0.5272,network_errors,Network Interface Issues,high,Feature #23;Feature #24,Check network hardware;Inspect cable connections;Review network driver logs;Monitor packet loss rate
27734,0.5931,network_errors,Network Interface Issues,high,Feature #23;Feature #24,Check network hardware;Inspect cable connections;Review network driver logs;Monitor packet loss rate
27735,0.5875,network_errors,Network Interface Issues,high,Feature #23;Feature #24,Check network hardware;Inspect cable connections;Review network driver logs;Monitor packet loss rate
27736,0.5889,network_errors,Network Interface Issues,high,Feature #23;Feature #24,Check network hardware;Inspect cable connections;Review network driver logs;Monitor packet loss rate
27737,0.6111,network_errors,Network Interface Issues,high,Feature #23;Feature #24,Check network hardware;Inspect cable connections;Review network driver logs;Monitor packet loss rate
27738,0.5318,network_errors,Network Interface Issues,high,Feature #23;Feature #24,Check network hardware;Inspect cable connections;Review network driver logs;Monitor packet loss rate
27739,0.5688,network_errors,Network Interface Issues,high,Feature #23;Feature #24,Check network hardware;Inspect cable connections;Review network driver logs;Monitor packet loss rate
27740,0.5962,network_errors,Network Interface Issues,high,Feature #23;Feature #24,Check network hardware;Inspect cable connections;Review network driver logs;Monitor packet loss rate
27741,0.5269,network_errors,Network Interface Issues,high,Feature #23;Feature #24,Check network hardware;Inspect cable connections;Review network driver logs;Monitor packet loss rate
27742,0.5632,network_errors,Network Interface Issues,high,Feature #23;Feature #24,Check network hardware;Inspect cable connections;Review network driver logs;Monitor packet loss rate
27743,0.5708,network_errors,Network Interface Issues,high,Feature #23;Feature #24,Check network hardware;Inspect cable connections;Review network driver logs;Monitor packet loss rate
27744,0.5942,network_errors,Network Interface Issues,high,Feature #23;Feature #24,Check network hardware;Inspect cable connections;Review network driver logs;Monitor packet loss rate
27745,0.5617,network_errors,Network Interface Issues,high,Feature #23;Feature #24,Check network hardware;Inspect cable connections;Review network driver logs;Monitor packet loss rate
27746,0.5848,network_errors,Network Interface Issues,high,Feature #23;Feature #24,Check network hardware;Inspect cable connections;Review network driver logs;Monitor packet loss rate
27747,0.5843,network_errors,Network Interface Issues,high,Feature #23;Feature #24,Check network hardware;Inspect cable connections;Review network driver logs;Monitor packet loss rate
27748,0.5327,network_errors,Network Interface Issues,high,Feature #23;Feature #24,Check network hardware;Inspect cable connections;Review network driver logs;Monitor packet loss rate
27749,0.5902,network_errors,Network Interface Issues,high,Feature #23;Feature #24,Check network hardware;Inspect cable connections;Review network driver logs;Monitor packet loss rate
27750,0.5802,network_errors,Network Interface Issues,high,Feature #23;Feature #24,Check network hardware;Inspect cable connections;Review network driver logs;Monitor packet loss rate
27751,0.5836,network_errors,Network Interface Issues,high,Feature #23;Feature #24,Check network hardware;Inspect cable connections;Review network driver logs;Monitor packet loss rate
27752,0.5966,network_errors,Network Interface Issues,high,Feature #23;Feature #24,Check network hardware;Inspect cable connections;Review network driver logs;Monitor packet loss rate
27753,0.5339,network_errors,Network Interface Issues,high,Feature #23;Feature #24,Check network hardware;Inspect cable connections;Review network driver logs;Monitor packet loss rate
27754,0.5542,network_errors,Network Interface Issues,high,Feature #23;Feature #24,Check network hardware;Inspect cable connections;Review network driver logs;Monitor packet loss rate
27755,0.5871,network_errors,Network Interface Issues,high,Feature #23;Feature #24,Check network hardware;Inspect cable connections;Review network driver logs;Monitor packet loss rate
27756,0.5368,network_errors,Network Interface Issues,high,Feature #23;Feature #24,Check network hardware;Inspect cable connections;Review network driver logs;Monitor packet loss rate
27757,0.5461,network_errors,Network Interface Issues,high,Feature #23;Feature #24,Check network hardware;Inspect cable connections;Review network driver logs;Monitor packet loss rate
27758,0.548,network_errors,Network Interface Issues,high,Feature #23;Feature #24,Check network hardware;Inspect cable connections;Review network driver logs;Monitor packet loss rate
27759,0.5561,network_errors,Network Interface Issues,high,Feature #23;Feature #24,Check network hardware;Inspect cable connections;Review network driver logs;Monitor packet loss rate
27760,0.5971,network_errors,Network Interface Issues,high,Feature #23;Feature #24,Check network hardware;Inspect cable connections;Review network driver logs;Monitor packet loss rate
27761,0.5648,network_errors,Network Interface Issues,high,Feature #23;Feature #24,Check network hardware;Inspect cable connections;Review network driver logs;Monitor packet loss rate
27762,0.577,network_errors,Network Interface Issues,high,Feature #23;Feature #24,Check network hardware;Inspect cable connections;Review network driver logs;Monitor packet loss rate
27763,0.563,network_errors,Network Interface Issues,high,Feature #23;Feature #24,Check network hardware;Inspect cable connections;Review network driver logs;Monitor packet loss rate
27764,0.5358,network_errors,Network Interface Issues,high,Feature #23;Feature #24,Check network hardware;Inspect cable connections;Review network driver logs;Monitor packet loss rate
27765,0.5309,network_errors,Network Interface Issues,high,Feature #23;Feature #24,Check network hardware;Inspect cable connections;Review network driver logs;Monitor packet loss rate
27766,0.5974,network_errors,Network Interface Issues,high,Feature #23;Feature #24,Check network hardware;Inspect cable connections;Review network driver logs;Monitor packet loss rate
27767,0.5235,network_errors,Network Interface Issues,high,Feature #23;Feature #24,Check network hardware;Inspect cable connections;Review network driver logs;Monitor packet loss rate
27769,0.5269,network_errors,Network Interface Issues,high,Feature #23;Feature #24,Check network hardware;Inspect cable connections;Review network driver logs;Monitor packet loss rate
27842,0.5333,network_errors,Network Interface Issues,high,Feature #23;Feature #24,Check network hardware;Inspect cable connections;Review network driver logs;Monitor packet loss rate
27844,0.5287,network_errors,Network Interface Issues,high,Feature #23;Feature #24,Check network hardware;Inspect cable connections;Review network driver logs;Monitor packet loss rate
27845,0.5574,network_errors,Network Interface Issues,high,Feature #23;Feature #24,Check network hardware;Inspect cable connections;Review network driver logs;Monitor packet loss rate
27847,0.5573,network_errors,Network Interface Issues,high,Feature #23;Feature #24,Check network hardware;Inspect cable connections;Review network driver logs;Monitor packet loss rate
27850,0.5201,network_errors,Network Interface Issues,high,Feature #23;Feature #24,Check network hardware;Inspect cable connections;Review network driver logs;Monitor packet loss rate
