row,anomaly_score,fault_id,fault_name,severity,affected_features,recommendations
375,0.5394,network_errors,Network Interface Issues,high,Feature #23;Feature #24,Check network hardware;Inspect cable connections;Review network driver logs;Monitor packet loss rate
376,0.5371,network_errors,Network Interface Issues,high,Feature #23;Feature #24,Check network hardware;Inspect cable connections;Review network driver logs;Monitor packet loss rate
377,0.5591,network_errors,Network Interface Issues,high,Feature #23;Feature #24,Check network hardware;Inspect cable connections;Review network driver logs;Monitor packet loss rate
378,0.571,network_errors,Network Interface Issues,high,Feature #23;Feature #24,Check network hardware;Inspect cable connections;Review network driver logs;Monitor packet loss rate
379,0.5612,network_errors,Network Interface Issues,high,Feature #23;Feature #24,Check network hardware;Inspect cable connections;Review network driver logs;Monitor packet loss rate
380,0.5581,network_errors,Network Interface Issues,high,Feature #23;Feature #24,Check network hardware;Inspect cable connections;Review network driver logs;Monitor packet loss rate
381,0.5768,network_errors,Network Interface Issues,high,Feature #23;Feature #24,Check network hardware;Inspect cable connections;Review network driver logs;Monitor packet loss rate
382,0.5447,network_errors,Network Interface Issues,high,Feature #23;Feature #24,Check network hardware;Inspect cable connections;Review network driver logs;Monitor packet loss rate
383,0.5595,network_errors,Network Interface Issues,high,Feature #23;Feature #24,Check network hardware;Inspect cable connections;Review network driver logs;Monitor packet loss rate
384,0.5774,network_errors,Network Interface Issues,high,Feature #23;Feature #24,Check network hardware;Inspect cable connections;Review network driver logs;Monitor packet loss rate
385,0.5689,network_errors,Network Interface Issues,high,Feature #23;Feature #24,Check network hardware;Inspect cable connections;Review network driver logs;Monitor packet loss rate
386,0.5499,network_errors,Network Interface Issues,high,Feature #23;Feature #24,Check network hardware;Inspect cable connections;Review network driver logs;Monitor packet loss rate
387,0.5697,network_errors,Network Interface Issues,high,Feature #23;Feature #24,Check network hardware;Inspect cable connections;Review network driver logs;Monitor packet loss rate
388,0.5316,network_errors,Network Interface Issues,high,Feature #23;Feature #24,Check network hardware;Inspect cable connections;Review network driver logs;Monitor packet loss rate
389,0.5655,network_errors,Network Interface Issues,high,Feature #23;Feature #24,Check network hardware;Inspect cable connections;Review network driver logs;Monitor packet loss rate
390,0.5667,network_errors,Network Interface Issues,high,Feature #23;Feature #24,Check network hardware;Inspect cable connections;Review network driver logs;Monitor packet loss rate
391,0.5667,network_errors,Network Interface Issues,high,Feature #23;Feature #24,Check network hardware;Inspect cable connections;Review network driver logs;Monitor packet loss rate
392,0.567,network_errors,Network Interface Issues,high,Feature #23;Feature #24,Check network hardware;Inspect cable connections;Review network driver logs;Monitor packet loss rate
393,0.5526,network_errors,Network Interface Issues,high,Feature #23;Feature #24,Check network hardware;Inspect cable connections;Review network driver logs;Monitor packet loss rate
394,0.5892,network_errors,Network Interface Issues,high,Feature #23;Feature #24,Check network hardware;Inspect cable connections;Review network driver logs;Monitor packet loss rate
395,0.5789,network_errors,Network Interface Issues,high,Feature #23;Feature #24,Check network hardware;Inspect cable connections;Review network driver logs;Monitor packet loss rate
396,0.5879,network_errors,Network Interface Issues,high,Feature #23;Feature #24,Check network hardware;Inspect cable connections;Review network driver logs;Monitor packet loss rate
397,0.5849,network_errors,Network Interface Issues,high,Feature #23;Feature #24,Check network hardware;Inspect cable connections;Review network driver logs;Monitor packet loss rate
398,0.5787,network_errors,Network Interface Issues,high,Feature #23;Feature #24,Check network hardware;Inspect cable connections;Review network driver logs;Monitor packet loss rate
399,0.5748,network_errors,Network Interface Issues,high,Feature #23;Feature #24,Check network hardware;Inspect cable connections;Review network driver logs;Monitor packet loss rate
400,0.5841,network_errors,Network Interface Issues,high,Feature #23;Feature #24,Check network hardware;Inspect cable connections;Review network driver logs;Monitor packet loss rate
401,0.5894,network_errors,Network Interface Issues,high,Feature #23;Feature #24,Check network hardware;Inspect cable connections;Review network driver logs;Monitor packet loss rate
402,0.5543,network_errors,Network Interface Issues,high,Feature #23;Feature #24,Check network hardware;Inspect cable connections;Review network driver logs;Monitor packet loss rate
403,0.5916,network_errors,Network Interface Issues,high,Feature #23;Feature #24,Check network hardware;Inspect cable connections;Review network driver logs;Monitor packet loss rate
404,0.608,network_errors,Network Interface Issues,high,Feature #23;Feature #24,Check network hardware;Inspect cable connections;Review network driver logs;Monitor packet loss rate
405,0.5902,network_errors,Network Interface Issues,high,Feature #23;Feature #24,Check network hardware;Inspect cable connections;Review network driver logs;Monitor packet loss rate
406,0.6192,network_errors,Network Interface Issues,high,Feature #23;Feature #24,Check network hardware;Inspect cable connections;Review network driver logs;Monitor packet loss rate
407,0.6013,network_errors,Network Interface Issues,high,Feature #23;Feature #24,Check network hardware;Inspect cable connections;Review network driver logs;Monitor packet loss rate
408,0.5915,network_errors,Network Interface Issues,high,Feature #23;Feature #24,Check network hardware;Inspect cable connections;Review network driver logs;Monitor packet loss rate
409,0.5743,network_errors,Network Interface Issues,high,Feature #23;Feature #24,Check network hardware;Inspect cable connections;Review network driver logs;Monitor packet loss rate
410,0.5553,network_errors,Network Interface Issues,high,Feature #23;Feature #24,Check network hardware;Inspect cable connections;Review network driver logs;Monitor packet loss rate
411,0.5848,network_errors,Network Interface Issues,high,Feature #23;Feature #24,Check network hardware;Inspect cable connections;Review network driver logs;Monitor packet loss rate
412,0.604,network_errors,Network Interface Issues,high,Feature #23;Feature #24,Check network hardware;Inspect cable connections;Review network driver logs;Monitor packet loss rate
413,0.5861,network_errors,Network Interface Issues,high,Feature #23;Feature #24,Check network hardware;Inspect cable connections;Review network driver logs;Monitor packet loss rate
414,0.6027,network_errors,Network Interface Issues,high,Feature #23;Feature #24,Check network hardware;Inspect cable connections;Review network driver logs;Monitor packet loss rate
415,0.5927,network_errors,Network Interface Issues,high,Feature #23;Feature #24,Check network hardware;Inspect cable connections;Review network driver logs;Monitor packet loss rate
416,0.5936,network_errors,Network Interface Issues,high,Feature #23;Feature #24,Check network hardware;Inspect cable connections;Review network driver logs;Monitor packet loss rate
417,0.5539,network_errors,Network Interface Issues,high,Feature #23;Feature #24,Check network hardware;Inspect cable connections;Review network driver logs;Monitor packet loss rate
418,0.5536,network_errors,Network Interface Issues,high,Feature #23;Feature #24,Check network hardware;Inspect cable connections;Review network driver logs;Monitor packet loss rate
421,0.5287,network_errors,Network Interface Issues,high,Feature #23;Feature #24,Check network hardware;Inspect cable connections;Review network driver logs;Monitor packet loss rate
423,0.5301,network_errors,Network Interface Issues,high,Feature #23;Feature #24,Check network hardware;Inspect cable connections;Review network driver logs;Monitor packet loss rate
424,0.5339,network_errors,Network Interface Issues,high,Feature #23;Feature #24,Check network hardware;Inspect cable connections;Review network driver logs;Monitor packet loss rate
1788,0.5409,network_errors,Network Interface Issues,high,Feature #23;Feature #24,Check network hardware;Inspect cable connections;Review network driver logs;Monitor packet loss rate
1791,0.5222,network_errors,Network Interface Issues,high,Feature #23;Feature #24,Check network hardware;Inspect cable connections;Review network driver logs;Monitor packet loss rate
1792,0.5313,network_errors,Network Interface Issues,high,Feature #23;Feature #24,Check network hardware;Inspect cable connections;Review network driver logs;Monitor packet loss rate
1794,0.5506,network_errors,Network Interface Issues,high,Feature #23;Feature #24,Check network hardware;Inspect cable connections;Review network driver logs;Monitor packet loss rate
1796,0.5618,network_errors,Network Interface Issues,high,Feature #23;Feature #24,Check network hardware;Inspect cable connections;Review network driver logs;Monitor packet loss rate
1797,0.531,network_errors,Network Interface Issues,high,Feature #23;Feature #24,Check network hardware;Inspect cable connections;Review network driver logs;Monitor packet loss rate
1798,0.5255,network_errors,Network Interface Issues,high,Feature #23;Feature #24,Check network hardware;Inspect cable connections;Review network driver logs;Monitor packet loss rate
1799,0.5428,network_errors,Network Interface Issues,high,Feature #23;Feature #24,Check network hardware;Inspect cable connections;Review network driver logs;Monitor packet loss rate
1800,0.5529,network_errors,Network Interface Issues,high,Feature #23;Feature #24,Check network hardware;Inspect cable connections;Review network driver logs;Monitor packet loss rate
1801,0.5288,network_errors,Network Interface Issues,high,Feature #23;Feature #24,Check network hardware;Inspect cable connections;Review network driver logs;Monitor packet loss rate
1802,0.5706,network_errors,Network Interface Issues,high,Feature #23;Feature #24,Check network hardware;Inspect cable connections;Review network driver logs;Monitor packet loss rate
1803,0.5715,network_errors,Network Interface Issues,high,Feature #23;Feature #24,Check network hardware;Inspect cable connections;Review network driver logs;Monitor packet loss rate
1804,0.5225,network_errors,Network Interface Issues,high,Feature #23;Feature #24,Check network hardware;Inspect cable connections;Review network driver logs;Monitor packet loss rate
1805,0.5603,network_errors,Network Interface Issues,high,Feature #23;Feature #24,Check network hardware;Inspect cable connections;Review network driver logs;Monitor packet loss rate
1806,0.5548,network_errors,Network Interface Issues,high,Feature #23;Feature #24,Check network hardware;Inspect cable connections;Review network driver logs;Monitor packet loss rate
1807,0.5716,network_errors,Network Interface Issues,high,Feature #23;Feature #24,Check network hardware;Inspect cable connections;Review network driver logs;Monitor packet loss rate
1809,0.5902,network_errors,Network Interface Issues,high,Feature #23;Feature #24,Check network hardware;Inspect cable connections;Review network driver logs;Monitor packet loss rate
1810,0.5651,network_errors,Network Interface Issues,high,Feature #23;Feature #24,Check network hardware;Inspect cable connections;Review network driver logs;Monitor packet loss rate
1811,0.5675,network_errors,Network Interface Issues,high,Feature #23;Feature #24,Check network hardware;Inspect cable connections;Review network driver logs;Monitor packet loss rate
1812,0.5505,network_errors,Network Interface Issues,high,Feature #23;Feature #24,Check network hardware;Inspect cable connections;Review network driver logs;Monitor packet loss rate
1813,0.5647,network_errors,Network Interface Issues,high,Feature #23;Feature #24,Check network hardware;Inspect cable connections;Review network driver logs;Monitor packet loss rate
1814,0.5942,network_errors,Network Interface Issues,high,Feature #23;Feature #24,Check network hardware;Inspect cable connections;Review network driver logs;Monitor packet loss rate
1815,0.531,network_errors,Network Interface Issues,high,Feature #23;Feature #24,Check network hardware;Inspect cable connections;Review network driver logs;Monitor packet loss rate
1816,0.5287,network_errors,Network Interface Issues,high,Feature #23;Feature #24,Check network hardware;Inspect cable connections;Review network driver logs;Monitor packet loss rate
1817,0.5725,network_errors,Network Interface Issues,high,Feature #23;Feature #24,Check network hardware;Inspect cable connections;Review network driver logs;Monitor packet loss rate
1818,0.5207,network_errors,Network Interface Issues,high,Feature #23;Feature #24,Check network hardware;Inspect cable connections;Review network driver logs;Monitor packet loss rate
1819,0.5317,network_errors,Network Interface Issues,high,Feature #23;Feature #24,Check network hardware;Inspect cable connections;Review network driver logs;Monitor packet loss rate
1820,0.5565,network_errors,Network Interface Issues,high,Feature #23;Feature #24,Check network hardware;Inspect cable connections;Review network driver logs;Monitor packet loss rate
1821,0.5354,network_errors,Network Interface Issues,high,Feature #23;Feature #24,Check network hardware;Inspect cable connections;Review network driver logs;Monitor packet loss rate
1823,0.5747,network_errors,Network Interface Issues,high,Feature #23;Feature #24,Check network hardware;Inspect cable connections;Review network driver logs;Monitor packet loss rate
1824,0.5487,network_errors,Network Interface Issues,high,Feature #23;Feature #24,Check network hardware;Inspect cable connections;Review network driver logs;Monitor packet loss rate
1825,0.5315,network_errors,Network Interface Issues,high,Feature #23;Feature #24,Check network hardware;Inspect cable connections;Review network driver logs;Monitor packet loss rate
1827,0.5707,network_errors,Network Interface Issues,high,Feature #23;Feature #24,Check network hardware;Inspect cable connections;Review network driver logs;Monitor packet loss rate
1828,0.5369,network_errors,Network Interface Issues,high,Feature #23;Feature #24,Check network hardware;Inspect cable connections;Review network driver logs;Monitor packet loss rate
1829,0.5397,network_errors,Network Interface Issues,high,Feature #23;Feature #24,Check network hardware;Inspect cable connections;Review network driver logs;Monitor packet loss rate
1830,0.5346,network_errors,Network Interface Issues,high,Feature #23;Feature #24,Check network hardware;Inspect cable connections;Review network driver logs;Monitor packet loss rate
1831,0.5652,network_errors,Network Interface Issues,high,Feature #23;Feature #24,Check network hardware;Inspect cable connections;Review network driver logs;Monitor packet loss rate
1832,0.5347,network_errors,Network Interface Issues,high,Feature #23;Feature #24,Check network hardware;Inspect cable connections;Review network driver logs;Monitor packet loss rate
1833,0.5531,network_errors,Network Interface Issues,high,Feature #23;Feature #24,Check network hardware;Inspect cable connections;Review network driver logs;Monitor packet loss rate
1834,0.5876,network_errors,Network Interface Issues,high,Feature #23;Feature #24,Check network hardware;Inspect cable connections;Review network driver logs;Monitor packet loss rate
1835,0.5645,network_errors,Network Interface Issues,high,Feature #23;Feature #24,Check network hardware;Inspect cable connections;Review network driver logs;Monitor packet loss rate
1836,0.5213,network_errors,Network Interface Issues,high,Feature #23;Feature #24,Check network hardware;Inspect cable connections;Review network driver logs;Monitor packet loss rate
1837,0.5342,network_errors,Network Interface Issues,high,Feature #23;Feature #24,Check network hardware;Inspect cable connections;Review network driver logs;Monitor packet loss rate
1838,0.56,network_errors,Network Interface Issues,high,Feature #23;Feature #24,Check network hardware;Inspect cable connections;Review network driver logs;Monitor packet loss rate
1841,0.5421,network_errors,Network Interface Issues,high,Feature #23;Feature #24,Check network hardware;Inspect cable connections;Review network driver logs;Monitor packet loss rate
3170,0.5335,network_errors,Network Interface Issues,high,Feature #23;Feature #24,Check network hardware;Inspect cable connections;Review network driver logs;Monitor packet loss rate
5166,0.5252,network_errors,Network Interface Issues,high,Feature #23;Feature #24,Check network hardware;Inspect cable connections;Review network driver logs;Monitor packet loss rate
6111,0.5315,network_errors,Network Interface Issues,high,Feature #23;Feature #24,Check network hardware;Inspect cable connections;Review network driver logs;Monitor packet loss rate
6114,0.5259,network_errors,Network Interface Issues,high,Feature #23;Feature #24,Check network hardware;Inspect cable connections;Review network driver logs;Monitor packet loss rate
6116,0.5574,network_errors,Network Interface Issues,high,Feature #23;Feature #24,Check network hardware;Inspect cable connections;Review network driver logs;Monitor packet loss rate
6121,0.5246,network_errors,Network Interface Issues,high,Feature #23;Feature #24,Check network hardware;Inspect cable connections;Review network driver logs;Monitor packet loss rate
6122,0.5623,network_errors,Network Interface Issues,high,Feature #23;Feature #24,Check network hardware;Inspect cable connections;Review network driver logs;Monitor packet loss rate
6123,0.539,network_errors,Network Interface Issues,high,Feature #23;Feature #24,Check network hardware;Inspect cable connections;Review network driver logs;Monitor packet loss rate
6124,0.5484,network_errors,Network Interface Issues,high,Feature #23;Feature #24,Check network hardware;Inspect cable connections;Review network driver logs;Monitor packet loss rate
6126,0.5262,network_errors,Network Interface Issues,high,Feature #23;Feature #24,Check network hardware;Inspect cable connections;Review network driver logs;Monitor packet loss rate
6128,0.5334,network_errors,Network Interface Issues,high,Feature #23;Feature #24,Check network hardware;Inspect cable connections;Review network driver logs;Monitor packet loss rate
6129,0.532,network_errors,Network Interface Issues,high,Feature #23;Feature #24,Check network hardware;Inspect cable connections;Review network driver logs;Monitor packet loss rate
6130,0.5485,network_errors,Network Interface Issues,high,Feature #23;Feature #24,Check network hardware;Inspect cable connections;Review network driver logs;Monitor packet loss rate
6131,0.5501,network_errors,Network Interface Issues,high,Feature #23;Feature #24,Check network hardware;Inspect cable connections;Review network driver logs;Monitor packet loss rate
6132,0.5383,network_errors,Network Interface Issues,high,Feature #23;Feature #24,Check network hardware;Inspect cable connections;Review network driver logs;Monitor packet loss rate
6133,0.5492,network_errors,Network Interface Issues,high,Feature #23;Feature #24,Check network hardware;Inspect cable connections;Review network driver logs;Monitor packet loss rate
6134,0.5517,network_errors,Network Interface Issues,high,Feature #23;Feature #24,Check network hardware;Inspect cable connections;Review network driver logs;Monitor packet loss rate
6135,0.5548,network_errors,Network Interface Issues,high,Feature #23;Feature #24,Check network hardware;Inspect cable connections;Review network driver logs;Monitor packet loss rate
6136,0.5649,network_errors,Network Interface Issues,high,Feature #23;Feature #24,Check network hardware;Inspect cable connections;Review network driver logs;Monitor packet loss rate
6137,0.5324,network_errors,Network Interface Issues,high,Feature #23;Feature #24,Check network hardware;Inspect cable connections;Review network driver logs;Monitor packet loss rate
6138,0.5442,network_errors,Network Interface Issues,high,Feature #23;Feature #24,Check network hardware;Inspect cable connections;Review network driver logs;Monitor packet loss rate
6139,0.5753,network_errors,Network Interface Issues,high,Feature #23;Feature #24,Check network hardware;Inspect cable connections;Review network driver logs;Monitor packet loss rate
6140,0.5977,network_errors,Network Interface Issues,high,Feature #23;Feature #24,Check network hardware;Inspect cable connections;Review network driver logs;Monitor packet loss rate
6141,0.5631,network_errors,Network Interface Issues,high,Feature #23;Feature #24,Check network hardware;Inspect cable connections;Review network driver logs;Monitor packet loss rate
6142,0.5886,network_errors,Network Interface Issues,high,Feature #23;Feature #24,Check network hardware;Inspect cable connections;Review network driver logs;Monitor packet loss rate
6143,0.5825,network_errors,Network Interface Issues,high,Feature #23;Feature #24,Check network hardware;Inspect cable connections;Review network driver logs;Monitor packet loss rate
6144,0.58,network_errors,Network Interface Issues,high,Feature #23;Feature #24,Check network hardware;Inspect cable connections;Review network driver logs;Monitor packet loss rate
6145,0.5646,network_errors,Network Interface Issues,high,Feature #23;Feature #24,Check network hardware;Inspect cable connections;Review network driver logs;Monitor packet loss rate
6146,0.5546,network_errors,Network Interface Issues,high,Feature #23;Feature #24,Check network hardware;Inspect cable connections;Review network driver logs;Monitor packet loss rate
6147,0.5875,network_errors,Network Interface Issues,high,Feature #23;Feature #24,Check network hardware;Inspect cable connections;Review network driver logs;Monitor packet loss rate
6148,0.6015,network_errors,Network Interface Issues,high,Feature #23;Feature #24,Check network hardware;Inspect cable connections;Review network driver logs;Monitor packet loss rate
6149,0.5958,network_errors,Network Interface Issues,high,Feature #23;Feature #24,Check network hardware;Inspect cable connections;Review network driver logs;Monitor packet loss rate
6150,0.5635,network_errors,Network Interface Issues,high,Feature #23;Feature #24,Check network hardware;Inspect cable connections;Review network driver logs;Monitor packet loss rate
6151,0.6068,network_errors,Network Interface Issues,high,Feature #23;Feature #24,Check network hardware;Inspect cable connections;Review network driver logs;Monitor packet loss rate
6152,0.572,network_errors,Network Interface Issues,high,Feature #23;Feature #24,Check network hardware;Inspect cable connections;Review network driver logs;Monitor packet loss rate
6153,0.5608,network_errors,Network Interface Issues,high,Feature #23;Feature #24,Check network hardware;Inspect cable connections;Review network driver logs;Monitor packet loss rate
6154,0.5697,network_errors,Network Interface Issues,high,Feature #23;Feature #24,Check network hardware;Inspect cable connections;Review network driver logs;Monitor packet loss rate
6155,0.5512,network_errors,Network Interface Issues,high,Feature #23;Feature #24,Check network hardware;Inspect cable connections;Review network driver logs;Monitor packet loss rate
6156,0.6011,network_errors,Network Interface Issues,high,Feature #23;Feature #24,Check network hardware;Inspect cable connections;Review network driver logs;Monitor packet loss rate
6157,0.5493,network_errors,Network Interface Issues,high,Feature #23;Feature #24,Check network hardware;Inspect cable connections;Review network driver logs;Monitor packet loss rate
6158,0.5652,network_errors,Network Interface Issues,high,Feature #23;Feature #24,Check network hardware;Inspect cable connections;Review network driver logs;Monitor packet loss rate
6159,0.5669,network_errors,Network Interface Issues,high,Feature #23;Feature #24,Check network hardware;Inspect cable connections;Review network driver logs;Monitor packet loss rate
6160,0.6102,network_errors,Network Interface Issues,high,Feature #23;Feature #24,Check network hardware;Inspect cable connections;Review network driver logs;Monitor packet loss rate
6161,0.5836,network_errors,Network Interface Issues,high,Feature #23;Feature #24,Check network hardware;Inspect cable connections;Review network driver logs;Monitor packet loss rate
6162,0.5529,network_errors,Network Interface Issues,high,Feature #23;Feature #24,Check network hardware;Inspect cable connections;Review network driver logs;Monitor packet loss rate
6163,0.5544,network_errors,Network Interface Issues,high,Feature #23;Feature #24,Check network hardware;Inspect cable connections;Review network driver logs;Monitor packet loss rate
6165,0.5599,network_errors,Network Interface Issues,high,Feature #23;Feature #24,Check network hardware;Inspect cable connections;Review network driver logs;Monitor packet loss rate
6167,0.527,network_errors,Network Interface Issues,high,Feature #23;Feature #24,Check network hardware;Inspect cable connections;Review network driver logs;Monitor packet loss rate
6597,0.5498,network_errors,Network Interface Issues,high,Feature #23;Feature #24,Check network hardware;Inspect cable connections;Review network driver logs;Monitor packet loss rate
6600,0.5255,network_errors,Network Interface Issues,high,Feature #23;Feature #24,Check network hardware;Inspect cable connections;Review network driver logs;Monitor packet loss rate
6601,0.5375,network_errors,Network Interface Issues,high,Feature #23;Feature #24,Check network hardware;Inspect cable connections;Review network driver logs;Monitor packet loss rate
6603,0.5335,network_errors,Network Interface Issues,high,Feature #23;Feature #24,Check network hardware;Inspect cable connections;Review network driver logs;Monitor packet loss rate
6604,0.5677,network_errors,Network Interface Issues,high,Feature #23;Feature #24,Check network hardware;Inspect cable connections;Review network driver logs;Monitor packet loss rate
6605,0.5308,network_errors,Network Interface Issues,high,Feature #23;Feature #24,Check network hardware;Inspect cable connections;Review network driver logs;Monitor packet loss rate
6606,0.5392,network_errors,Network Interface Issues,high,Feature #23;Feature #24,Check network hardware;Inspect cable connections;Review network driver logs;Monitor packet loss rate
6607,0.5773,network_errors,Network Interface Issues,high,Feature #23;Feature #24,Check network hardware;Inspect cable connections;Review network driver logs;Monitor packet loss rate
6608,0.5506,network_errors,Network Interface Issues,high,Feature #23;Feature #24,Check network hardware;Inspect cable connections;Review network driver logs;Monitor packet loss rate
6610,0.5371,network_errors,Network Interface Issues,high,Feature #23;Feature #24,Check network hardware;Inspect cable connections;Review network driver logs;Monitor packet loss rate
6611,0.5239,network_errors,Network Interface Issues,high,Feature #23;Feature #24,Check network hardware;Inspect cable connections;Review network driver logs;Monitor packet loss rate
6612,0.5787,network_errors,Network Interface Issues,high,Feature #23;Feature #24,Check network hardware;Inspect cable connections;Review network driver logs;Monitor packet loss rate
6613,0.5239,network_errors,Network Interface Issues,high,Feature #23;Feature #24,Check network hardware;Inspect cable connections;Review network driver logs;Monitor packet loss rate
6614,0.5494,network_errors,Network Interface Issues,high,Feature #23;Feature #24,Check network hardware;Inspect cable connections;Review network driver logs;Monitor packet loss rate
6615,0.5456,network_errors,Network Interface Issues,high,Feature #23;Feature #24,Check network hardware;Inspect cable connections;Review network driver logs;Monitor packet loss rate
6617,0.5664,network_errors,Network Interface Issues,high,Feature #23;Feature #24,Check network hardware;Inspect cable connections;Review network driver logs;Monitor packet loss rate
6618,0.5442,network_errors,Network Interface Issues,high,Feature #23;Feature #24,Check network hardware;Inspect cable connections;Review network driver logs;Monitor packet loss rate
6619,0.55,network_errors,Network Interface Issues,high,Feature #23;Feature #24,Check network hardware;Inspect cable connections;Review network driver logs;Monitor packet loss rate
6620,0.5258,network_errors,Network Interface Issues,high,Feature #23;Feature #24,Check network hardware;Inspect cable connections;Review network driver logs;Monitor packet loss rate
6621,0.5335,network_errors,Network Interface Issues,high,Feature #23;Feature #24,Check network hardware;Inspect cable connections;Review network driver logs;Monitor packet loss rate
6622,0.5329,network_errors,Network Interface Issues,high,Feature #23;Feature #24,Check network hardware;Inspect cable connections;Review network driver logs;Monitor packet loss rate
6623,0.5395,network_errors,Network Interface Issues,high,Feature #23;Feature #24,Check network hardware;Inspect cable connections;Review network driver logs;Monitor packet loss rate
6625,0.5344,network_errors,Network Interface Issues,high,Feature #23;Feature #24,Check network hardware;Inspect cable connections;Review network driver logs;Monitor packet loss rate
6626,0.5568,network_errors,Network Interface Issues,high,Feature #23;Feature #24,Check network hardware;Inspect cable connections;Review network driver logs;Monitor packet loss rate
6627,0.5562,network_errors,Network Interface Issues,high,Feature #23;Feature #24,Check network hardware;Inspect cable connections;Review network driver logs;Monitor packet loss rate
6628,0.5263,network_errors,Network Interface Issues,high,Feature #23;Feature #24,Check network hardware;Inspect cable connections;Review network driver logs;Monitor packet loss rate
6629,0.5248,network_errors,Network Interface Issues,high,Feature #23;Feature #24,Check network hardware;Inspect cable connections;Review network driver logs;Monitor packet loss rate
6630,0.5626,network_errors,Network Interface Issues,high,Feature #23;Feature #24,Check network hardware;Inspect cable connections;Review network driver logs;Monitor packet loss rate
6632,0.5441,network_errors,Network Interface Issues,high,Feature #23;Feature #24,Check network hardware;Inspect cable connections;Review network driver logs;Monitor packet loss rate
6635,0.5557,network_errors,Network Interface Issues,high,Feature #23;Feature #24,Check network hardware;Inspect cable connections;Review network driver logs;Monitor packet loss rate
6637,0.5376,network_errors,Network Interface Issues,high,Feature #23;Feature #24,Check network hardware;Inspect cable connections;Review network driver logs;Monitor packet loss rate
7553,0.5338,network_errors,Network Interface Issues,high,Feature #23;Feature #24,Check network hardware;Inspect cable connections;Review network driver logs;Monitor packet loss rate
7562,0.5428,network_errors,Network Interface Issues,high,Feature #23;Feature #24,Check network hardware;Inspect cable connections;Review network driver logs;Monitor packet loss rate
7564,0.528,network_errors,Network Interface Issues,high,Feature #23;Feature #24,Check network hardware;Inspect cable connections;Review network driver logs;Monitor packet loss rate
7570,0.5387,network_errors,Network Interface Issues,high,Feature #23;Feature #24,Check network hardware;Inspect cable connections;Review network driver logs;Monitor packet loss rate
7572,0.5274,network_errors,Network Interface Issues,high,Feature #23;Feature #24,Check network hardware;Inspect cable connections;Review network driver logs;Monitor packet loss rate
7573,0.5203,network_errors,Network Interface Issues,high,Feature #23;Feature #24,Check network hardware;Inspect cable connections;Review network driver logs;Monitor packet loss rate
7574,0.5355,network_errors,Network Interface Issues,high,Feature #23;Feature #24,Check network hardware;Inspect cable connections;Review network driver logs;Monitor packet loss rate
7575,0.553,network_errors,Network Interface Issues,high,Feature #23;Feature #24,Check network hardware;Inspect cable connections;Review network driver logs;Monitor packet loss rate
7576,0.5663,network_errors,Network Interface Issues,high,Feature #23;Feature #24,Check network hardware;Inspect cable connections;Review network driver logs;Monitor packet loss rate
7577,0.5527,network_errors,Network Interface Issues,high,Feature #23;Feature #24,Check network hardware;Inspect cable connections;Review network driver logs;Monitor packet loss rate
7578,0.536,network_errors,Network Interface Issues,high,Feature #23;Feature #24,Check network hardware;Inspect cable connections;Review network driver logs;Monitor packet loss rate
7580,0.5346,network_errors,Network Interface Issues,high,Feature #23;Feature #24,Check network hardware;Inspect cable connections;Review network driver logs;Monitor packet loss rate
7581,0.5307,network_errors,Network Interface Issues,high,Feature #23;Feature #24,Check network hardware;Inspect cable connections;Review network driver logs;Monitor packet loss rate
7582,0.54,network_errors,Network Interface Issues,high,Feature #23;Feature #24,Check network hardware;Inspect cable connections;Review network driver logs;Monitor packet loss rate
7583,0.5504,network_errors,Network Interface Issues,high,Feature #23;Feature #24,Check network hardware;Inspect cable connections;Review network driver logs;Monitor packet loss rate
7584,0.5273,network_errors,Network Interface Issues,high,Feature #23;Feature #24,Check network hardware;Inspect cable connections;Review network driver logs;Monitor packet loss rate
7585,0.5548,network_errors,Network Interface Issues,high,Feature #23;Feature #24,Check network hardware;Inspect cable connections;Review network driver logs;Monitor packet loss rate
7586,0.6034,network_errors,Network Interface Issues,high,Feature #23;Feature #24,Check network hardware;Inspect cable connections;Review network driver logs;Monitor packet loss rate
7587,0.5502,network_errors,Network Interface Issues,high,Feature #23;Feature #24,Check network hardware;Inspect cable connections;Review network driver logs;Monitor packet loss rate
7588,0.5496,network_errors,Network Interface Issues,high,Feature #23;Feature #24,Check network hardware;Inspect cable connections;Review network driver logs;Monitor packet loss rate
7589,0.5705,network_errors,Network Interface Issues,high,Feature #23;Feature #24,Check network hardware;Inspect cable connections;Review network driver logs;Monitor packet loss rate
7590,0.5939,network_errors,Network Interface Issues,high,Feature #23;Feature #24,Check network hardware;Inspect cable connections;Review network driver logs;Monitor packet loss rate
7591,0.6081,network_errors,Network Interface Issues,high,Feature #23;Feature #24,Check network hardware;Inspect cable connections;Review network driver logs;Monitor packet loss rate
7592,0.5484,network_errors,Network Interface Issues,high,Feature #23;Feature #24,Check network hardware;Inspect cable connections;Review network driver logs;Monitor packet loss rate
7593,0.5682,network_errors,Network Interface Issues,high,Feature #23;Feature #24,Check network hardware;Inspect cable connections;Review network driver logs;Monitor packet loss rate
7594,0.5719,network_errors,Network Interface Issues,high,Feature #23;Feature #24,Check network hardware;Inspect cable connections;Review network driver logs;Monitor packet loss rate
7595,0.6054,network_errors,Network Interface Issues,high,Feature #23;Feature #24,Check network hardware;Inspect cable connections;Review network driver logs;Monitor packet loss rate
7596,0.6135,network_errors,Network Interface Issues,high,Feature #23;Feature #24,Check network hardware;Inspect cable connections;Review network driver logs;Monitor packet loss rate
7597,0.589,network_errors,Network Interface Issues,high,Feature #23;Feature #24,Check network hardware;Inspect cable connections;Review network driver logs;Monitor packet loss rate
7598,0.6178,network_errors,Network Interface Issues,high,Feature #23;Feature #24,Check network hardware;Inspect cable connections;Review network driver logs;Monitor packet loss rate
7599,0.5731,network_errors,Network Interface Issues,high,Feature #23;Feature #24,Check network hardware;Inspect cable connections;Review network driver logs;Monitor packet loss rate
7600,0.5974,network_errors,Network Interface Issues,high,Feature #23;Feature #24,Check network hardware;Inspect cable connections;Review network driver logs;Monitor packet loss rate
7601,0.6043,network_errors,Network Interface Issues,high,Feature #23;Feature #24,Check network hardware;Inspect cable connections;Review network driver logs;Monitor packet loss rate
7602,0.6065,network_errors,Network Interface Issues,high,Feature #23;Feature #24,Check network hardware;Inspect cable connections;Review network driver logs;Monitor packet loss rate
7603,0.5603,network_errors,Network Interface Issues,high,Feature #23;Feature #24,Check network hardware;Inspect cable connections;Review network driver logs;Monitor packet loss rate
7604,0.5486,network_errors,Network Interface Issues,high,Feature #23;Feature #24,Check network hardware;Inspect cable connections;Review network driver logs;Monitor packet loss rate
7605,0.5424,network_errors,Network Interface Issues,high,Feature #23;Feature #24,Check network hardware;Inspect cable connections;Review network driver logs;Monitor packet loss rate
7607,0.5206,network_errors,Network Interface Issues,high,Feature #23;Feature #24,Check network hardware;Inspect cable connections;Review network driver logs;Monitor packet loss rate
8731,0.5565,network_errors,Network Interface Issues,high,Feature #23;Feature #24,Check network hardware;Inspect cable connections;Review network driver logs;Monitor packet loss rate
8733,0.5206,network_errors,Network Interface Issues,high,Feature #23;Feature #24,Check network hardware;Inspect cable connections;Review network driver logs;Monitor packet loss rate
8991,0.5249,network_errors,Network Interface Issues,high,Feature #23;Feature #24,Check network hardware;Inspect cable connections;Review network driver logs;Monitor packet loss rate
8994,0.5658,network_errors,Network Interface Issues,high,Feature #23;Feature #24,Check network hardware;Inspect cable connections;Review network driver logs;Monitor packet loss rate
8996,0.5264,network_errors,Network Interface Issues,high,Feature #23;Feature #24,Check network hardware;Inspect cable connections;Review network driver logs;Monitor packet loss rate
8997,0.5242,network_errors,Network Interface Issues,high,Feature #23;Feature #24,Check network hardware;Inspect cable connections;Review network driver logs;Monitor packet loss rate
9005,0.5351,network_errors,Network Interface Issues,high,Feature #23;Feature #24,Check network hardware;Inspect cable connections;Review network driver logs;Monitor packet loss rate
9010,0.5361,network_errors,Network Interface Issues,high,Feature #23;Feature #24,Check network hardware;Inspect cable connections;Review network driver logs;Monitor packet loss rate
9017,0.5222,network_errors,Network Interface Issues,high,Feature #23;Feature #24,Check network hardware;Inspect cable connections;Review network driver logs;Monitor packet loss rate
9019,0.5263,network_errors,Network Interface Issues,high,Feature #23;Feature #24,Check network hardware;Inspect cable connections;Review network driver logs;Monitor packet loss rate
9024,0.5373,network_errors,Network Interface Issues,high,Feature #23;Feature #24,Check network hardware;Inspect cable connections;Review network driver logs;Monitor packet loss rate
9026,0.5568,network_errors,Network Interface Issues,high,Feature #23;Feature #24,Check network hardware;Inspect cable connections;Review network driver logs;Monitor packet loss rate
9027,0.541,network_errors,Network Interface Issues,high,Feature #23;Feature #24,Check network hardware;Inspect cable connections;Review network driver logs;Monitor packet loss rate
9030,0.5578,network_errors,Network Interface Issues,high,Feature #23;Feature #24,Check network hardware;Inspect cable connections;Review network driver logs;Monitor packet loss rate
9032,0.5873,network_errors,Network Interface Issues,high,Feature #23;Feature #24,Check network hardware;Inspect cable connections;Review network driver logs;Monitor packet loss rate
9033,0.5355,network_errors,Network Interface Issues,high,Feature #23;Feature #24,Check network hardware;Inspect cable connections;Review network driver logs;Monitor packet loss rate
9034,0.5428,network_errors,Network Interface Issues,high,Feature #23;Feature #24,Check network hardware;Inspect cable connections;Review network driver logs;Monitor packet loss rate
9035,0.5391,network_errors,Network Interface Issues,high,Feature #23;Feature #24,Check network hardware;Inspect cable connections;Review network driver logs;Monitor packet loss rate
9036,0.5255,network_errors,Network Interface Issues,high,Feature #23;Feature #24,Check network hardware;Inspect cable connections;Review network driver logs;Monitor packet loss rate
9038,0.5818,network_errors,Network Interface Issues,high,Feature #23;Feature #24,Check network hardware;Inspect cable connections;Review network driver logs;Monitor packet loss rate
9041,0.5339,network_errors,Network Interface Issues,high,Feature #23;Feature #24,Check network hardware;Inspect cable connections;Review network driver logs;Monitor packet loss rate
9489,0.5297,network_errors,Network Interface Issues,high,Feature #23;Feature #24,Check network hardware;Inspect cable connections;Review network driver logs;Monitor packet loss rate
9490,0.5549,network_errors,Network Interface Issues,high,Feature #23;Feature #24,Check network hardware;Inspect cable connections;Review network driver logs;Monitor packet loss rate
9491,0.5664,network_errors,Network Interface Issues,high,Feature #23;Feature #24,Check network hardware;Inspect cable connections;Review network driver logs;Monitor packet loss rate
9492,0.5678,network_errors,Network Interface Issues,high,Feature #23;Feature #24,Check network hardware;Inspect cable connections;Review network driver logs;Monitor packet loss rate
9493,0.5501,network_errors,Network Interface Issues,high,Feature #23;Feature #24,Check network hardware;Inspect cable connections;Review network driver logs;Monitor packet loss rate
9494,0.5338,network_errors,Network Interface Issues,high,Feature #23;Feature #24,Check network hardware;Inspect cable connections;Review network driver logs;Monitor packet loss rate
9495,0.5523,network_errors,Network Interface Issues,high,Feature #23;Feature #24,Check network hardware;Inspect cable connections;Review network driver logs;Monitor packet loss rate
9496,0.5267,network_errors,Network Interface Issues,high,Feature #23;Feature #24,Check network hardware;Inspect cable connections;Review network driver logs;Monitor packet loss rate
9497,0.5724,network_errors,Network Interface Issues,high,Feature #23;Feature #24,Check network hardware;Inspect cable connections;Review network driver logs;Monitor packet loss rate
9498,0.5927,network_errors,Network Interface Issues,high,Feature #23;Feature #24,Check network hardware;Inspect cable connections;Review network driver logs;Monitor packet loss rate
9499,0.6126,network_errors,Network Interface Issues,high,Feature #23;Feature #24,Check network hardware;Inspect cable connections;Review network driver logs;Monitor packet loss rate
9500,0.5548,network_errors,Network Interface Issues,high,Feature #23;Feature #24,Check network hardware;Inspect cable connections;Review network driver logs;Monitor packet loss rate
9501,0.5564,network_errors,Network Interface Issues,high,Feature #23;Feature #24,Check network hardware;Inspect cable connections;Review network driver logs;Monitor packet loss rate
9502,0.5429,network_errors,Network Interface Issues,high,Feature #23;Feature #24,Check network hardware;Inspect cable connections;Review network driver logs;Monitor packet loss rate
9503,0.5596,network_errors,Network Interface Issues,high,Feature #23;Feature #24,Check network hardware;Inspect cable connections;Review network driver logs;Monitor packet loss rate
9504,0.5576,network_errors,Network Interface Issues,high,Feature #23;Feature #24,Check network hardware;Inspect cable connections;Review network driver logs;Monitor packet loss rate
9505,0.5725,network_errors,Network Interface Issues,high,Feature #23;Feature #24,Check network hardware;Inspect cable connections;Review network driver logs;Monitor packet loss rate
9506,0.582,network_errors,Network Interface Issues,high,Feature #23;Feature #24,Check network hardware;Inspect cable connections;Review network driver logs;Monitor packet loss rate
9507,0.5493,network_errors,Network Interface Issues,high,Feature #23;Feature #24,Check network hardware;Inspect cable connections;Review network driver logs;Monitor packet loss rate
9508,0.5511,network_errors,Network Interface Issues,high,Feature #23;Feature #24,Check network hardware;Inspect cable connections;Review network driver logs;Monitor packet loss rate
9509,0.5346,network_errors,Network Interface Issues,high,Feature #23;Feature #24,Check network hardware;Inspect cable connections;Review network driver logs;Monitor packet loss rate
9510,0.5731,network_errors,Network Interface Issues,high,Feature #23;Feature #24,Check network hardware;Inspect cable connections;Review network driver logs;Monitor packet loss rate
9512,0.5378,network_errors,Network Interface Issues,high,Feature #23;Feature #24,Check network hardware;Inspect cable connections;Review network driver logs;Monitor packet loss rate
9513,0.5545,network_errors,Network Interface Issues,high,Feature #23;Feature #24,Check network hardware;Inspect cable connections;Review network driver logs;Monitor packet loss rate
9514,0.5421,network_errors,Network Interface Issues,high,Feature #23;Feature #24,Check network hardware;Inspect cable connections;Review network driver logs;Monitor packet loss rate
9515,0.5568,network_errors,Network Interface Issues,high,Feature #23;Feature #24,Check network hardware;Inspect cable connections;Review network driver logs;Monitor packet loss rate
9516,0.5351,network_errors,Network Interface Issues,high,Feature #23;Feature #24,Check network hardware;Inspect cable connections;Review network driver logs;Monitor packet loss rate
9517,0.5403,network_errors,Network Interface Issues,high,Feature #23;Feature #24,Check network hardware;Inspect cable connections;Review network driver logs;Monitor packet loss rate
9519,0.5525,network_errors,Network Interface Issues,high,Feature #23;Feature #24,Check network hardware;Inspect cable connections;Review network driver logs;Monitor packet loss rate
9520,0.5301,network_errors,Network Interface Issues,high,Feature #23;Feature #24,Check network hardware;Inspect cable connections;Review network driver logs;Monitor packet loss rate
10432,0.5299,network_errors,Network Interface Issues,high,Feature #23;Feature #24,Check network hardware;Inspect cable connections;Review network driver logs;Monitor packet loss rate
10434,0.5397,network_errors,Network Interface Issues,high,Feature #23;Feature #24,Check network hardware;Inspect cable connections;Review network driver logs;Monitor packet loss rate
10436,0.5498,network_errors,Network Interface Issues,high,Feature #23;Feature #24,Check network hardware;Inspect cable connections;Review network driver logs;Monitor packet loss rate
10437,0.5401,network_errors,Network Interface Issues,high,Feature #23;Feature #24,Check network hardware;Inspect cable connections;Review network driver logs;Monitor packet loss rate
10438,0.5651,network_errors,Network Interface Issues,high,Feature #23;Feature #24,Check network hardware;Inspect cable connections;Review network driver logs;Monitor packet loss rate
10439,0.5989,network_errors,Network Interface Issues,high,Feature #23;Feature #24,Check network hardware;Inspect cable connections;Review network driver logs;Monitor packet loss rate
10440,0.5568,network_errors,Network Interface Issues,high,Feature #23;Feature #24,Check network hardware;Inspect cable connections;Review network driver logs;Monitor packet loss rate
10441,0.612,network_errors,Network Interface Issues,high,Feature #23;Feature #24,Check network hardware;Inspect cable connections;Review network driver logs;Monitor packet loss rate
10442,0.5977,network_errors,Network Interface Issues,high,Feature #23;Feature #24,Check network hardware;Inspect cable connections;Review network driver logs;Monitor packet loss rate
10443,0.5538,network_errors,Network Interface Issues,high,Feature #23;Feature #24,Check network hardware;Inspect cable connections;Review network driver logs;Monitor packet loss rate
10444,0.573,network_errors,Network Interface Issues,high,Feature #23;Feature #24,Check network hardware;Inspect cable connections;Review network driver logs;Monitor packet loss rate
10445,0.573,network_errors,Network Interface Issues,high,Feature #23;Feature #24,Check network hardware;Inspect cable connections;Review network driver logs;Monitor packet loss rate
10446,0.5528,network_errors,Network Interface Issues,high,Feature #23;Feature #24,Check network hardware;Inspect cable connections;Review network driver logs;Monitor packet loss rate
10448,0.5525,network_errors,Network Interface Issues,high,Feature #23;Feature #24,Check network hardware;Inspect cable connections;Review network driver logs;Monitor packet loss rate
10449,0.5632,network_errors,Network Interface Issues,high,Feature #23;Feature #24,Check network hardware;Inspect cable connections;Review network driver logs;Monitor packet loss rate
10450,0.5475,network_errors,Network Interface Issues,high,Feature #23;Feature #24,Check network hardware;Inspect cable connections;Review network driver logs;Monitor packet loss rate
10451,0.5523,network_errors,Network Interface Issues,high,Feature #23;Feature #24,Check network hardware;Inspect cable connections;Review network driver logs;Monitor packet loss rate
10452,0.5288,network_errors,Network Interface Issues,high,Feature #23;Feature #24,Check network hardware;Inspect cable connections;Review network driver logs;Monitor packet loss rate
10454,0.5578,network_errors,Network Interface Issues,high,Feature #23;Feature #24,Check network hardware;Inspect cable connections;Review network driver logs;Monitor packet loss rate
10455,0.526,network_errors,Network Interface Issues,high,Feature #23;Feature #24,Check network hardware;Inspect cable connections;Review network driver logs;Monitor packet loss rate
10456,0.5253,network_errors,Network Interface Issues,high,Feature #23;Feature #24,Check network hardware;Inspect cable connections;Review network driver logs;Monitor packet loss rate
10457,0.5293,network_errors,Network Interface Issues,high,Feature #23;Feature #24,Check network hardware;Inspect cable connections;Review network driver logs;Monitor packet loss rate
10458,0.5316,network_errors,Network Interface Issues,high,Feature #23;Feature #24,Check network hardware;Inspect cable connections;Review network driver logs;Monitor packet loss rate
10459,0.5238,network_errors,Network Interface Issues,high,Feature #23;Feature #24,Check network hardware;Inspect cable connections;Review network driver logs;Monitor packet loss rate
10460,0.5481,network_errors,Network Interface Issues,high,Feature #23;Feature #24,Check network hardware;Inspect cable connections;Review network driver logs;Monitor packet loss rate
10461,0.5257,network_errors,Network Interface Issues,high,Feature #23;Feature #24,Check network hardware;Inspect cable connections;Review network driver logs;Monitor packet loss rate
10462,0.5709,network_errors,Network Interface Issues,high,Feature #23;Feature #24,Check network hardware;Inspect cable connections;Review network driver logs;Monitor packet loss rate
10463,0.5304,network_errors,Network Interface Issues,high,Feature #23;Feature #24,Check network hardware;Inspect cable connections;Review network driver logs;Monitor packet loss rate
10465,0.5203,network_errors,Network Interface Issues,high,Feature #23;Feature #24,Check network hardware;Inspect cable connections;Review network driver logs;Monitor packet loss rate
10466,0.5567,network_errors,Network Interface Issues,high,Feature #23;Feature #24,Check network hardware;Inspect cable connections;Review network driver logs;Monitor packet loss rate
10467,0.5659,network_errors,Network Interface Issues,high,Feature #23;Feature #24,Check network hardware;Inspect cable connections;Review network driver logs;Monitor packet loss rate
10468,0.5784,network_errors,Network Interface Issues,high,Feature #23;Feature #24,Check network hardware;Inspect cable connections;Review network driver logs;Monitor packet loss rate
10469,0.5427,network_errors,Network Interface Issues,high,Feature #23;Feature #24,Check network hardware;Inspect cable connections;Review network driver logs;Monitor packet loss rate
10470,0.5549,network_errors,Network Interface Issues,high,Feature #23;Feature #24,Check network hardware;Inspect cable connections;Review network driver logs;Monitor packet loss rate
10471,0.533,network_errors,Network Interface Issues,high,Feature #23;Feature #24,Check network hardware;Inspect cable connections;Review network driver logs;Monitor packet loss rate
10472,0.5479,network_errors,Network Interface Issues,high,Feature #23;Feature #24,Check network hardware;Inspect cable connections;Review network driver logs;Monitor packet loss rate
10473,0.5472,network_errors,Network Interface Issues,high,Feature #23;Feature #24,Check network hardware;Inspect cable connections;Review network driver logs;Monitor packet loss rate
10474,0.5522,network_errors,Network Interface Issues,high,Feature #23;Feature #24,Check network hardware;Inspect cable connections;Review network driver logs;Monitor packet loss rate
10475,0.555,network_errors,Network Interface Issues,high,Feature #23;Feature #24,Check network hardware;Inspect cable connections;Review network driver logs;Monitor packet loss rate
10476,0.5377,network_errors,Network Interface Issues,high,Feature #23;Feature #24,Check network hardware;Inspect cable connections;Review network driver logs;Monitor packet loss rate
10478,0.5823,network_errors,Network Interface Issues,high,Feature #23;Feature #24,Check network hardware;Inspect cable connections;Review network driver logs;Monitor packet loss rate
10479,0.5431,network_errors,Network Interface Issues,high,Feature #23;Feature #24,Check network hardware;Inspect cable connections;Review network driver logs;Monitor packet loss rate
10480,0.5412,network_errors,Network Interface Issues,high,Feature #23;Feature #24,Check network hardware;Inspect cable connections;Review network driver logs;Monitor packet loss rate
10481,0.5369,network_errors,Network Interface Issues,high,Feature #23;Feature #24,Check network hardware;Inspect cable connections;Review network driver logs;Monitor packet loss rate
10932,0.5657,network_errors,Network Interface Issues,high,Feature #23;Feature #24,Check network hardware;Inspect cable connections;Review network driver logs;Monitor packet loss rate
10933,0.5319,network_errors,Network Interface Issues,high,Feature #23;Feature #24,Check network hardware;Inspect cable connections;Review network driver logs;Monitor packet loss rate
10941,0.5211,network_errors,Network Interface Issues,high,Feature #23;Feature #24,Check network hardware;Inspect cable connections;Review network driver logs;Monitor packet loss rate
10942,0.5476,network_errors,Network Interface Issues,high,Feature #23;Feature #24,Check network hardware;Inspect cable connections;Review network driver logs;Monitor packet loss rate
10945,0.5232,network_errors,Network Interface Issues,high,Feature #23;Feature #24,Check network hardware;Inspect cable connections;Review network driver logs;Monitor packet loss rate
10946,0.5247,network_errors,Network Interface Issues,high,Feature #23;Feature #24,Check network hardware;Inspect cable connections;Review network driver logs;Monitor packet loss rate
10948,0.5633,network_errors,Network Interface Issues,high,Feature #23;Feature #24,Check network hardware;Inspect cable connections;Review network driver logs;Monitor packet loss rate
10950,0.5234,network_errors,Network Interface Issues,high,Feature #23;Feature #24,Check network hardware;Inspect cable connections;Review network driver logs;Monitor packet loss rate
10952,0.5337,network_errors,Network Interface Issues,high,Feature #23;Feature #24,Check network hardware;Inspect cable connections;Review network driver logs;Monitor packet loss rate
10954,0.5213,network_errors,Network Interface Issues,high,Feature #23;Feature #24,Check network hardware;Inspect cable connections;Review network driver logs;Monitor packet loss rate
10955,0.524,network_errors,Network Interface Issues,high,Feature #23;Feature #24,Check network hardware;Inspect cable connections;Review network driver logs;Monitor packet loss rate
10957,0.5232,network_errors,Network Interface Issues,high,Feature #23;Feature #24,Check network hardware;Inspect cable connections;Review network driver logs;Monitor packet loss rate
10959,0.5243,network_errors,Network Interface Issues,high,Feature #23;Feature #24,Check network hardware;Inspect cable connections;Review network driver logs;Monitor packet loss rate
11874,0.5388,network_errors,Network Interface Issues,high,Feature #23;Feature #24,Check network hardware;Inspect cable connections;Review network driver logs;Monitor packet loss rate
11875,0.5376,network_errors,Network Interface Issues,high,Feature #23;Feature #24,Check network hardware;Inspect cable connections;Review network driver logs;Monitor packet loss rate
11876,0.5244,network_errors,Network Interface Issues,high,Feature #23;Feature #24,Check network hardware;Inspect cable connections;Review network driver logs;Monitor packet loss rate
11877,0.532,network_errors,Network Interface Issues,high,Feature #23;Feature #24,Check network hardware;Inspect cable connections;Review network driver logs;Monitor packet loss rate
11879,0.5773,network_errors,Network Interface Issues,high,Feature #23;Feature #24,Check network hardware;Inspect cable connections;Review network driver logs;Monitor packet loss rate
11880,0.5435,network_errors,Network Interface Issues,high,Feature #23;Feature #24,Check network hardware;Inspect cable connections;Review network driver logs;Monitor packet loss rate
11882,0.5298,network_errors,Network Interface Issues,high,Feature #23;Feature #24,Check network hardware;Inspect cable connections;Review network driver logs;Monitor packet loss rate
11883,0.5648,network_errors,Network Interface Issues,high,Feature #23;Feature #24,Check network hardware;Inspect cable connections;Review network driver logs;Monitor packet loss rate
11884,0.5682,network_errors,Network Interface Issues,high,Feature #23;Feature #24,Check network hardware;Inspect cable connections;Review network driver logs;Monitor packet loss rate
11885,0.5289,network_errors,Network Interface Issues,high,Feature #23;Feature #24,Check network hardware;Inspect cable connections;Review network driver logs;Monitor packet loss rate
11886,0.5754,network_errors,Network Interface Issues,high,Feature #23;Feature #24,Check network hardware;Inspect cable connections;Review network driver logs;Monitor packet loss rate
11887,0.5829,network_errors,Network Interface Issues,high,Feature #23;Feature #24,Check network hardware;Inspect cable connections;Review network driver logs;Monitor packet loss rate
11888,0.5771,network_errors,Network Interface Issues,high,Feature #23;Feature #24,Check network hardware;Inspect cable connections;Review network driver logs;Monitor packet loss rate
11889,0.5937,network_errors,Network Interface Issues,high,Feature #23;Feature #24,Check network hardware;Inspect cable connections;Review network driver logs;Monitor packet loss rate
11890,0.5842,network_errors,Network Interface Issues,high,Feature #23;Feature #24,Check network hardware;Inspect cable connections;Review network driver logs;Monitor packet loss rate
11891,0.5347,network_errors,Network Interface Issues,high,Feature #23;Feature #24,Check network hardware;Inspect cable connections;Review network driver logs;Monitor packet loss rate
11892,0.538,network_errors,Network Interface Issues,high,Feature #23;Feature #24,Check network hardware;Inspect cable connections;Review network driver logs;Monitor packet loss rate
11893,0.5221,network_errors,Network Interface Issues,high,Feature #23;Feature #24,Check network hardware;Inspect cable connections;Review network driver logs;Monitor packet loss rate
11894,0.5511,network_errors,Network Interface Issues,high,Feature #23;Feature #24,Check network hardware;Inspect cable connections;Review network driver logs;Monitor packet loss rate
11895,0.5304,network_errors,Network Interface Issues,high,Feature #23;Feature #24,Check network hardware;Inspect cable connections;Review network driver logs;Monitor packet loss rate
11896,0.5238,network_errors,Network Interface Issues,high,Feature #23;Feature #24,Check network hardware;Inspect cable connections;Review network driver logs;Monitor packet loss rate
11898,0.5285,network_errors,Network Interface Issues,high,Feature #23;Feature #24,Check network hardware;Inspect cable connections;Review network driver logs;Monitor packet loss rate
11899,0.5357,network_errors,Network Interface Issues,high,Feature #23;Feature #24,Check network hardware;Inspect cable connections;Review network driver logs;Monitor packet loss rate
11900,0.5384,network_errors,Network Interface Issues,high,Feature #23;Feature #24,Check network hardware;Inspect cable connections;Review network driver logs;Monitor packet loss rate
11901,0.5632,network_errors,Network Interface Issues,high,Feature #23;Feature #24,Check network hardware;Inspect cable connections;Review network driver logs;Monitor packet loss rate
11902,0.5411,network_errors,Network Interface Issues,high,Feature #23;Feature #24,Check network hardware;Inspect cable connections;Review network driver logs;Monitor packet loss rate
11903,0.5346,network_errors,Network Interface Issues,high,Feature #23;Feature #24,Check network hardware;Inspect cable connections;Review network driver logs;Monitor packet loss rate
11904,0.5527,network_errors,Network Interface Issues,high,Feature #23;Feature #24,Check network hardware;Inspect cable connections;Review network driver logs;Monitor packet loss rate
11905,0.5992,network_errors,Network Interface Issues,high,Feature #23;Feature #24,Check network hardware;Inspect cable connections;Review network driver logs;Monitor packet loss rate
11906,0.5487,network_errors,Network Interface Issues,high,Feature #23;Feature #24,Check network hardware;Inspect cable connections;Review network driver logs;Monitor packet loss rate
11907,0.5552,network_errors,Network Interface Issues,high,Feature #23;Feature #24,Check network hardware;Inspect cable connections;Review network driver logs;Monitor packet loss rate
11908,0.5827,network_errors,Network Interface Issues,high,Feature #23;Feature #24,Check network hardware;Inspect cable connections;Review network driver logs;Monitor packet loss rate
11909,0.5505,network_errors,Network Interface Issues,high,Feature #23;Feature #24,Check network hardware;Inspect cable connections;Review network driver logs;Monitor packet loss rate
11910,0.5965,network_errors,Network Interface Issues,high,Feature #23;Feature #24,Check network hardware;Inspect cable connections;Review network driver logs;Monitor packet loss rate
11911,0.551,network_errors,Network Interface Issues,high,Feature #23;Feature #24,Check network hardware;Inspect cable connections;Review network driver logs;Monitor packet loss rate
11912,0.5659,network_errors,Network Interface Issues,high,Feature #23;Feature #24,Check network hardware;Inspect cable connections;Review network driver logs;Monitor packet loss rate
11913,0.5702,network_errors,Network Interface Issues,high,Feature #23;Feature #24,Check network hardware;Inspect cable connections;Review network driver logs;Monitor packet loss rate
11914,0.5528,network_errors,Network Interface Issues,high,Feature #23;Feature #24,Check network hardware;Inspect cable connections;Review network driver logs;Monitor packet loss rate
11915,0.5282,network_errors,Network Interface Issues,high,Feature #23;Feature #24,Check network hardware;Inspect cable connections;Review network driver logs;Monitor packet loss rate
11916,0.5611,network_errors,Network Interface Issues,high,Feature #23;Feature #24,Check network hardware;Inspect cable connections;Review network driver logs;Monitor packet loss rate
11917,0.5617,network_errors,Network Interface Issues,high,Feature #23;Feature #24,Check network hardware;Inspect cable connections;Review network driver logs;Monitor packet loss rate
11918,0.5485,network_errors,Network Interface Issues,high,Feature #23;Feature #24,Check network hardware;Inspect cable connections;Review network driver logs;Monitor packet loss rate
11919,0.5675,network_errors,Network Interface Issues,high,Feature #23;Feature #24,Check network hardware;Inspect cable connections;Review network driver logs;Monitor packet loss rate
11920,0.5513,network_errors,Network Interface Issues,high,Feature #23;Feature #24,Check network hardware;Inspect cable connections;Review network driver logs;Monitor packet loss rate
11921,0.5412,network_errors,Network Interface Issues,high,Feature #23;Feature #24,Check network hardware;Inspect cable connections;Review network driver logs;Monitor packet loss rate
11922,0.5215,network_errors,Network Interface Issues,high,Feature #23;Feature #24,Check network hardware;Inspect cable connections;Review network driver logs;Monitor packet loss rate
13323,0.5719,network_errors,Network Interface Issues,high,Feature #23;Feature #24,Check network hardware;Inspect cable connections;Review network driver logs;Monitor packet loss rate
13326,0.5361,network_errors,Network Interface Issues,high,Feature #23;Feature #24,Check network hardware;Inspect cable connections;Review network driver logs;Monitor packet loss rate
13327,0.537,network_errors,Network Interface Issues,high,Feature #23;Feature #24,Check network hardware;Inspect cable connections;Review network driver logs;Monitor packet loss rate
13329,0.5224,network_errors,Network Interface Issues,high,Feature #23;Feature #24,Check network hardware;Inspect cable connections;Review network driver logs;Monitor packet loss rate
13330,0.5304,network_errors,Network Interface Issues,high,Feature #23;Feature #24,Check network hardware;Inspect cable connections;Review network driver logs;Monitor packet loss rate
13331,0.5504,network_errors,Network Interface Issues,high,Feature #23;Feature #24,Check network hardware;Inspect cable connections;Review network driver logs;Monitor packet loss rate
13334,0.5242,network_errors,Network Interface Issues,high,Feature #23;Feature #24,Check network hardware;Inspect cable connections;Review network driver logs;Monitor packet loss rate
13340,0.5399,network_errors,Network Interface Issues,high,Feature #23;Feature #24,Check network hardware;Inspect cable connections;Review network driver logs;Monitor packet loss rate
13341,0.5261,network_errors,Network Interface Issues,high,Feature #23;Feature #24,Check network hardware;Inspect cable connections;Review network driver logs;Monitor packet loss rate
13342,0.5452,network_errors,Network Interface Issues,high,Feature #23;Feature #24,Check network hardware;Inspect cable connections;Review network driver logs;Monitor packet loss rate
13343,0.5231,network_errors,Network Interface Issues,high,Feature #23;Feature #24,Check network hardware;Inspect cable connections;Review network driver logs;Monitor packet loss rate
13344,0.538,network_errors,Network Interface Issues,high,Feature #23;Feature #24,Check network hardware;Inspect cable connections;Review network driver logs;Monitor packet loss rate
13345,0.5598,network_errors,Network Interface Issues,high,Feature #23;Feature #24,Check network hardware;Inspect cable connections;Review network driver logs;Monitor packet loss rate
13346,0.5518,network_errors,Network Interface Issues,high,Feature #23;Feature #24,Check network hardware;Inspect cable connections;Review network driver logs;Monitor packet loss rate
13347,0.5656,network_errors,Network Interface Issues,high,Feature #23;Feature #24,Check network hardware;Inspect cable connections;Review network driver logs;Monitor packet loss rate
13348,0.5214,network_errors,Network Interface Issues,high,Feature #23;Feature #24,Check network hardware;Inspect cable connections;Review network driver logs;Monitor packet loss rate
13813,0.5302,network_errors,Network Interface Issues,high,Feature #23;Feature #24,Check network hardware;Inspect cable connections;Review network driver logs;Monitor packet loss rate
13817,0.5351,network_errors,Network Interface Issues,high,Feature #23;Feature #24,Check network hardware;Inspect cable connections;Review network driver logs;Monitor packet loss rate
13827,0.5476,network_errors,Network Interface Issues,high,Feature #23;Feature #24,Check network hardware;Inspect cable connections;Review network driver logs;Monitor packet loss rate
16166,0.5298,network_errors,Network Interface Issues,high,Feature #23;Feature #24,Check network hardware;Inspect cable connections;Review network driver logs;Monitor packet loss rate
16170,0.539,network_errors,Network Interface Issues,high,Feature #23;Feature #24,Check network hardware;Inspect cable connections;Review network driver logs;Monitor packet loss rate
16172,0.526,network_errors,Network Interface Issues,high,Feature #23;Feature #24,Check network hardware;Inspect cable connections;Review network driver logs;Monitor packet loss rate
16175,0.5395,network_errors,Network Interface Issues,high,Feature #23;Feature #24,Check network hardware;Inspect cable connections;Review network driver logs;Monitor packet loss rate
16176,0.5942,network_errors,Network Interface Issues,high,Feature #23;Feature #24,Check network hardware;Inspect cable connections;Review network driver logs;Monitor packet loss rate
16177,0.5246,network_errors,Network Interface Issues,high,Feature #23;Feature #24,Check network hardware;Inspect cable connections;Review network driver logs;Monitor packet loss rate
16178,0.566,network_errors,Network Interface Issues,high,Feature #23;Feature #24,Check network hardware;Inspect cable connections;Review network driver logs;Monitor packet loss rate
16181,0.5233,network_errors,Network Interface Issues,high,Feature #23;Feature #24,Check network hardware;Inspect cable connections;Review network driver logs;Monitor packet loss rate
16182,0.5401,network_errors,Network Interface Issues,high,Feature #23;Feature #24,Check network hardware;Inspect cable connections;Review network driver logs;Monitor packet loss rate
16183,0.5662,network_errors,Network Interface Issues,high,Feature #23;Feature #24,Check network hardware;Inspect cable connections;Review network driver logs;Monitor packet loss rate
16184,0.5359,network_errors,Network Interface Issues,high,Feature #23;Feature #24,Check network hardware;Inspect cable connections;Review network driver logs;Monitor packet loss rate
16185,0.5935,network_errors,Network Interface Issues,high,Feature #23;Feature #24,Check network hardware;Inspect cable connections;Review network driver logs;Monitor packet loss rate
16186,0.6024,network_errors,Network Interface Issues,high,Feature #23;Feature #24,Check network hardware;Inspect cable connections;Review network driver logs;Monitor packet loss rate
16188,0.5437,network_errors,Network Interface Issues,high,Feature #23;Feature #24,Check network hardware;Inspect cable connections;Review network driver logs;Monitor packet loss rate
16189,0.529,network_errors,Network Interface Issues,high,Feature #23;Feature #24,Check network hardware;Inspect cable connections;Review network driver logs;Monitor packet loss rate
16190,0.5363,network_errors,Network Interface Issues,high,Feature #23;Feature #24,Check network hardware;Inspect cable connections;Review network driver logs;Monitor packet loss rate
16191,0.564,network_errors,Network Interface Issues,high,Feature #23;Feature #24,Check network hardware;Inspect cable connections;Review network driver logs;Monitor packet loss rate
16192,0.5788,network_errors,Network Interface Issues,high,Feature #23;Feature #24,Check network hardware;Inspect cable connections;Review network driver logs;Monitor packet loss rate
16193,0.5415,network_errors,Network Interface Issues,high,Feature #23;Feature #24,Check network hardware;Inspect cable connections;Review network driver logs;Monitor packet loss rate
16194,0.5298,network_errors,Network Interface Issues,high,Feature #23;Feature #24,Check network hardware;Inspect cable connections;Review network driver logs;Monitor packet loss rate
16195,0.6061,network_errors,Network Interface Issues,high,Feature #23;Feature #24,Check network hardware;Inspect cable connections;Review network driver logs;Monitor packet loss rate
16196,0.5964,network_errors,Network Interface Issues,high,Feature #23;Feature #24,Check network hardware;Inspect cable connections;Review network driver logs;Monitor packet loss rate
16197,0.6107,network_errors,Network Interface Issues,high,Feature #23;Feature #24,Check network hardware;Inspect cable connections;Review network driver logs;Monitor packet loss rate
16198,0.5845,network_errors,Network Interface Issues,high,Feature #23;Feature #24,Check network hardware;Inspect cable connections;Review network driver logs;Monitor packet loss rate
16199,0.5557,network_errors,Network Interface Issues,high,Feature #23;Feature #24,Check network hardware;Inspect cable connections;Review network driver logs;Monitor packet loss rate
16200,0.6132,network_errors,Network Interface Issues,high,Feature #23;Feature #24,Check network hardware;Inspect cable connections;Review network driver logs;Monitor packet loss rate
16201,0.6116,network_errors,Network Interface Issues,high,Feature #23;Feature #24,Check network hardware;Inspect cable connections;Review network driver logs;Monitor packet loss rate
16202,0.5636,network_errors,Network Interface Issues,high,Feature #23;Feature #24,Check network hardware;Inspect cable connections;Review network driver logs;Monitor packet loss rate
16203,0.557,network_errors,Network Interface Issues,high,Feature #23;Feature #24,Check network hardware;Inspect cable connections;Review network driver logs;Monitor packet loss rate
16204,0.6116,network_errors,Network Interface Issues,high,Feature #23;Feature #24,Check network hardware;Inspect cable connections;Review network driver logs;Monitor packet loss rate
16205,0.5298,network_errors,Network Interface Issues,high,Feature #23;Feature #24,Check network hardware;Inspect cable connections;Review network driver logs;Monitor packet loss rate
16206,0.5902,network_errors,Network Interface Issues,high,Feature #23;Feature #24,Check network hardware;Inspect cable connections;Review network driver logs;Monitor packet loss rate
16207,0.5546,network_errors,Network Interface Issues,high,Feature #23;Feature #24,Check network hardware;Inspect cable connections;Review network driver logs;Monitor packet loss rate
16208,0.5494,network_errors,Network Interface Issues,high,Feature #23;Feature #24,Check network hardware;Inspect cable connections;Review network driver logs;Monitor packet loss rate
16209,0.5789,network_errors,Network Interface Issues,high,Feature #23;Feature #24,Check network hardware;Inspect cable connections;Review network driver logs;Monitor packet loss rate
16210,0.5666,network_errors,Network Interface Issues,high,Feature #23;Feature #24,Check network hardware;Inspect cable connections;Review network driver logs;Monitor packet loss rate
16211,0.571,network_errors,Network Interface Issues,high,Feature #23;Feature #24,Check network hardware;Inspect cable connections;Review network driver logs;Monitor packet loss rate
16212,0.5388,network_errors,Network Interface Issues,high,Feature #23;Feature #24,Check network hardware;Inspect cable connections;Review network driver logs;Monitor packet loss rate
16213,0.5486,network_errors,Network Interface Issues,high,Feature #23;Feature #24,Check network hardware;Inspect cable connections;Review network driver logs;Monitor packet loss rate
16214,0.6027,network_errors,Network Interface Issues,high,Feature #23;Feature #24,Check network hardware;Inspect cable connections;Review network driver logs;Monitor packet loss rate
16215,0.555,network_errors,Network Interface Issues,high,Feature #23;Feature #24,Check network hardware;Inspect cable connections;Review network driver logs;Monitor packet loss rate
16216,0.6059,network_errors,Network Interface Issues,high,Feature #23;Feature #24,Check network hardware;Inspect cable connections;Review network driver logs;Monitor packet loss rate
16217,0.5864,network_errors,Network Interface Issues,high,Feature #23;Feature #24,Check network hardware;Inspect cable connections;Review network driver logs;Monitor packet loss rate
16218,0.5694,network_errors,Network Interface Issues,high,Feature #23;Feature #24,Check network hardware;Inspect cable connections;Review network driver logs;Monitor packet loss rate
16219,0.5766,network_errors,Network Interface Issues,high,Feature #23;Feature #24,Check network hardware;Inspect cable connections;Review network driver logs;Monitor packet loss rate
16220,0.5549,network_errors,Network Interface Issues,high,Feature #23;Feature #24,Check network hardware;Inspect cable connections;Review network driver logs;Monitor packet loss rate
16221,0.5634,network_errors,Network Interface Issues,high,Feature #23;Feature #24,Check network hardware;Inspect cable connections;Review network driver logs;Monitor packet loss rate
16222,0.5972,network_errors,Network Interface Issues,high,Feature #23;Feature #24,Check network hardware;Inspect cable connections;Review network driver logs;Monitor packet loss rate
16223,0.5917,network_errors,Network Interface Issues,high,Feature #23;Feature #24,Check network hardware;Inspect cable connections;Review network driver logs;Monitor packet loss rate
16224,0.6041,network_errors,Network Interface Issues,high,Feature #23;Feature #24,Check network hardware;Inspect cable connections;Review network driver logs;Monitor packet loss rate
16225,0.5688,network_errors,Network Interface Issues,high,Feature #23;Feature #24,Check network hardware;Inspect cable connections;Review network driver logs;Monitor packet loss rate
16226,0.6042,network_errors,Network Interface Issues,high,Feature #23;Feature #24,Check network hardware;Inspect cable connections;Review network driver logs;Monitor packet loss rate
16227,0.5594,network_errors,Network Interface Issues,high,Feature #23;Feature #24,Check network hardware;Inspect cable connections;Review network driver logs;Monitor packet loss rate
16228,0.5585,network_errors,Network Interface Issues,high,Feature #23;Feature #24,Check network hardware;Inspect cable connections;Review network driver logs;Monitor packet loss rate
16229,0.6278,network_errors,Network Interface Issues,high,Feature #23;Feature #24,Check network hardware;Inspect cable connections;Review network driver logs;Monitor packet loss rate
16230,0.624,network_errors,Network Interface Issues,high,Feature #23;Feature #24,Check network hardware;Inspect cable connections;Review network driver logs;Monitor packet loss rate
16231,0.6201,network_errors,Network Interface Issues,high,Feature #23;Feature #24,Check network hardware;Inspect cable connections;Review network driver logs;Monitor packet loss rate
16232,0.6149,network_errors,Network Interface Issues,high,Feature #23;Feature #24,Check network hardware;Inspect cable connections;Review network driver logs;Monitor packet loss rate
16233,0.6405,network_errors,Network Interface Issues,high,Feature #23;Feature #24,Check network hardware;Inspect cable connections;Review network driver logs;Monitor packet loss rate
16234,0.6026,network_errors,Network Interface Issues,high,Feature #23;Feature #24,Check network hardware;Inspect cable connections;Review network driver logs;Monitor packet loss rate
16235,0.63,network_errors,Network Interface Issues,high,Feature #23;Feature #24,Check network hardware;Inspect cable connections;Review network driver logs;Monitor packet loss rate
16236,0.5732,network_errors,Network Interface Issues,high,Feature #23;Feature #24,Check network hardware;Inspect cable connections;Review network driver logs;Monitor packet loss rate
16237,0.586,network_errors,Network Interface Issues,high,Feature #23;Feature #24,Check network hardware;Inspect cable connections;Review network driver logs;Monitor packet loss rate
16238,0.6499,network_errors,Network Interface Issues,high,Feature #23;Feature #24,Check network hardware;Inspect cable connections;Review network driver logs;Monitor packet loss rate
16239,0.593,network_errors,Network Interface Issues,high,Feature #23;Feature #24,Check network hardware;Inspect cable connections;Review network driver logs;Monitor packet loss rate
16240,0.581,network_errors,Network Interface Issues,high,Feature #23;Feature #24,Check network hardware;Inspect cable connections;Review network driver logs;Monitor packet loss rate
16241,0.6446,network_errors,Network Interface Issues,high,Feature #23;Feature #24,Check network hardware;Inspect cable connections;Review network driver logs;Monitor packet loss rate
16242,0.59,network_errors,Network Interface Issues,high,Feature #23;Feature #24,Check network hardware;Inspect cable connections;Review network driver logs;Monitor packet loss rate
16243,0.6104,network_errors,Network Interface Issues,high,Feature #23;Feature #24,Check network hardware;Inspect cable connections;Review network driver logs;Monitor packet loss rate
16244,0.6303,network_errors,Network Interface Issues,high,Feature #23;Feature #24,Check network hardware;Inspect cable connections;Review network driver logs;Monitor packet loss rate
16245,0.5773,network_errors,Network Interface Issues,high,Feature #23;Feature #24,Check network hardware;Inspect cable connections;Review network driver logs;Monitor packet loss rate
16246,0.5586,network_errors,Network Interface Issues,high,Feature #23;Feature #24,Check network hardware;Inspect cable connections;Review network driver logs;Monitor packet loss rate
16247,0.5271,network_errors,Network Interface Issues,high,Feature #23;Feature #24,Check network hardware;Inspect cable connections;Review network driver logs;Monitor packet loss rate
16248,0.5298,network_errors,Network Interface Issues,high,Feature #23;Feature #24,Check network hardware;Inspect cable connections;Review network driver logs;Monitor packet loss rate
16249,0.5468,network_errors,Network Interface Issues,high,Feature #23;Feature #24,Check network hardware;Inspect cable connections;Review network driver logs;Monitor packet loss rate
16250,0.5544,network_errors,Network Interface Issues,high,Feature #23;Feature #24,Check network hardware;Inspect cable connections;Review network driver logs;Monitor packet loss rate
16251,0.5288,network_errors,Network Interface Issues,high,Feature #23;Feature #24,Check network hardware;Inspect cable connections;Review network driver logs;Monitor packet loss rate
16695,0.5291,network_errors,Network Interface Issues,high,Feature #23;Feature #24,Check network hardware;Inspect cable connections;Review network driver logs;Monitor packet loss rate
16704,0.5586,network_errors,Network Interface Issues,high,Feature #23;Feature #24,Check network hardware;Inspect cable connections;Review network driver logs;Monitor packet loss rate
16708,0.5618,network_errors,Network Interface Issues,high,Feature #23;Feature #24,Check network hardware;Inspect cable connections;Review network driver logs;Monitor packet loss rate
16709,0.5356,network_errors,Network Interface Issues,high,Feature #23;Feature #24,Check network hardware;Inspect cable connections;Review network driver logs;Monitor packet loss rate
16710,0.522,network_errors,Network Interface Issues,high,Feature #23;Feature #24,Check network hardware;Inspect cable connections;Review network driver logs;Monitor packet loss rate
16711,0.5849,network_errors,Network Interface Issues,high,Feature #23;Feature #24,Check network hardware;Inspect cable connections;Review network driver logs;Monitor packet loss rate
16714,0.521,network_errors,Network Interface Issues,high,Feature #23;Feature #24,Check network hardware;Inspect cable connections;Review network driver logs;Monitor packet loss rate
16717,0.5203,network_errors,Network Interface Issues,high,Feature #23;Feature #24,Check network hardware;Inspect cable connections;Review network driver logs;Monitor packet loss rate
16720,0.5507,network_errors,Network Interface Issues,high,Feature #23;Feature #24,Check network hardware;Inspect cable connections;Review network driver logs;Monitor packet loss rate
16721,0.5291,network_errors,Network Interface Issues,high,Feature #23;Feature #24,Check network hardware;Inspect cable connections;Review network driver logs;Monitor packet loss rate
17486,0.532,network_errors,Network Interface Issues,high,Feature #23;Feature #24,Check network hardware;Inspect cable connections;Review network driver logs;Monitor packet loss rate
17616,0.5234,network_errors,Network Interface Issues,high,Feature #23;Feature #24,Check network hardware;Inspect cable connections;Review network driver logs;Monitor packet loss rate
17621,0.542,network_errors,Network Interface Issues,high,Feature #23;Feature #24,Check network hardware;Inspect cable connections;Review network driver logs;Monitor packet loss rate
17625,0.5527,network_errors,Network Interface Issues,high,Feature #23;Feature #24,Check network hardware;Inspect cable connections;Review network driver logs;Monitor packet loss rate
17626,0.5234,network_errors,Network Interface Issues,high,Feature #23;Feature #24,Check network hardware;Inspect cable connections;Review network driver logs;Monitor packet loss rate
17630,0.5259,network_errors,Network Interface Issues,high,Feature #23;Feature #24,Check network hardware;Inspect cable connections;Review network driver logs;Monitor packet loss rate
17631,0.534,network_errors,Network Interface Issues,high,Feature #23;Feature #24,Check network hardware;Inspect cable connections;Review network driver logs;Monitor packet loss rate
17632,0.5666,network_errors,Network Interface Issues,high,Feature #23;Feature #24,Check network hardware;Inspect cable connections;Review network driver logs;Monitor packet loss rate
17633,0.5731,network_errors,Network Interface Issues,high,Feature #23;Feature #24,Check network hardware;Inspect cable connections;Review network driver logs;Monitor packet loss rate
17634,0.5905,network_errors,Network Interface Issues,high,Feature #23;Feature #24,Check network hardware;Inspect cable connections;Review network driver logs;Monitor packet loss rate
17635,0.535,network_errors,Network Interface Issues,high,Feature #23;Feature #24,Check network hardware;Inspect cable connections;Review network driver logs;Monitor packet loss rate
17636,0.5862,network_errors,Network Interface Issues,high,Feature #23;Feature #24,Check network hardware;Inspect cable connections;Review network driver logs;Monitor packet loss rate
17637,0.5545,network_errors,Network Interface Issues,high,Feature #23;Feature #24,Check network hardware;Inspect cable connections;Review network driver logs;Monitor packet loss rate
17638,0.5314,network_errors,Network Interface Issues,high,Feature #23;Feature #24,Check network hardware;Inspect cable connections;Review network driver logs;Monitor packet loss rate
17639,0.5754,network_errors,Network Interface Issues,high,Feature #23;Feature #24,Check network hardware;Inspect cable connections;Review network driver logs;Monitor packet loss rate
17640,0.5777,network_errors,Network Interface Issues,high,Feature #23;Feature #24,Check network hardware;Inspect cable connections;Review network driver logs;Monitor packet loss rate
17641,0.5715,network_errors,Network Interface Issues,high,Feature #23;Feature #24,Check network hardware;Inspect cable connections;Review network driver logs;Monitor packet loss rate
17642,0.5691,network_errors,Network Interface Issues,high,Feature #23;Feature #24,Check network hardware;Inspect cable connections;Review network driver logs;Monitor packet loss rate
17644,0.5694,network_errors,Network Interface Issues,high,Feature #23;Feature #24,Check network hardware;Inspect cable connections;Review network driver logs;Monitor packet loss rate
17645,0.5827,network_errors,Network Interface Issues,high,Feature #23;Feature #24,Check network hardware;Inspect cable connections;Review network driver logs;Monitor packet loss rate
17646,0.578,network_errors,Network Interface Issues,high,Feature #23;Feature #24,Check network hardware;Inspect cable connections;Review network driver logs;Monitor packet loss rate
17647,0.5745,network_errors,Network Interface Issues,high,Feature #23;Feature #24,Check network hardware;Inspect cable connections;Review network driver logs;Monitor packet loss rate
17648,0.5707,network_errors,Network Interface Issues,high,Feature #23;Feature #24,Check network hardware;Inspect cable connections;Review network driver logs;Monitor packet loss rate
17649,0.5907,network_errors,Network Interface Issues,high,Feature #23;Feature #24,Check network hardware;Inspect cable connections;Review network driver logs;Monitor packet loss rate
17650,0.5888,network_errors,Network Interface Issues,high,Feature #23;Feature #24,Check network hardware;Inspect cable connections;Review network driver logs;Monitor packet loss rate
17651,0.5766,network_errors,Network Interface Issues,high,Feature #23;Feature #24,Check network hardware;Inspect cable connections;Review network driver logs;Monitor packet loss rate
17652,0.5922,network_errors,Network Interface Issues,high,Feature #23;Feature #24,Check network hardware;Inspect cable connections;Review network driver logs;Monitor packet loss rate
17653,0.5857,network_errors,Network Interface Issues,high,Feature #23;Feature #24,Check network hardware;Inspect cable connections;Review network driver logs;Monitor packet loss rate
17654,0.5895,network_errors,Network Interface Issues,high,Feature #23;Feature #24,Check network hardware;Inspect cable connections;Review network driver logs;Monitor packet loss rate
17655,0.5783,network_errors,Network Interface Issues,high,Feature #23;Feature #24,Check network hardware;Inspect cable connections;Review network driver logs;Monitor packet loss rate
17656,0.5801,network_errors,Network Interface Issues,high,Feature #23;Feature #24,Check network hardware;Inspect cable connections;Review network driver logs;Monitor packet loss rate
17657,0.5909,network_errors,Network Interface Issues,high,Feature #23;Feature #24,Check network hardware;Inspect cable connections;Review network driver logs;Monitor packet loss rate
17658,0.5643,network_errors,Network Interface Issues,high,Feature #23;Feature #24,Check network hardware;Inspect cable connections;Review network driver logs;Monitor packet loss rate
17660,0.5316,network_errors,Network Interface Issues,high,Feature #23;Feature #24,Check network hardware;Inspect cable connections;Review network driver logs;Monitor packet loss rate
17661,0.5456,network_errors,Network Interface Issues,high,Feature #23;Feature #24,Check network hardware;Inspect cable connections;Review network driver logs;Monitor packet loss rate
17662,0.5387,network_errors,Network Interface Issues,high,Feature #23;Feature #24,Check network hardware;Inspect cable connections;Review network driver logs;Monitor packet loss rate
17663,0.5715,network_errors,Network Interface Issues,high,Feature #23;Feature #24,Check network hardware;Inspect cable connections;Review network driver logs;Monitor packet loss rate
17664,0.5647,network_errors,Network Interface Issues,high,Feature #23;Feature #24,Check network hardware;Inspect cable connections;Review network driver logs;Monitor packet loss rate
17665,0.5779,network_errors,Network Interface Issues,high,Feature #23;Feature #24,Check network hardware;Inspect cable connections;Review network driver logs;Monitor packet loss rate
17666,0.5914,network_errors,Network Interface Issues,high,Feature #23;Feature #24,Check network hardware;Inspect cable connections;Review network driver logs;Monitor packet loss rate
17667,0.5962,network_errors,Network Interface Issues,high,Feature #23;Feature #24,Check network hardware;Inspect cable connections;Review network driver logs;Monitor packet loss rate
17668,0.5846,network_errors,Network Interface Issues,high,Feature #23;Feature #24,Check network hardware;Inspect cable connections;Review network driver logs;Monitor packet loss rate
17669,0.5734,network_errors,Network Interface Issues,high,Feature #23;Feature #24,Check network hardware;Inspect cable connections;Review network driver logs;Monitor packet loss rate
17670,0.6014,network_errors,Network Interface Issues,high,Feature #23;Feature #24,Check network hardware;Inspect cable connections;Review network driver logs;Monitor packet loss rate
17671,0.6008,network_errors,Network Interface Issues,high,Feature #23;Feature #24,Check network hardware;Inspect cable connections;Review network driver logs;Monitor packet loss rate
17672,0.5567,network_errors,Network Interface Issues,high,Feature #23;Feature #24,Check network hardware;Inspect cable connections;Review network driver logs;Monitor packet loss rate
17673,0.6222,network_errors,Network Interface Issues,high,Feature #23;Feature #24,Check network hardware;Inspect cable connections;Review network driver logs;Monitor packet loss rate
17674,0.5854,network_errors,Network Interface Issues,high,Feature #23;Feature #24,Check network hardware;Inspect cable connections;Review network driver logs;Monitor packet loss rate
17675,0.5443,network_errors,Network Interface Issues,high,Feature #23;Feature #24,Check network hardware;Inspect cable connections;Review network driver logs;Monitor packet loss rate
17676,0.5615,network_errors,Network Interface Issues,high,Feature #23;Feature #24,Check network hardware;Inspect cable connections;Review network driver logs;Monitor packet loss rate
17677,0.5558,network_errors,Network Interface Issues,high,Feature #23;Feature #24,Check network hardware;Inspect cable connections;Review network driver logs;Monitor packet loss rate
17678,0.5889,network_errors,Network Interface Issues,high,Feature #23;Feature #24,Check network hardware;Inspect cable connections;Review network driver logs;Monitor packet loss rate
17681,0.5322,network_errors,Network Interface Issues,high,Feature #23;Feature #24,Check network hardware;Inspect cable connections;Review network driver logs;Monitor packet loss rate
17683,0.5627,network_errors,Network Interface Issues,high,Feature #23;Feature #24,Check network hardware;Inspect cable connections;Review network driver logs;Monitor packet loss rate
18137,0.5599,network_errors,Network Interface Issues,high,Feature #23;Feature #24,Check network hardware;Inspect cable connections;Review network driver logs;Monitor packet loss rate
18139,0.5219,network_errors,Network Interface Issues,high,Feature #23;Feature #24,Check network hardware;Inspect cable connections;Review network driver logs;Monitor packet loss rate
18141,0.5209,network_errors,Network Interface Issues,high,Feature #23;Feature #24,Check network hardware;Inspect cable connections;Review network driver logs;Monitor packet loss rate
18142,0.5273,network_errors,Network Interface Issues,high,Feature #23;Feature #24,Check network hardware;Inspect cable connections;Review network driver logs;Monitor packet loss rate
18143,0.5215,network_errors,Network Interface Issues,high,Feature #23;Feature #24,Check network hardware;Inspect cable connections;Review network driver logs;Monitor packet loss rate
18146,0.522,network_errors,Network Interface Issues,high,Feature #23;Feature #24,Check network hardware;Inspect cable connections;Review network driver logs;Monitor packet loss rate
18147,0.549,network_errors,Network Interface Issues,high,Feature #23;Feature #24,Check network hardware;Inspect cable connections;Review network driver logs;Monitor packet loss rate
18148,0.5289,network_errors,Network Interface Issues,high,Feature #23;Feature #24,Check network hardware;Inspect cable connections;Review network driver logs;Monitor packet loss rate
18149,0.5566,network_errors,Network Interface Issues,high,Feature #23;Feature #24,Check network hardware;Inspect cable connections;Review network driver logs;Monitor packet loss rate
18151,0.5848,network_errors,Network Interface Issues,high,Feature #23;Feature #24,Check network hardware;Inspect cable connections;Review network driver logs;Monitor packet loss rate
18152,0.547,network_errors,Network Interface Issues,high,Feature #23;Feature #24,Check network hardware;Inspect cable connections;Review network driver logs;Monitor packet loss rate
18153,0.5274,network_errors,Network Interface Issues,high,Feature #23;Feature #24,Check network hardware;Inspect cable connections;Review network driver logs;Monitor packet loss rate
18154,0.5515,network_errors,Network Interface Issues,high,Feature #23;Feature #24,Check network hardware;Inspect cable connections;Review network driver logs;Monitor packet loss rate
18156,0.5204,network_errors,Network Interface Issues,high,Feature #23;Feature #24,Check network hardware;Inspect cable connections;Review network driver logs;Monitor packet loss rate
18157,0.5353,network_errors,Network Interface Issues,high,Feature #23;Feature #24,Check network hardware;Inspect cable connections;Review network driver logs;Monitor packet loss rate
18159,0.541,network_errors,Network Interface Issues,high,Feature #23;Feature #24,Check network hardware;Inspect cable connections;Review network driver logs;Monitor packet loss rate
18160,0.5315,network_errors,Network Interface Issues,high,Feature #23;Feature #24,Check network hardware;Inspect cable connections;Review network driver logs;Monitor packet loss rate
19077,0.5371,network_errors,Network Interface Issues,high,Feature #23;Feature #24,Check network hardware;Inspect cable connections;Review network driver logs;Monitor packet loss rate
19079,0.5579,network_errors,Network Interface Issues,high,Feature #23;Feature #24,Check network hardware;Inspect cable connections;Review network driver logs;Monitor packet loss rate
19080,0.549,network_errors,Network Interface Issues,high,Feature #23;Feature #24,Check network hardware;Inspect cable connections;Review network driver logs;Monitor packet loss rate
19081,0.5352,network_errors,Network Interface Issues,high,Feature #23;Feature #24,Check network hardware;Inspect cable connections;Review network driver logs;Monitor packet loss rate
19082,0.5217,network_errors,Network Interface Issues,high,Feature #23;Feature #24,Check network hardware;Inspect cable connections;Review network driver logs;Monitor packet loss rate
19083,0.5209,network_errors,Network Interface Issues,high,Feature #23;Feature #24,Check network hardware;Inspect cable connections;Review network driver logs;Monitor packet loss rate
19084,0.5414,network_errors,Network Interface Issues,high,Feature #23;Feature #24,Check network hardware;Inspect cable connections;Review network driver logs;Monitor packet loss rate
19086,0.5531,network_errors,Network Interface Issues,high,Feature #23;Feature #24,Check network hardware;Inspect cable connections;Review network driver logs;Monitor packet loss rate
19087,0.5415,network_errors,Network Interface Issues,high,Feature #23;Feature #24,Check network hardware;Inspect cable connections;Review network driver logs;Monitor packet loss rate
19088,0.5346,network_errors,Network Interface Issues,high,Feature #23;Feature #24,Check network hardware;Inspect cable connections;Review network driver logs;Monitor packet loss rate
19089,0.5314,network_errors,Network Interface Issues,high,Feature #23;Feature #24,Check network hardware;Inspect cable connections;Review network driver logs;Monitor packet loss rate
19090,0.5301,network_errors,Network Interface Issues,high,Feature #23;Feature #24,Check network hardware;Inspect cable connections;Review network driver logs;Monitor packet loss rate
19091,0.5674,network_errors,Network Interface Issues,high,Feature #23;Feature #24,Check network hardware;Inspect cable connections;Review network driver logs;Monitor packet loss rate
19092,0.5285,network_errors,Network Interface Issues,high,Feature #23;Feature #24,Check network hardware;Inspect cable connections;Review network driver logs;Monitor packet loss rate
19093,0.5258,network_errors,Network Interface Issues,high,Feature #23;Feature #24,Check network hardware;Inspect cable connections;Review network driver logs;Monitor packet loss rate
19094,0.5233,network_errors,Network Interface Issues,high,Feature #23;Feature #24,Check network hardware;Inspect cable connections;Review network driver logs;Monitor packet loss rate
19095,0.5222,network_errors,Network Interface Issues,high,Feature #23;Feature #24,Check network hardware;Inspect cable connections;Review network driver logs;Monitor packet loss rate
19096,0.5312,network_errors,Network Interface Issues,high,Feature #23;Feature #24,Check network hardware;Inspect cable connections;Review network driver logs;Monitor packet loss rate
19097,0.5646,network_errors,Network Interface Issues,high,Feature #23;Feature #24,Check network hardware;Inspect cable connections;Review network driver logs;Monitor packet loss rate
19098,0.5474,network_errors,Network Interface Issues,high,Feature #23;Feature #24,Check network hardware;Inspect cable connections;Review network driver logs;Monitor packet loss rate
19099,0.5714,network_errors,Network Interface Issues,high,Feature #23;Feature #24,Check network hardware;Inspect cable connections;Review network driver logs;Monitor packet loss rate
19100,0.5431,network_errors,Network Interface Issues,high,Feature #23;Feature #24,Check network hardware;Inspect cable connections;Review network driver logs;Monitor packet loss rate
19101,0.5813,network_errors,Network Interface Issues,high,Feature #23;Feature #24,Check network hardware;Inspect cable connections;Review network driver logs;Monitor packet loss rate
19102,0.5437,network_errors,Network Interface Issues,high,Feature #23;Feature #24,Check network hardware;Inspect cable connections;Review network driver logs;Monitor packet loss rate
19103,0.5483,network_errors,Network Interface Issues,high,Feature #23;Feature #24,Check network hardware;Inspect cable connections;Review network driver logs;Monitor packet loss rate
19104,0.6023,network_errors,Network Interface Issues,high,Feature #23;Feature #24,Check network hardware;Inspect cable connections;Review network driver logs;Monitor packet loss rate
19105,0.5542,network_errors,Network Interface Issues,high,Feature #23;Feature #24,Check network hardware;Inspect cable connections;Review network driver logs;Monitor packet loss rate
19106,0.5648,network_errors,Network Interface Issues,high,Feature #23;Feature #24,Check network hardware;Inspect cable connections;Review network driver logs;Monitor packet loss rate
19107,0.5943,network_errors,Network Interface Issues,high,Feature #23;Feature #24,Check network hardware;Inspect cable connections;Review network driver logs;Monitor packet loss rate
19108,0.5973,network_errors,Network Interface Issues,high,Feature #23;Feature #24,Check network hardware;Inspect cable connections;Review network driver logs;Monitor packet loss rate
19109,0.5418,network_errors,Network Interface Issues,high,Feature #23;Feature #24,Check network hardware;Inspect cable connections;Review network driver logs;Monitor packet loss rate
19110,0.5642,network_errors,Network Interface Issues,high,Feature #23;Feature #24,Check network hardware;Inspect cable connections;Review network driver logs;Monitor packet loss rate
19111,0.5482,network_errors,Network Interface Issues,high,Feature #23;Feature #24,Check network hardware;Inspect cable connections;Review network driver logs;Monitor packet loss rate
19112,0.573,network_errors,Network Interface Issues,high,Feature #23;Feature #24,Check network hardware;Inspect cable connections;Review network driver logs;Monitor packet loss rate
19113,0.552,network_errors,Network Interface Issues,high,Feature #23;Feature #24,Check network hardware;Inspect cable connections;Review network driver logs;Monitor packet loss rate
19114,0.5705,network_errors,Network Interface Issues,high,Feature #23;Feature #24,Check network hardware;Inspect cable connections;Review network driver logs;Monitor packet loss rate
19115,0.5529,network_errors,Network Interface Issues,high,Feature #23;Feature #24,Check network hardware;Inspect cable connections;Review network driver logs;Monitor packet loss rate
19116,0.6109,network_errors,Network Interface Issues,high,Feature #23;Feature #24,Check network hardware;Inspect cable connections;Review network driver logs;Monitor packet loss rate
19117,0.5505,network_errors,Network Interface Issues,high,Feature #23;Feature #24,Check network hardware;Inspect cable connections;Review network driver logs;Monitor packet loss rate
19118,0.547,network_errors,Network Interface Issues,high,Feature #23;Feature #24,Check network hardware;Inspect cable connections;Review network driver logs;Monitor packet loss rate
19119,0.5628,network_errors,Network Interface Issues,high,Feature #23;Feature #24,Check network hardware;Inspect cable connections;Review network driver logs;Monitor packet loss rate
19120,0.6115,network_errors,Network Interface Issues,high,Feature #23;Feature #24,Check network hardware;Inspect cable connections;Review network driver logs;Monitor packet loss rate
19121,0.5457,network_errors,Network Interface Issues,high,Feature #23;Feature #24,Check network hardware;Inspect cable connections;Review network driver logs;Monitor packet loss rate
19122,0.5724,network_errors,Network Interface Issues,high,Feature #23;Feature #24,Check network hardware;Inspect cable connections;Review network driver logs;Monitor packet loss rate
19124,0.5254,network_errors,Network Interface Issues,high,Feature #23;Feature #24,Check network hardware;Inspect cable connections;Review network driver logs;Monitor packet loss rate
19125,0.5797,network_errors,Network Interface Issues,high,Feature #23;Feature #24,Check network hardware;Inspect cable connections;Review network driver logs;Monitor packet loss rate
19127,0.5332,network_errors,Network Interface Issues,high,Feature #23;Feature #24,Check network hardware;Inspect cable connections;Review network driver logs;Monitor packet loss rate
20505,0.5336,network_errors,Network Interface Issues,high,Feature #23;Feature #24,Check network hardware;Inspect cable connections;Review network driver logs;Monitor packet loss rate
20511,0.5374,network_errors,Network Interface Issues,high,Feature #23;Feature #24,Check network hardware;Inspect cable connections;Review network driver logs;Monitor packet loss rate
20513,0.5358,network_errors,Network Interface Issues,high,Feature #23;Feature #24,Check network hardware;Inspect cable connections;Review network driver logs;Monitor packet loss rate
20514,0.5686,network_errors,Network Interface Issues,high,Feature #23;Feature #24,Check network hardware;Inspect cable connections;Review network driver logs;Monitor packet loss rate
20515,0.5744,network_errors,Network Interface Issues,high,Feature #23;Feature #24,Check network hardware;Inspect cable connections;Review network driver logs;Monitor packet loss rate
20516,0.5649,network_errors,Network Interface Issues,high,Feature #23;Feature #24,Check network hardware;Inspect cable connections;Review network driver logs;Monitor packet loss rate
20517,0.5238,network_errors,Network Interface Issues,high,Feature #23;Feature #24,Check network hardware;Inspect cable connections;Review network driver logs;Monitor packet loss rate
20519,0.5353,network_errors,Network Interface Issues,high,Feature #23;Feature #24,Check network hardware;Inspect cable connections;Review network driver logs;Monitor packet loss rate
20520,0.5223,network_errors,Network Interface Issues,high,Feature #23;Feature #24,Check network hardware;Inspect cable connections;Review network driver logs;Monitor packet loss rate
20521,0.5363,network_errors,Network Interface Issues,high,Feature #23;Feature #24,Check network hardware;Inspect cable connections;Review network driver logs;Monitor packet loss rate
20522,0.5248,network_errors,Network Interface Issues,high,Feature #23;Feature #24,Check network hardware;Inspect cable connections;Review network driver logs;Monitor packet loss rate
20523,0.534,network_errors,Network Interface Issues,high,Feature #23;Feature #24,Check network hardware;Inspect cable connections;Review network driver logs;Monitor packet loss rate
20524,0.5476,network_errors,Network Interface Issues,high,Feature #23;Feature #24,Check network hardware;Inspect cable connections;Review network driver logs;Monitor packet loss rate
20525,0.552,network_errors,Network Interface Issues,high,Feature #23;Feature #24,Check network hardware;Inspect cable connections;Review network driver logs;Monitor packet loss rate
20526,0.5494,network_errors,Network Interface Issues,high,Feature #23;Feature #24,Check network hardware;Inspect cable connections;Review network driver logs;Monitor packet loss rate
20527,0.5254,network_errors,Network Interface Issues,high,Feature #23;Feature #24,Check network hardware;Inspect cable connections;Review network driver logs;Monitor packet loss rate
20528,0.5408,network_errors,Network Interface Issues,high,Feature #23;Feature #24,Check network hardware;Inspect cable connections;Review network driver logs;Monitor packet loss rate
20529,0.5475,network_errors,Network Interface Issues,high,Feature #23;Feature #24,Check network hardware;Inspect cable connections;Review network driver logs;Monitor packet loss rate
20530,0.531,network_errors,Network Interface Issues,high,Feature #23;Feature #24,Check network hardware;Inspect cable connections;Review network driver logs;Monitor packet loss rate
20531,0.5432,network_errors,Network Interface Issues,high,Feature #23;Feature #24,Check network hardware;Inspect cable connections;Review network driver logs;Monitor packet loss rate
20532,0.5477,network_errors,Network Interface Issues,high,Feature #23;Feature #24,Check network hardware;Inspect cable connections;Review network driver logs;Monitor packet loss rate
20535,0.5365,network_errors,Network Interface Issues,high,Feature #23;Feature #24,Check network hardware;Inspect cable connections;Review network driver logs;Monitor packet loss rate
20536,0.5293,network_errors,Network Interface Issues,high,Feature #23;Feature #24,Check network hardware;Inspect cable connections;Review network driver logs;Monitor packet loss rate
20538,0.5339,network_errors,Network Interface Issues,high,Feature #23;Feature #24,Check network hardware;Inspect cable connections;Review network driver logs;Monitor packet loss rate
20539,0.5221,network_errors,Network Interface Issues,high,Feature #23;Feature #24,Check network hardware;Inspect cable connections;Review network driver logs;Monitor packet loss rate
20540,0.523,network_errors,Network Interface Issues,high,Feature #23;Feature #24,Check network hardware;Inspect cable connections;Review network driver logs;Monitor packet loss rate
20541,0.5558,network_errors,Network Interface Issues,high,Feature #23;Feature #24,Check network hardware;Inspect cable connections;Review network driver logs;Monitor packet loss rate
20542,0.5517,network_errors,Network Interface Issues,high,Feature #23;Feature #24,Check network hardware;Inspect cable connections;Review network driver logs;Monitor packet loss rate
20543,0.5286,network_errors,Network Interface Issues,high,Feature #23;Feature #24,Check network hardware;Inspect cable connections;Review network driver logs;Monitor packet loss rate
20544,0.547,network_errors,Network Interface Issues,high,Feature #23;Feature #24,Check network hardware;Inspect cable connections;Review network driver logs;Monitor packet loss rate
20545,0.5394,network_errors,Network Interface Issues,high,Feature #23;Feature #24,Check network hardware;Inspect cable connections;Review network driver logs;Monitor packet loss rate
20546,0.5559,network_errors,Network Interface Issues,high,Feature #23;Feature #24,Check network hardware;Inspect cable connections;Review network driver logs;Monitor packet loss rate
20547,0.5312,network_errors,Network Interface Issues,high,Feature #23;Feature #24,Check network hardware;Inspect cable connections;Review network driver logs;Monitor packet loss rate
20548,0.5446,network_errors,Network Interface Issues,high,Feature #23;Feature #24,Check network hardware;Inspect cable connections;Review network driver logs;Monitor packet loss rate
20549,0.5578,network_errors,Network Interface Issues,high,Feature #23;Feature #24,Check network hardware;Inspect cable connections;Review network driver logs;Monitor packet loss rate
20550,0.5564,network_errors,Network Interface Issues,high,Feature #23;Feature #24,Check network hardware;Inspect cable connections;Review network driver logs;Monitor packet loss rate
20551,0.5969,network_errors,Network Interface Issues,high,Feature #23;Feature #24,Check network hardware;Inspect cable connections;Review network driver logs;Monitor packet loss rate
20552,0.5544,network_errors,Network Interface Issues,high,Feature #23;Feature #24,Check network hardware;Inspect cable connections;Review network driver logs;Monitor packet loss rate
20553,0.6006,network_errors,Network Interface Issues,high,Feature #23;Feature #24,Check network hardware;Inspect cable connections;Review network driver logs;Monitor packet loss rate
20554,0.5467,network_errors,Network Interface Issues,high,Feature #23;Feature #24,Check network hardware;Inspect cable connections;Review network driver logs;Monitor packet loss rate
20555,0.5654,network_errors,Network Interface Issues,high,Feature #23;Feature #24,Check network hardware;Inspect cable connections;Review network driver logs;Monitor packet loss rate
20556,0.5377,network_errors,Network Interface Issues,high,Feature #23;Feature #24,Check network hardware;Inspect cable connections;Review network driver logs;Monitor packet loss rate
20557,0.5434,network_errors,Network Interface Issues,high,Feature #23;Feature #24,Check network hardware;Inspect cable connections;Review network driver logs;Monitor packet loss rate
20558,0.5392,network_errors,Network Interface Issues,high,Feature #23;Feature #24,Check network hardware;Inspect cable connections;Review network driver logs;Monitor packet loss rate
20559,0.5408,network_errors,Network Interface Issues,high,Feature #23;Feature #24,Check network hardware;Inspect cable connections;Review network driver logs;Monitor packet loss rate
20560,0.5781,network_errors,Network Interface Issues,high,Feature #23;Feature #24,Check network hardware;Inspect cable connections;Review network driver logs;Monitor packet loss rate
20561,0.5479,network_errors,Network Interface Issues,high,Feature #23;Feature #24,Check network hardware;Inspect cable connections;Review network driver logs;Monitor packet loss rate
20562,0.5638,network_errors,Network Interface Issues,high,Feature #23;Feature #24,Check network hardware;Inspect cable connections;Review network driver logs;Monitor packet loss rate
20563,0.5351,network_errors,Network Interface Issues,high,Feature #23;Feature #24,Check network hardware;Inspect cable connections;Review network driver logs;Monitor packet loss rate
20565,0.5368,network_errors,Network Interface Issues,high,Feature #23;Feature #24,Check network hardware;Inspect cable connections;Review network driver logs;Monitor packet loss rate
20566,0.5558,network_errors,Network Interface Issues,high,Feature #23;Feature #24,Check network hardware;Inspect cable connections;Review network driver logs;Monitor packet loss rate
21005,0.5363,network_errors,Network Interface Issues,high,Feature #23;Feature #24,Check network hardware;Inspect cable connections;Review network driver logs;Monitor packet loss rate
21008,0.5204,network_errors,Network Interface Issues,high,Feature #23;Feature #24,Check network hardware;Inspect cable connections;Review network driver logs;Monitor packet loss rate
21010,0.5371,network_errors,Network Interface Issues,high,Feature #23;Feature #24,Check network hardware;Inspect cable connections;Review network driver logs;Monitor packet loss rate
21012,0.576,network_errors,Network Interface Issues,high,Feature #23;Feature #24,Check network hardware;Inspect cable connections;Review network driver logs;Monitor packet loss rate
21013,0.5289,network_errors,Network Interface Issues,high,Feature #23;Feature #24,Check network hardware;Inspect cable connections;Review network driver logs;Monitor packet loss rate
21014,0.5314,network_errors,Network Interface Issues,high,Feature #23;Feature #24,Check network hardware;Inspect cable connections;Review network driver logs;Monitor packet loss rate
21015,0.5381,network_errors,Network Interface Issues,high,Feature #23;Feature #24,Check network hardware;Inspect cable connections;Review network driver logs;Monitor packet loss rate
21018,0.5619,network_errors,Network Interface Issues,high,Feature #23;Feature #24,Check network hardware;Inspect cable connections;Review network driver logs;Monitor packet loss rate
21019,0.5378,network_errors,Network Interface Issues,high,Feature #23;Feature #24,Check network hardware;Inspect cable connections;Review network driver logs;Monitor packet loss rate
21020,0.574,network_errors,Network Interface Issues,high,Feature #23;Feature #24,Check network hardware;Inspect cable connections;Review network driver logs;Monitor packet loss rate
21023,0.5363,network_errors,Network Interface Issues,high,Feature #23;Feature #24,Check network hardware;Inspect cable connections;Review network driver logs;Monitor packet loss rate
21026,0.5256,network_errors,Network Interface Issues,high,Feature #23;Feature #24,Check network hardware;Inspect cable connections;Review network driver logs;Monitor packet loss rate
21030,0.5339,network_errors,Network Interface Issues,high,Feature #23;Feature #24,Check network hardware;Inspect cable connections;Review network driver logs;Monitor packet loss rate
21032,0.5202,network_errors,Network Interface Issues,high,Feature #23;Feature #24,Check network hardware;Inspect cable connections;Review network driver logs;Monitor packet loss rate
21033,0.558,network_errors,Network Interface Issues,high,Feature #23;Feature #24,Check network hardware;Inspect cable connections;Review network driver logs;Monitor packet loss rate
21036,0.5386,network_errors,Network Interface Issues,high,Feature #23;Feature #24,Check network hardware;Inspect cable connections;Review network driver logs;Monitor packet loss rate
21039,0.5346,network_errors,Network Interface Issues,high,Feature #23;Feature #24,Check network hardware;Inspect cable connections;Review network driver logs;Monitor packet loss rate
21944,0.539,network_errors,Network Interface Issues,high,Feature #23;Feature #24,Check network hardware;Inspect cable connections;Review network driver logs;Monitor packet loss rate
21946,0.5421,network_errors,Network Interface Issues,high,Feature #23;Feature #24,Check network hardware;Inspect cable connections;Review network driver logs;Monitor packet loss rate
21947,0.5321,network_errors,Network Interface Issues,high,Feature #23;Feature #24,Check network hardware;Inspect cable connections;Review network driver logs;Monitor packet loss rate
21949,0.55,network_errors,Network Interface Issues,high,Feature #23;Feature #24,Check network hardware;Inspect cable connections;Review network driver logs;Monitor packet loss rate
21951,0.5598,network_errors,Network Interface Issues,high,Feature #23;Feature #24,Check network hardware;Inspect cable connections;Review network driver logs;Monitor packet loss rate
21952,0.53,network_errors,Network Interface Issues,high,Feature #23;Feature #24,Check network hardware;Inspect cable connections;Review network driver logs;Monitor packet loss rate
21956,0.5724,network_errors,Network Interface Issues,high,Feature #23;Feature #24,Check network hardware;Inspect cable connections;Review network driver logs;Monitor packet loss rate
21958,0.5678,network_errors,Network Interface Issues,high,Feature #23;Feature #24,Check network hardware;Inspect cable connections;Review network driver logs;Monitor packet loss rate
21959,0.5803,network_errors,Network Interface Issues,high,Feature #23;Feature #24,Check network hardware;Inspect cable connections;Review network driver logs;Monitor packet loss rate
21961,0.5673,network_errors,Network Interface Issues,high,Feature #23;Feature #24,Check network hardware;Inspect cable connections;Review network driver logs;Monitor packet loss rate
21962,0.5692,network_errors,Network Interface Issues,high,Feature #23;Feature #24,Check network hardware;Inspect cable connections;Review network driver logs;Monitor packet loss rate
21963,0.5562,network_errors,Network Interface Issues,high,Feature #23;Feature #24,Check network hardware;Inspect cable connections;Review network driver logs;Monitor packet loss rate
21964,0.569,network_errors,Network Interface Issues,high,Feature #23;Feature #24,Check network hardware;Inspect cable connections;Review network driver logs;Monitor packet loss rate
21965,0.5786,network_errors,Network Interface Issues,high,Feature #23;Feature #24,Check network hardware;Inspect cable connections;Review network driver logs;Monitor packet loss rate
21966,0.5239,network_errors,Network Interface Issues,high,Feature #23;Feature #24,Check network hardware;Inspect cable connections;Review network driver logs;Monitor packet loss rate
21968,0.5799,network_errors,Network Interface Issues,high,Feature #23;Feature #24,Check network hardware;Inspect cable connections;Review network driver logs;Monitor packet loss rate
21969,0.585,network_errors,Network Interface Issues,high,Feature #23;Feature #24,Check network hardware;Inspect cable connections;Review network driver logs;Monitor packet loss rate
21970,0.5241,network_errors,Network Interface Issues,high,Feature #23;Feature #24,Check network hardware;Inspect cable connections;Review network driver logs;Monitor packet loss rate
21971,0.6006,network_errors,Network Interface Issues,high,Feature #23;Feature #24,Check network hardware;Inspect cable connections;Review network driver logs;Monitor packet loss rate
21972,0.5319,network_errors,Network Interface Issues,high,Feature #23;Feature #24,Check network hardware;Inspect cable connections;Review network driver logs;Monitor packet loss rate
21973,0.5777,network_errors,Network Interface Issues,high,Feature #23;Feature #24,Check network hardware;Inspect cable connections;Review network driver logs;Monitor packet loss rate
21974,0.5344,network_errors,Network Interface Issues,high,Feature #23;Feature #24,Check network hardware;Inspect cable connections;Review network driver logs;Monitor packet loss rate
21975,0.5866,network_errors,Network Interface Issues,high,Feature #23;Feature #24,Check network hardware;Inspect cable connections;Review network driver logs;Monitor packet loss rate
21976,0.59,network_errors,Network Interface Issues,high,Feature #23;Feature #24,Check network hardware;Inspect cable connections;Review network driver logs;Monitor packet loss rate
21977,0.5859,network_errors,Network Interface Issues,high,Feature #23;Feature #24,Check network hardware;Inspect cable connections;Review network driver logs;Monitor packet loss rate
21978,0.5605,network_errors,Network Interface Issues,high,Feature #23;Feature #24,Check network hardware;Inspect cable connections;Review network driver logs;Monitor packet loss rate
21979,0.5583,network_errors,Network Interface Issues,high,Feature #23;Feature #24,Check network hardware;Inspect cable connections;Review network driver logs;Monitor packet loss rate
21980,0.6141,network_errors,Network Interface Issues,high,Feature #23;Feature #24,Check network hardware;Inspect cable connections;Review network driver logs;Monitor packet loss rate
21981,0.5663,network_errors,Network Interface Issues,high,Feature #23;Feature #24,Check network hardware;Inspect cable connections;Review network driver logs;Monitor packet loss rate
21982,0.606,network_errors,Network Interface Issues,high,Feature #23;Feature #24,Check network hardware;Inspect cable connections;Review network driver logs;Monitor packet loss rate
21983,0.5677,network_errors,Network Interface Issues,high,Feature #23;Feature #24,Check network hardware;Inspect cable connections;Review network driver logs;Monitor packet loss rate
21984,0.5768,network_errors,Network Interface Issues,high,Feature #23;Feature #24,Check network hardware;Inspect cable connections;Review network driver logs;Monitor packet loss rate
21985,0.6009,network_errors,Network Interface Issues,high,Feature #23;Feature #24,Check network hardware;Inspect cable connections;Review network driver logs;Monitor packet loss rate
21986,0.6112,network_errors,Network Interface Issues,high,Feature #23;Feature #24,Check network hardware;Inspect cable connections;Review network driver logs;Monitor packet loss rate
21987,0.5795,network_errors,Network Interface Issues,high,Feature #23;Feature #24,Check network hardware;Inspect cable connections;Review network driver logs;Monitor packet loss rate
21988,0.6221,network_errors,Network Interface Issues,high,Feature #23;Feature #24,Check network hardware;Inspect cable connections;Review network driver logs;Monitor packet loss rate
21989,0.6073,network_errors,Network Interface Issues,high,Feature #23;Feature #24,Check network hardware;Inspect cable connections;Review network driver logs;Monitor packet loss rate
21990,0.6178,network_errors,Network Interface Issues,high,Feature #23;Feature #24,Check network hardware;Inspect cable connections;Review network driver logs;Monitor packet loss rate
21991,0.5635,network_errors,Network Interface Issues,high,Feature #23;Feature #24,Check network hardware;Inspect cable connections;Review network driver logs;Monitor packet loss rate
21992,0.6008,network_errors,Network Interface Issues,high,Feature #23;Feature #24,Check network hardware;Inspect cable connections;Review network driver logs;Monitor packet loss rate
21993,0.5733,network_errors,Network Interface Issues,high,Feature #23;Feature #24,Check network hardware;Inspect cable connections;Review network driver logs;Monitor packet loss rate
21994,0.6176,network_errors,Network Interface Issues,high,Feature #23;Feature #24,Check network hardware;Inspect cable connections;Review network driver logs;Monitor packet loss rate
21995,0.5736,network_errors,Network Interface Issues,high,Feature #23;Feature #24,Check network hardware;Inspect cable connections;Review network driver logs;Monitor packet loss rate
21996,0.5596,network_errors,Network Interface Issues,high,Feature #23;Feature #24,Check network hardware;Inspect cable connections;Review network driver logs;Monitor packet loss rate
21997,0.6128,network_errors,Network Interface Issues,high,Feature #23;Feature #24,Check network hardware;Inspect cable connections;Review network driver logs;Monitor packet loss rate
21998,0.5913,network_errors,Network Interface Issues,high,Feature #23;Feature #24,Check network hardware;Inspect cable connections;Review network driver logs;Monitor packet loss rate
21999,0.5529,network_errors,Network Interface Issues,high,Feature #23;Feature #24,Check network hardware;Inspect cable connections;Review network driver logs;Monitor packet loss rate
22000,0.6116,network_errors,Network Interface Issues,high,Feature #23;Feature #24,Check network hardware;Inspect cable connections;Review network driver logs;Monitor packet loss rate
22001,0.5691,network_errors,Network Interface Issues,high,Feature #23;Feature #24,Check network hardware;Inspect cable connections;Review network driver logs;Monitor packet loss rate
22002,0.5452,network_errors,Network Interface Issues,high,Feature #23;Feature #24,Check network hardware;Inspect cable connections;Review network driver logs;Monitor packet loss rate
22003,0.5422,network_errors,Network Interface Issues,high,Feature #23;Feature #24,Check network hardware;Inspect cable connections;Review network driver logs;Monitor packet loss rate
22004,0.5739,network_errors,Network Interface Issues,high,Feature #23;Feature #24,Check network hardware;Inspect cable connections;Review network driver logs;Monitor packet loss rate
22478,0.5245,network_errors,Network Interface Issues,high,Feature #23;Feature #24,Check network hardware;Inspect cable connections;Review network driver logs;Monitor packet loss rate
23365,0.5245,network_errors,Network Interface Issues,high,Feature #23;Feature #24,Check network hardware;Inspect cable connections;Review network driver logs;Monitor packet loss rate
23391,0.5247,network_errors,Network Interface Issues,high,Feature #23;Feature #24,Check network hardware;Inspect cable connections;Review network driver logs;Monitor packet loss rate
23393,0.5384,network_errors,Network Interface Issues,high,Feature #23;Feature #24,Check network hardware;Inspect cable connections;Review network driver logs;Monitor packet loss rate
23394,0.5552,network_errors,Network Interface Issues,high,Feature #23;Feature #24,Check network hardware;Inspect cable connections;Review network driver logs;Monitor packet loss rate
23397,0.576,network_errors,Network Interface Issues,high,Feature #23;Feature #24,Check network hardware;Inspect cable connections;Review network driver logs;Monitor packet loss rate
23398,0.555,network_errors,Network Interface Issues,high,Feature #23;Feature #24,Check network hardware;Inspect cable connections;Review network driver logs;Monitor packet loss rate
23399,0.5277,network_errors,Network Interface Issues,high,Feature #23;Feature #24,Check network hardware;Inspect cable connections;Review network driver logs;Monitor packet loss rate
23400,0.5589,network_errors,Network Interface Issues,high,Feature #23;Feature #24,Check network hardware;Inspect cable connections;Review network driver logs;Monitor packet loss rate
23401,0.5524,network_errors,Network Interface Issues,high,Feature #23;Feature #24,Check network hardware;Inspect cable connections;Review network driver logs;Monitor packet loss rate
23403,0.5579,network_errors,Network Interface Issues,high,Feature #23;Feature #24,Check network hardware;Inspect cable connections;Review network driver logs;Monitor packet loss rate
23413,0.5311,network_errors,Network Interface Issues,high,Feature #23;Feature #24,Check network hardware;Inspect cable connections;Review network driver logs;Monitor packet loss rate
23414,0.5354,network_errors,Network Interface Issues,high,Feature #23;Feature #24,Check network hardware;Inspect cable connections;Review network driver logs;Monitor packet loss rate
23416,0.5647,network_errors,Network Interface Issues,high,Feature #23;Feature #24,Check network hardware;Inspect cable connections;Review network driver logs;Monitor packet loss rate
23417,0.5467,network_errors,Network Interface Issues,high,Feature #23;Feature #24,Check network hardware;Inspect cable connections;Review network driver logs;Monitor packet loss rate
23419,0.5215,network_errors,Network Interface Issues,high,Feature #23;Feature #24,Check network hardware;Inspect cable connections;Review network driver logs;Monitor packet loss rate
23422,0.5249,network_errors,Network Interface Issues,high,Feature #23;Feature #24,Check network hardware;Inspect cable connections;Review network driver logs;Monitor packet loss rate
23425,0.5513,network_errors,Network Interface Issues,high,Feature #23;Feature #24,Check network hardware;Inspect cable connections;Review network driver logs;Monitor packet loss rate
23426,0.5459,network_errors,Network Interface Issues,high,Feature #23;Feature #24,Check network hardware;Inspect cable connections;Review network driver logs;Monitor packet loss rate
23435,0.5302,network_errors,Network Interface Issues,high,Feature #23;Feature #24,Check network hardware;Inspect cable connections;Review network driver logs;Monitor packet loss rate
