row,anomaly_score,fault_id,fault_name,severity,affected_features,recommendations
359,0.5356,network_errors,Network Interface Issues,high,Feature #23;Feature #24,Check network hardware;Inspect cable connections;Review network driver logs;Monitor packet loss rate
362,0.5432,network_errors,Network Interface Issues,high,Feature #23;Feature #24,Check network hardware;Inspect cable connections;Review network driver logs;Monitor packet loss rate
364,0.5597,network_errors,Network Interface Issues,high,Feature #23;Feature #24,Check network hardware;Inspect cable connections;Review network driver logs;Monitor packet loss rate
368,0.5573,network_errors,Network Interface Issues,high,Feature #23;Feature #24,Check network hardware;Inspect cable connections;Review network driver logs;Monitor packet loss rate
369,0.5336,network_errors,Network Interface Issues,high,Feature #23;Feature #24,Check network hardware;Inspect cable connections;Review network driver logs;Monitor packet loss rate
370,0.6011,network_errors,Network Interface Issues,high,Feature #23;Feature #24,Check network hardware;Inspect cable connections;Review network driver logs;Monitor packet loss rate
371,0.5621,network_errors,Network Interface Issues,high,Feature #23;Feature #24,Check network hardware;Inspect cable connections;Review network driver logs;Monitor packet loss rate
372,0.5413,network_errors,Network Interface Issues,high,Feature #23;Feature #24,Check network hardware;Inspect cable connections;Review network driver logs;Monitor packet loss rate
373,0.5856,network_errors,Network Interface Issues,high,Feature #23;Feature #24,Check network hardware;Inspect cable connections;Review network driver logs;Monitor packet loss rate
374,0.5264,network_errors,Network Interface Issues,high,Feature #23;Feature #24,Check network hardware;Inspect cable connections;Review network driver logs;Monitor packet loss rate
375,0.5999,network_errors,Network Interface Issues,high,Feature #23;Feature #24,Check network hardware;Inspect cable connections;Review network driver logs;Monitor packet loss rate
376,0.5485,network_errors,Network Interface Issues,high,Feature #23;Feature #24,Check network hardware;Inspect cable connections;Review network driver logs;Monitor packet loss rate
377,0.5892,network_errors,Network Interface Issues,high,Feature #23;Feature #24,Check network hardware;Inspect cable connections;Review network driver logs;Monitor packet loss rate
378,0.5978,network_errors,Network Interface Issues,high,Feature #23;Feature #24,Check network hardware;Inspect cable connections;Review network driver logs;Monitor packet loss rate
379,0.5987,network_errors,Network Interface Issues,high,Feature #23;Feature #24,Check network hardware;Inspect cable connections;Review network driver logs;Monitor packet loss rate
380,0.5316,network_errors,Network Interface Issues,high,Feature #23;Feature #24,Check network hardware;Inspect cable connections;Review network driver logs;Monitor packet loss rate
381,0.5329,network_errors,Network Interface Issues,high,Feature #23;Feature #24,Check network hardware;Inspect cable connections;Review network driver logs;Monitor packet loss rate
382,0.542,network_errors,Network Interface Issues,high,Feature #23;Feature #24,Check network hardware;Inspect cable connections;Review network driver logs;Monitor packet loss rate
383,0.5261,network_errors,Network Interface Issues,high,Feature #23;Feature #24,Check network hardware;Inspect cable connections;Review network driver logs;Monitor packet loss rate
384,0.5357,network_errors,Network Interface Issues,high,Feature #23;Feature #24,Check network hardware;Inspect cable connections;Review network driver logs;Monitor packet loss rate
385,0.5745,network_errors,Network Interface Issues,high,Feature #23;Feature #24,Check network hardware;Inspect cable connections;Review network driver logs;Monitor packet loss rate
386,0.5933,network_errors,Network Interface Issues,high,Feature #23;Feature #24,Check network hardware;Inspect cable connections;Review network driver logs;Monitor packet loss rate
387,0.5935,network_errors,Network Interface Issues,high,Feature #23;Feature #24,Check network hardware;Inspect cable connections;Review network driver logs;Monitor packet loss rate
388,0.5564,network_errors,Network Interface Issues,high,Feature #23;Feature #24,Check network hardware;Inspect cable connections;Review network driver logs;Monitor packet loss rate
389,0.5666,network_errors,Network Interface Issues,high,Feature #23;Feature #24,Check network hardware;Inspect cable connections;Review network driver logs;Monitor packet loss rate
390,0.5934,network_errors,Network Interface Issues,high,Feature #23;Feature #24,Check network hardware;Inspect cable connections;Review network driver logs;Monitor packet loss rate
391,0.5587,network_errors,Network Interface Issues,high,Feature #23;Feature #24,Check network hardware;Inspect cable connections;Review network driver logs;Monitor packet loss rate
392,0.5591,network_errors,Network Interface Issues,high,Feature #23;Feature #24,Check network hardware;Inspect cable connections;Review network driver logs;Monitor packet loss rate
393,0.5601,network_errors,Network Interface Issues,high,Feature #23;Feature #24,Check network hardware;Inspect cable connections;Review network driver logs;Monitor packet loss rate
394,0.5658,network_errors,Network Interface Issues,high,Feature #23;Feature #24,Check network hardware;Inspect cable connections;Review network driver logs;Monitor packet loss rate
395,0.5743,network_errors,Network Interface Issues,high,Feature #23;Feature #24,Check network hardware;Inspect cable connections;Review network driver logs;Monitor packet loss rate
396,0.5574,network_errors,Network Interface Issues,high,Feature #23;Feature #24,Check network hardware;Inspect cable connections;Review network driver logs;Monitor packet loss rate
397,0.5585,network_errors,Network Interface Issues,high,Feature #23;Feature #24,Check network hardware;Inspect cable connections;Review network driver logs;Monitor packet loss rate
398,0.5735,network_errors,Network Interface Issues,high,Feature #23;Feature #24,Check network hardware;Inspect cable connections;Review network driver logs;Monitor packet loss rate
399,0.5636,network_errors,Network Interface Issues,high,Feature #23;Feature #24,Check network hardware;Inspect cable connections;Review network driver logs;Monitor packet loss rate
400,0.5329,network_errors,Network Interface Issues,high,Feature #23;Feature #24,Check network hardware;Inspect cable connections;Review network driver logs;Monitor packet loss rate
401,0.5683,network_errors,Network Interface Issues,high,Feature #23;Feature #24,Check network hardware;Inspect cable connections;Review network driver logs;Monitor packet loss rate
402,0.5592,network_errors,Network Interface Issues,high,Feature #23;Feature #24,Check network hardware;Inspect cable connections;Review network driver logs;Monitor packet loss rate
403,0.5538,network_errors,Network Interface Issues,high,Feature #23;Feature #24,Check network hardware;Inspect cable connections;Review network driver logs;Monitor packet loss rate
404,0.5502,network_errors,Network Interface Issues,high,Feature #23;Feature #24,Check network hardware;Inspect cable connections;Review network driver logs;Monitor packet loss rate
405,0.5453,network_errors,Network Interface Issues,high,Feature #23;Feature #24,Check network hardware;Inspect cable connections;Review network driver logs;Monitor packet loss rate
406,0.5485,network_errors,Network Interface Issues,high,Feature #23;Feature #24,Check network hardware;Inspect cable connections;Review network driver logs;Monitor packet loss rate
1760,0.5212,network_errors,Network Interface Issues,high,Feature #23;Feature #24,Check network hardware;Inspect cable connections;Review network driver logs;Monitor packet loss rate
1772,0.5516,network_errors,Network Interface Issues,high,Feature #23;Feature #24,Check network hardware;Inspect cable connections;Review network driver logs;Monitor packet loss rate
1774,0.5321,network_errors,Network Interface Issues,high,Feature #23;Feature #24,Check network hardware;Inspect cable connections;Review network driver logs;Monitor packet loss rate
1777,0.5766,network_errors,Network Interface Issues,high,Feature #23;Feature #24,Check network hardware;Inspect cable connections;Review network driver logs;Monitor packet loss rate
1778,0.5451,network_errors,Network Interface Issues,high,Feature #23;Feature #24,Check network hardware;Inspect cable connections;Review network driver logs;Monitor packet loss rate
1779,0.521,network_errors,Network Interface Issues,high,Feature #23;Feature #24,Check network hardware;Inspect cable connections;Review network driver logs;Monitor packet loss rate
1780,0.5771,network_errors,Network Interface Issues,high,Feature #23;Feature #24,Check network hardware;Inspect cable connections;Review network driver logs;Monitor packet loss rate
1781,0.5244,network_errors,Network Interface Issues,high,Feature #23;Feature #24,Check network hardware;Inspect cable connections;Review network driver logs;Monitor packet loss rate
1782,0.5899,network_errors,Network Interface Issues,high,Feature #23;Feature #24,Check network hardware;Inspect cable connections;Review network driver logs;Monitor packet loss rate
1783,0.5295,network_errors,Network Interface Issues,high,Feature #23;Feature #24,Check network hardware;Inspect cable connections;Review network driver logs;Monitor packet loss rate
1785,0.5295,network_errors,Network Interface Issues,high,Feature #23;Feature #24,Check network hardware;Inspect cable connections;Review network driver logs;Monitor packet loss rate
1786,0.5293,network_errors,Network Interface Issues,high,Feature #23;Feature #24,Check network hardware;Inspect cable connections;Review network driver logs;Monitor packet loss rate
1787,0.5386,network_errors,Network Interface Issues,high,Feature #23;Feature #24,Check network hardware;Inspect cable connections;Review network driver logs;Monitor packet loss rate
1788,0.5297,network_errors,Network Interface Issues,high,Feature #23;Feature #24,Check network hardware;Inspect cable connections;Review network driver logs;Monitor packet loss rate
1789,0.5875,network_errors,Network Interface Issues,high,Feature #23;Feature #24,Check network hardware;Inspect cable connections;Review network driver logs;Monitor packet loss rate
1790,0.5336,network_errors,Network Interface Issues,high,Feature #23;Feature #24,Check network hardware;Inspect cable connections;Review network driver logs;Monitor packet loss rate
1791,0.5852,network_errors,Network Interface Issues,high,Feature #23;Feature #24,Check network hardware;Inspect cable connections;Review network driver logs;Monitor packet loss rate
1792,0.5248,network_errors,Network Interface Issues,high,Feature #23;Feature #24,Check network hardware;Inspect cable connections;Review network driver logs;Monitor packet loss rate
1793,0.5887,network_errors,Network Interface Issues,high,Feature #23;Feature #24,Check network hardware;Inspect cable connections;Review network driver logs;Monitor packet loss rate
1794,0.5848,network_errors,Network Interface Issues,high,Feature #23;Feature #24,Check network hardware;Inspect cable connections;Review network driver logs;Monitor packet loss rate
1795,0.553,network_errors,Network Interface Issues,high,Feature #23;Feature #24,Check network hardware;Inspect cable connections;Review network driver logs;Monitor packet loss rate
1796,0.594,network_errors,Network Interface Issues,high,Feature #23;Feature #24,Check network hardware;Inspect cable connections;Review network driver logs;Monitor packet loss rate
1797,0.5269,network_errors,Network Interface Issues,high,Feature #23;Feature #24,Check network hardware;Inspect cable connections;Review network driver logs;Monitor packet loss rate
1798,0.5886,network_errors,Network Interface Issues,high,Feature #23;Feature #24,Check network hardware;Inspect cable connections;Review network driver logs;Monitor packet loss rate
1799,0.5613,network_errors,Network Interface Issues,high,Feature #23;Feature #24,Check network hardware;Inspect cable connections;Review network driver logs;Monitor packet loss rate
1800,0.5763,network_errors,Network Interface Issues,high,Feature #23;Feature #24,Check network hardware;Inspect cable connections;Review network driver logs;Monitor packet loss rate
1802,0.5407,network_errors,Network Interface Issues,high,Feature #23;Feature #24,Check network hardware;Inspect cable connections;Review network driver logs;Monitor packet loss rate
1803,0.5888,network_errors,Network Interface Issues,high,Feature #23;Feature #24,Check network hardware;Inspect cable connections;Review network driver logs;Monitor packet loss rate
1804,0.5214,network_errors,Network Interface Issues,high,Feature #23;Feature #24,Check network hardware;Inspect cable connections;Review network driver logs;Monitor packet loss rate
1805,0.5608,network_errors,Network Interface Issues,high,Feature #23;Feature #24,Check network hardware;Inspect cable connections;Review network driver logs;Monitor packet loss rate
1806,0.5562,network_errors,Network Interface Issues,high,Feature #23;Feature #24,Check network hardware;Inspect cable connections;Review network driver logs;Monitor packet loss rate
1807,0.6057,network_errors,Network Interface Issues,high,Feature #23;Feature #24,Check network hardware;Inspect cable connections;Review network driver logs;Monitor packet loss rate
1809,0.5697,network_errors,Network Interface Issues,high,Feature #23;Feature #24,Check network hardware;Inspect cable connections;Review network driver logs;Monitor packet loss rate
1810,0.5349,network_errors,Network Interface Issues,high,Feature #23;Feature #24,Check network hardware;Inspect cable connections;Review network driver logs;Monitor packet loss rate
1811,0.5876,network_errors,Network Interface Issues,high,Feature #23;Feature #24,Check network hardware;Inspect cable connections;Review network driver logs;Monitor packet loss rate
1812,0.5856,network_errors,Network Interface Issues,high,Feature #23;Feature #24,Check network hardware;Inspect cable connections;Review network driver logs;Monitor packet loss rate
1813,0.5594,network_errors,Network Interface Issues,high,Feature #23;Feature #24,Check network hardware;Inspect cable connections;Review network driver logs;Monitor packet loss rate
1814,0.558,network_errors,Network Interface Issues,high,Feature #23;Feature #24,Check network hardware;Inspect cable connections;Review network driver logs;Monitor packet loss rate
1815,0.5488,network_errors,Network Interface Issues,high,Feature #23;Feature #24,Check network hardware;Inspect cable connections;Review network driver logs;Monitor packet loss rate
1816,0.5575,network_errors,Network Interface Issues,high,Feature #23;Feature #24,Check network hardware;Inspect cable connections;Review network driver logs;Monitor packet loss rate
1817,0.56,network_errors,Network Interface Issues,high,Feature #23;Feature #24,Check network hardware;Inspect cable connections;Review network driver logs;Monitor packet loss rate
1818,0.5614,network_errors,Network Interface Issues,high,Feature #23;Feature #24,Check network hardware;Inspect cable connections;Review network driver logs;Monitor packet loss rate
1819,0.5298,network_errors,Network Interface Issues,high,Feature #23;Feature #24,Check network hardware;Inspect cable connections;Review network driver logs;Monitor packet loss rate
1820,0.5624,network_errors,Network Interface Issues,high,Feature #23;Feature #24,Check network hardware;Inspect cable connections;Review network driver logs;Monitor packet loss rate
1821,0.5876,network_errors,Network Interface Issues,high,Feature #23;Feature #24,Check network hardware;Inspect cable connections;Review network driver logs;Monitor packet loss rate
1822,0.5708,network_errors,Network Interface Issues,high,Feature #23;Feature #24,Check network hardware;Inspect cable connections;Review network driver logs;Monitor packet loss rate
1823,0.5305,network_errors,Network Interface Issues,high,Feature #23;Feature #24,Check network hardware;Inspect cable connections;Review network driver logs;Monitor packet loss rate
1824,0.5276,network_errors,Network Interface Issues,high,Feature #23;Feature #24,Check network hardware;Inspect cable connections;Review network driver logs;Monitor packet loss rate
1826,0.5583,network_errors,Network Interface Issues,high,Feature #23;Feature #24,Check network hardware;Inspect cable connections;Review network driver logs;Monitor packet loss rate
2284,0.526,network_errors,Network Interface Issues,high,Feature #23;Feature #24,Check network hardware;Inspect cable connections;Review network driver logs;Monitor packet loss rate
5141,0.5404,network_errors,Network Interface Issues,high,Feature #23;Feature #24,Check network hardware;Inspect cable connections;Review network driver logs;Monitor packet loss rate
5143,0.5505,network_errors,Network Interface Issues,high,Feature #23;Feature #24,Check network hardware;Inspect cable connections;Review network driver logs;Monitor packet loss rate
5144,0.5237,network_errors,Network Interface Issues,high,Feature #23;Feature #24,Check network hardware;Inspect cable connections;Review network driver logs;Monitor packet loss rate
6090,0.5307,network_errors,Network Interface Issues,high,Feature #23;Feature #24,Check network hardware;Inspect cable connections;Review network driver logs;Monitor packet loss rate
6092,0.5388,network_errors,Network Interface Issues,high,Feature #23;Feature #24,Check network hardware;Inspect cable connections;Review network driver logs;Monitor packet loss rate
6093,0.546,network_errors,Network Interface Issues,high,Feature #23;Feature #24,Check network hardware;Inspect cable connections;Review network driver logs;Monitor packet loss rate
6094,0.525,network_errors,Network Interface Issues,high,Feature #23;Feature #24,Check network hardware;Inspect cable connections;Review network driver logs;Monitor packet loss rate
6095,0.5207,network_errors,Network Interface Issues,high,Feature #23;Feature #24,Check network hardware;Inspect cable connections;Review network driver logs;Monitor packet loss rate
6096,0.5368,network_errors,Network Interface Issues,high,Feature #23;Feature #24,Check network hardware;Inspect cable connections;Review network driver logs;Monitor packet loss rate
6097,0.5547,network_errors,Network Interface Issues,high,Feature #23;Feature #24,Check network hardware;Inspect cable connections;Review network driver logs;Monitor packet loss rate
6098,0.5497,network_errors,Network Interface Issues,high,Feature #23;Feature #24,Check network hardware;Inspect cable connections;Review network driver logs;Monitor packet loss rate
6099,0.5555,network_errors,Network Interface Issues,high,Feature #23;Feature #24,Check network hardware;Inspect cable connections;Review network driver logs;Monitor packet loss rate
6100,0.5509,network_errors,Network Interface Issues,high,Feature #23;Feature #24,Check network hardware;Inspect cable connections;Review network driver logs;Monitor packet loss rate
6101,0.5786,network_errors,Network Interface Issues,high,Feature #23;Feature #24,Check network hardware;Inspect cable connections;Review network driver logs;Monitor packet loss rate
6102,0.5269,network_errors,Network Interface Issues,high,Feature #23;Feature #24,Check network hardware;Inspect cable connections;Review network driver logs;Monitor packet loss rate
6103,0.5727,network_errors,Network Interface Issues,high,Feature #23;Feature #24,Check network hardware;Inspect cable connections;Review network driver logs;Monitor packet loss rate
6104,0.5448,network_errors,Network Interface Issues,high,Feature #23;Feature #24,Check network hardware;Inspect cable connections;Review network driver logs;Monitor packet loss rate
6105,0.5422,network_errors,Network Interface Issues,high,Feature #23;Feature #24,Check network hardware;Inspect cable connections;Review network driver logs;Monitor packet loss rate
6106,0.5876,network_errors,Network Interface Issues,high,Feature #23;Feature #24,Check network hardware;Inspect cable connections;Review network driver logs;Monitor packet loss rate
6107,0.5355,network_errors,Network Interface Issues,high,Feature #23;Feature #24,Check network hardware;Inspect cable connections;Review network driver logs;Monitor packet loss rate
6108,0.5497,network_errors,Network Interface Issues,high,Feature #23;Feature #24,Check network hardware;Inspect cable connections;Review network driver logs;Monitor packet loss rate
6109,0.5647,network_errors,Network Interface Issues,high,Feature #23;Feature #24,Check network hardware;Inspect cable connections;Review network driver logs;Monitor packet loss rate
6110,0.5486,network_errors,Network Interface Issues,high,Feature #23;Feature #24,Check network hardware;Inspect cable connections;Review network driver logs;Monitor packet loss rate
6111,0.5892,network_errors,Network Interface Issues,high,Feature #23;Feature #24,Check network hardware;Inspect cable connections;Review network driver logs;Monitor packet loss rate
6112,0.5459,network_errors,Network Interface Issues,high,Feature #23;Feature #24,Check network hardware;Inspect cable connections;Review network driver logs;Monitor packet loss rate
6113,0.5712,network_errors,Network Interface Issues,high,Feature #23;Feature #24,Check network hardware;Inspect cable connections;Review network driver logs;Monitor packet loss rate
6114,0.5254,network_errors,Network Interface Issues,high,Feature #23;Feature #24,Check network hardware;Inspect cable connections;Review network driver logs;Monitor packet loss rate
6115,0.5645,network_errors,Network Interface Issues,high,Feature #23;Feature #24,Check network hardware;Inspect cable connections;Review network driver logs;Monitor packet loss rate
6116,0.581,network_errors,Network Interface Issues,high,Feature #23;Feature #24,Check network hardware;Inspect cable connections;Review network driver logs;Monitor packet loss rate
6117,0.6188,network_errors,Network Interface Issues,high,Feature #23;Feature #24,Check network hardware;Inspect cable connections;Review network driver logs;Monitor packet loss rate
6118,0.5696,network_errors,Network Interface Issues,high,Feature #23;Feature #24,Check network hardware;Inspect cable connections;Review network driver logs;Monitor packet loss rate
6119,0.5594,network_errors,Network Interface Issues,high,Feature #23;Feature #24,Check network hardware;Inspect cable connections;Review network driver logs;Monitor packet loss rate
6120,0.581,network_errors,Network Interface Issues,high,Feature #23;Feature #24,Check network hardware;Inspect cable connections;Review network driver logs;Monitor packet loss rate
6121,0.5493,network_errors,Network Interface Issues,high,Feature #23;Feature #24,Check network hardware;Inspect cable connections;Review network driver logs;Monitor packet loss rate
6122,0.5786,network_errors,Network Interface Issues,high,Feature #23;Feature #24,Check network hardware;Inspect cable connections;Review network driver logs;Monitor packet loss rate
6123,0.533,network_errors,Network Interface Issues,high,Feature #23;Feature #24,Check network hardware;Inspect cable connections;Review network driver logs;Monitor packet loss rate
6124,0.5624,network_errors,Network Interface Issues,high,Feature #23;Feature #24,Check network hardware;Inspect cable connections;Review network driver logs;Monitor packet loss rate
6125,0.5709,network_errors,Network Interface Issues,high,Feature #23;Feature #24,Check network hardware;Inspect cable connections;Review network driver logs;Monitor packet loss rate
6126,0.5759,network_errors,Network Interface Issues,high,Feature #23;Feature #24,Check network hardware;Inspect cable connections;Review network driver logs;Monitor packet loss rate
6127,0.6156,network_errors,Network Interface Issues,high,Feature #23;Feature #24,Check network hardware;Inspect cable connections;Review network driver logs;Monitor packet loss rate
6128,0.5743,network_errors,Network Interface Issues,high,Feature #23;Feature #24,Check network hardware;Inspect cable connections;Review network driver logs;Monitor packet loss rate
6129,0.5864,network_errors,Network Interface Issues,high,Feature #23;Feature #24,Check network hardware;Inspect cable connections;Review network driver logs;Monitor packet loss rate
6130,0.578,network_errors,Network Interface Issues,high,Feature #23;Feature #24,Check network hardware;Inspect cable connections;Review network driver logs;Monitor packet loss rate
6131,0.5657,network_errors,Network Interface Issues,high,Feature #23;Feature #24,Check network hardware;Inspect cable connections;Review network driver logs;Monitor packet loss rate
6132,0.5985,network_errors,Network Interface Issues,high,Feature #23;Feature #24,Check network hardware;Inspect cable connections;Review network driver logs;Monitor packet loss rate
6133,0.5663,network_errors,Network Interface Issues,high,Feature #23;Feature #24,Check network hardware;Inspect cable connections;Review network driver logs;Monitor packet loss rate
6134,0.588,network_errors,Network Interface Issues,high,Feature #23;Feature #24,Check network hardware;Inspect cable connections;Review network driver logs;Monitor packet loss rate
6135,0.5602,network_errors,Network Interface Issues,high,Feature #23;Feature #24,Check network hardware;Inspect cable connections;Review network driver logs;Monitor packet loss rate
6136,0.5728,network_errors,Network Interface Issues,high,Feature #23;Feature #24,Check network hardware;Inspect cable connections;Review network driver logs;Monitor packet loss rate
6137,0.599,network_errors,Network Interface Issues,high,Feature #23;Feature #24,Check network hardware;Inspect cable connections;Review network driver logs;Monitor packet loss rate
6138,0.5985,network_errors,Network Interface Issues,high,Feature #23;Feature #24,Check network hardware;Inspect cable connections;Review network driver logs;Monitor packet loss rate
6139,0.5829,network_errors,Network Interface Issues,high,Feature #23;Feature #24,Check network hardware;Inspect cable connections;Review network driver logs;Monitor packet loss rate
6140,0.5774,network_errors,Network Interface Issues,high,Feature #23;Feature #24,Check network hardware;Inspect cable connections;Review network driver logs;Monitor packet loss rate
6141,0.6141,network_errors,Network Interface Issues,high,Feature #23;Feature #24,Check network hardware;Inspect cable connections;Review network driver logs;Monitor packet loss rate
6142,0.6451,network_errors,Network Interface Issues,high,Feature #23;Feature #24,Check network hardware;Inspect cable connections;Review network driver logs;Monitor packet loss rate
6143,0.605,network_errors,Network Interface Issues,high,Feature #23;Feature #24,Check network hardware;Inspect cable connections;Review network driver logs;Monitor packet loss rate
6144,0.5817,network_errors,Network Interface Issues,high,Feature #23;Feature #24,Check network hardware;Inspect cable connections;Review network driver logs;Monitor packet loss rate
6145,0.6112,network_errors,Network Interface Issues,high,Feature #23;Feature #24,Check network hardware;Inspect cable connections;Review network driver logs;Monitor packet loss rate
6146,0.5837,network_errors,Network Interface Issues,high,Feature #23;Feature #24,Check network hardware;Inspect cable connections;Review network driver logs;Monitor packet loss rate
6147,0.569,network_errors,Network Interface Issues,high,Feature #23;Feature #24,Check network hardware;Inspect cable connections;Review network driver logs;Monitor packet loss rate
6149,0.5435,network_errors,Network Interface Issues,high,Feature #23;Feature #24,Check network hardware;Inspect cable connections;Review network driver logs;Monitor packet loss rate
6150,0.522,network_errors,Network Interface Issues,high,Feature #23;Feature #24,Check network hardware;Inspect cable connections;Review network driver logs;Monitor packet loss rate
6151,0.6256,network_errors,Network Interface Issues,high,Feature #23;Feature #24,Check network hardware;Inspect cable connections;Review network driver logs;Monitor packet loss rate
6152,0.5581,network_errors,Network Interface Issues,high,Feature #23;Feature #24,Check network hardware;Inspect cable connections;Review network driver logs;Monitor packet loss rate
6153,0.5534,network_errors,Network Interface Issues,high,Feature #23;Feature #24,Check network hardware;Inspect cable connections;Review network driver logs;Monitor packet loss rate
6582,0.552,network_errors,Network Interface Issues,high,Feature #23;Feature #24,Check network hardware;Inspect cable connections;Review network driver logs;Monitor packet loss rate
6583,0.5395,network_errors,Network Interface Issues,high,Feature #23;Feature #24,Check network hardware;Inspect cable connections;Review network driver logs;Monitor packet loss rate
6584,0.5299,network_errors,Network Interface Issues,high,Feature #23;Feature #24,Check network hardware;Inspect cable connections;Review network driver logs;Monitor packet loss rate
6585,0.5322,network_errors,Network Interface Issues,high,Feature #23;Feature #24,Check network hardware;Inspect cable connections;Review network driver logs;Monitor packet loss rate
6586,0.5203,network_errors,Network Interface Issues,high,Feature #23;Feature #24,Check network hardware;Inspect cable connections;Review network driver logs;Monitor packet loss rate
6587,0.5254,network_errors,Network Interface Issues,high,Feature #23;Feature #24,Check network hardware;Inspect cable connections;Review network driver logs;Monitor packet loss rate
6589,0.5298,network_errors,Network Interface Issues,high,Feature #23;Feature #24,Check network hardware;Inspect cable connections;Review network driver logs;Monitor packet loss rate
6590,0.6106,network_errors,Network Interface Issues,high,Feature #23;Feature #24,Check network hardware;Inspect cable connections;Review network driver logs;Monitor packet loss rate
6591,0.5327,network_errors,Network Interface Issues,high,Feature #23;Feature #24,Check network hardware;Inspect cable connections;Review network driver logs;Monitor packet loss rate
6592,0.5552,network_errors,Network Interface Issues,high,Feature #23;Feature #24,Check network hardware;Inspect cable connections;Review network driver logs;Monitor packet loss rate
6594,0.5234,network_errors,Network Interface Issues,high,Feature #23;Feature #24,Check network hardware;Inspect cable connections;Review network driver logs;Monitor packet loss rate
6595,0.5726,network_errors,Network Interface Issues,high,Feature #23;Feature #24,Check network hardware;Inspect cable connections;Review network driver logs;Monitor packet loss rate
6596,0.581,network_errors,Network Interface Issues,high,Feature #23;Feature #24,Check network hardware;Inspect cable connections;Review network driver logs;Monitor packet loss rate
6597,0.5375,network_errors,Network Interface Issues,high,Feature #23;Feature #24,Check network hardware;Inspect cable connections;Review network driver logs;Monitor packet loss rate
6598,0.5284,network_errors,Network Interface Issues,high,Feature #23;Feature #24,Check network hardware;Inspect cable connections;Review network driver logs;Monitor packet loss rate
6599,0.5506,network_errors,Network Interface Issues,high,Feature #23;Feature #24,Check network hardware;Inspect cable connections;Review network driver logs;Monitor packet loss rate
6600,0.5283,network_errors,Network Interface Issues,high,Feature #23;Feature #24,Check network hardware;Inspect cable connections;Review network driver logs;Monitor packet loss rate
6601,0.5829,network_errors,Network Interface Issues,high,Feature #23;Feature #24,Check network hardware;Inspect cable connections;Review network driver logs;Monitor packet loss rate
6602,0.5386,network_errors,Network Interface Issues,high,Feature #23;Feature #24,Check network hardware;Inspect cable connections;Review network driver logs;Monitor packet loss rate
6603,0.526,network_errors,Network Interface Issues,high,Feature #23;Feature #24,Check network hardware;Inspect cable connections;Review network driver logs;Monitor packet loss rate
6604,0.5451,network_errors,Network Interface Issues,high,Feature #23;Feature #24,Check network hardware;Inspect cable connections;Review network driver logs;Monitor packet loss rate
6607,0.5799,network_errors,Network Interface Issues,high,Feature #23;Feature #24,Check network hardware;Inspect cable connections;Review network driver logs;Monitor packet loss rate
6608,0.5614,network_errors,Network Interface Issues,high,Feature #23;Feature #24,Check network hardware;Inspect cable connections;Review network driver logs;Monitor packet loss rate
6610,0.5302,network_errors,Network Interface Issues,high,Feature #23;Feature #24,Check network hardware;Inspect cable connections;Review network driver logs;Monitor packet loss rate
6611,0.558,network_errors,Network Interface Issues,high,Feature #23;Feature #24,Check network hardware;Inspect cable connections;Review network driver logs;Monitor packet loss rate
6612,0.5299,network_errors,Network Interface Issues,high,Feature #23;Feature #24,Check network hardware;Inspect cable connections;Review network driver logs;Monitor packet loss rate
6615,0.5416,network_errors,Network Interface Issues,high,Feature #23;Feature #24,Check network hardware;Inspect cable connections;Review network driver logs;Monitor packet loss rate
6616,0.5341,network_errors,Network Interface Issues,high,Feature #23;Feature #24,Check network hardware;Inspect cable connections;Review network driver logs;Monitor packet loss rate
6617,0.5216,network_errors,Network Interface Issues,high,Feature #23;Feature #24,Check network hardware;Inspect cable connections;Review network driver logs;Monitor packet loss rate
6620,0.5513,network_errors,Network Interface Issues,high,Feature #23;Feature #24,Check network hardware;Inspect cable connections;Review network driver logs;Monitor packet loss rate
6621,0.5596,network_errors,Network Interface Issues,high,Feature #23;Feature #24,Check network hardware;Inspect cable connections;Review network driver logs;Monitor packet loss rate
6622,0.5273,network_errors,Network Interface Issues,high,Feature #23;Feature #24,Check network hardware;Inspect cable connections;Review network driver logs;Monitor packet loss rate
6623,0.5352,network_errors,Network Interface Issues,high,Feature #23;Feature #24,Check network hardware;Inspect cable connections;Review network driver logs;Monitor packet loss rate
7511,0.5491,network_errors,Network Interface Issues,high,Feature #23;Feature #24,Check network hardware;Inspect cable connections;Review network driver logs;Monitor packet loss rate
7513,0.5268,network_errors,Network Interface Issues,high,Feature #23;Feature #24,Check network hardware;Inspect cable connections;Review network driver logs;Monitor packet loss rate
7521,0.5252,network_errors,Network Interface Issues,high,Feature #23;Feature #24,Check network hardware;Inspect cable connections;Review network driver logs;Monitor packet loss rate
7522,0.5569,network_errors,Network Interface Issues,high,Feature #23;Feature #24,Check network hardware;Inspect cable connections;Review network driver logs;Monitor packet loss rate
7523,0.5581,network_errors,Network Interface Issues,high,Feature #23;Feature #24,Check network hardware;Inspect cable connections;Review network driver logs;Monitor packet loss rate
7526,0.5546,network_errors,Network Interface Issues,high,Feature #23;Feature #24,Check network hardware;Inspect cable connections;Review network driver logs;Monitor packet loss rate
7527,0.5621,network_errors,Network Interface Issues,high,Feature #23;Feature #24,Check network hardware;Inspect cable connections;Review network driver logs;Monitor packet loss rate
7530,0.5201,network_errors,Network Interface Issues,high,Feature #23;Feature #24,Check network hardware;Inspect cable connections;Review network driver logs;Monitor packet loss rate
7531,0.5331,network_errors,Network Interface Issues,high,Feature #23;Feature #24,Check network hardware;Inspect cable connections;Review network driver logs;Monitor packet loss rate
7535,0.5294,network_errors,Network Interface Issues,high,Feature #23;Feature #24,Check network hardware;Inspect cable connections;Review network driver logs;Monitor packet loss rate
7536,0.5328,network_errors,Network Interface Issues,high,Feature #23;Feature #24,Check network hardware;Inspect cable connections;Review network driver logs;Monitor packet loss rate
7538,0.5414,network_errors,Network Interface Issues,high,Feature #23;Feature #24,Check network hardware;Inspect cable connections;Review network driver logs;Monitor packet loss rate
7539,0.59,network_errors,Network Interface Issues,high,Feature #23;Feature #24,Check network hardware;Inspect cable connections;Review network driver logs;Monitor packet loss rate
7540,0.5227,network_errors,Network Interface Issues,high,Feature #23;Feature #24,Check network hardware;Inspect cable connections;Review network driver logs;Monitor packet loss rate
7543,0.5209,network_errors,Network Interface Issues,high,Feature #23;Feature #24,Check network hardware;Inspect cable connections;Review network driver logs;Monitor packet loss rate
7544,0.544,network_errors,Network Interface Issues,high,Feature #23;Feature #24,Check network hardware;Inspect cable connections;Review network driver logs;Monitor packet loss rate
7545,0.5294,network_errors,Network Interface Issues,high,Feature #23;Feature #24,Check network hardware;Inspect cable connections;Review network driver logs;Monitor packet loss rate
7546,0.526,network_errors,Network Interface Issues,high,Feature #23;Feature #24,Check network hardware;Inspect cable connections;Review network driver logs;Monitor packet loss rate
7547,0.543,network_errors,Network Interface Issues,high,Feature #23;Feature #24,Check network hardware;Inspect cable connections;Review network driver logs;Monitor packet loss rate
7549,0.5264,network_errors,Network Interface Issues,high,Feature #23;Feature #24,Check network hardware;Inspect cable connections;Review network driver logs;Monitor packet loss rate
7550,0.5232,network_errors,Network Interface Issues,high,Feature #23;Feature #24,Check network hardware;Inspect cable connections;Review network driver logs;Monitor packet loss rate
7551,0.5853,network_errors,Network Interface Issues,high,Feature #23;Feature #24,Check network hardware;Inspect cable connections;Review network driver logs;Monitor packet loss rate
7552,0.6096,network_errors,Network Interface Issues,high,Feature #23;Feature #24,Check network hardware;Inspect cable connections;Review network driver logs;Monitor packet loss rate
7553,0.5401,network_errors,Network Interface Issues,high,Feature #23;Feature #24,Check network hardware;Inspect cable connections;Review network driver logs;Monitor packet loss rate
7554,0.5421,network_errors,Network Interface Issues,high,Feature #23;Feature #24,Check network hardware;Inspect cable connections;Review network driver logs;Monitor packet loss rate
7555,0.5421,network_errors,Network Interface Issues,high,Feature #23;Feature #24,Check network hardware;Inspect cable connections;Review network driver logs;Monitor packet loss rate
7556,0.5277,network_errors,Network Interface Issues,high,Feature #23;Feature #24,Check network hardware;Inspect cable connections;Review network driver logs;Monitor packet loss rate
7557,0.556,network_errors,Network Interface Issues,high,Feature #23;Feature #24,Check network hardware;Inspect cable connections;Review network driver logs;Monitor packet loss rate
7558,0.5843,network_errors,Network Interface Issues,high,Feature #23;Feature #24,Check network hardware;Inspect cable connections;Review network driver logs;Monitor packet loss rate
7559,0.5388,network_errors,Network Interface Issues,high,Feature #23;Feature #24,Check network hardware;Inspect cable connections;Review network driver logs;Monitor packet loss rate
7560,0.5402,network_errors,Network Interface Issues,high,Feature #23;Feature #24,Check network hardware;Inspect cable connections;Review network driver logs;Monitor packet loss rate
7561,0.5254,network_errors,Network Interface Issues,high,Feature #23;Feature #24,Check network hardware;Inspect cable connections;Review network driver logs;Monitor packet loss rate
7562,0.5397,network_errors,Network Interface Issues,high,Feature #23;Feature #24,Check network hardware;Inspect cable connections;Review network driver logs;Monitor packet loss rate
7563,0.5462,network_errors,Network Interface Issues,high,Feature #23;Feature #24,Check network hardware;Inspect cable connections;Review network driver logs;Monitor packet loss rate
7564,0.5748,network_errors,Network Interface Issues,high,Feature #23;Feature #24,Check network hardware;Inspect cable connections;Review network driver logs;Monitor packet loss rate
7565,0.5417,network_errors,Network Interface Issues,high,Feature #23;Feature #24,Check network hardware;Inspect cable connections;Review network driver logs;Monitor packet loss rate
7567,0.5363,network_errors,Network Interface Issues,high,Feature #23;Feature #24,Check network hardware;Inspect cable connections;Review network driver logs;Monitor packet loss rate
7568,0.5367,network_errors,Network Interface Issues,high,Feature #23;Feature #24,Check network hardware;Inspect cable connections;Review network driver logs;Monitor packet loss rate
7569,0.5721,network_errors,Network Interface Issues,high,Feature #23;Feature #24,Check network hardware;Inspect cable connections;Review network driver logs;Monitor packet loss rate
7570,0.5289,network_errors,Network Interface Issues,high,Feature #23;Feature #24,Check network hardware;Inspect cable connections;Review network driver logs;Monitor packet loss rate
7571,0.5701,network_errors,Network Interface Issues,high,Feature #23;Feature #24,Check network hardware;Inspect cable connections;Review network driver logs;Monitor packet loss rate
7572,0.5456,network_errors,Network Interface Issues,high,Feature #23;Feature #24,Check network hardware;Inspect cable connections;Review network driver logs;Monitor packet loss rate
7573,0.5338,network_errors,Network Interface Issues,high,Feature #23;Feature #24,Check network hardware;Inspect cable connections;Review network driver logs;Monitor packet loss rate
7574,0.5638,network_errors,Network Interface Issues,high,Feature #23;Feature #24,Check network hardware;Inspect cable connections;Review network driver logs;Monitor packet loss rate
7575,0.5635,network_errors,Network Interface Issues,high,Feature #23;Feature #24,Check network hardware;Inspect cable connections;Review network driver logs;Monitor packet loss rate
7576,0.5533,network_errors,Network Interface Issues,high,Feature #23;Feature #24,Check network hardware;Inspect cable connections;Review network driver logs;Monitor packet loss rate
7577,0.5418,network_errors,Network Interface Issues,high,Feature #23;Feature #24,Check network hardware;Inspect cable connections;Review network driver logs;Monitor packet loss rate
7578,0.5618,network_errors,Network Interface Issues,high,Feature #23;Feature #24,Check network hardware;Inspect cable connections;Review network driver logs;Monitor packet loss rate
7579,0.5964,network_errors,Network Interface Issues,high,Feature #23;Feature #24,Check network hardware;Inspect cable connections;Review network driver logs;Monitor packet loss rate
7580,0.553,network_errors,Network Interface Issues,high,Feature #23;Feature #24,Check network hardware;Inspect cable connections;Review network driver logs;Monitor packet loss rate
7581,0.5522,network_errors,Network Interface Issues,high,Feature #23;Feature #24,Check network hardware;Inspect cable connections;Review network driver logs;Monitor packet loss rate
7582,0.5487,network_errors,Network Interface Issues,high,Feature #23;Feature #24,Check network hardware;Inspect cable connections;Review network driver logs;Monitor packet loss rate
7583,0.5563,network_errors,Network Interface Issues,high,Feature #23;Feature #24,Check network hardware;Inspect cable connections;Review network driver logs;Monitor packet loss rate
7584,0.5732,network_errors,Network Interface Issues,high,Feature #23;Feature #24,Check network hardware;Inspect cable connections;Review network driver logs;Monitor packet loss rate
7585,0.5639,network_errors,Network Interface Issues,high,Feature #23;Feature #24,Check network hardware;Inspect cable connections;Review network driver logs;Monitor packet loss rate
7586,0.5587,network_errors,Network Interface Issues,high,Feature #23;Feature #24,Check network hardware;Inspect cable connections;Review network driver logs;Monitor packet loss rate
7587,0.5504,network_errors,Network Interface Issues,high,Feature #23;Feature #24,Check network hardware;Inspect cable connections;Review network driver logs;Monitor packet loss rate
7588,0.539,network_errors,Network Interface Issues,high,Feature #23;Feature #24,Check network hardware;Inspect cable connections;Review network driver logs;Monitor packet loss rate
7590,0.5265,network_errors,Network Interface Issues,high,Feature #23;Feature #24,Check network hardware;Inspect cable connections;Review network driver logs;Monitor packet loss rate
8062,0.5241,network_errors,Network Interface Issues,high,Feature #23;Feature #24,Check network hardware;Inspect cable connections;Review network driver logs;Monitor packet loss rate
8670,0.5629,network_errors,Network Interface Issues,high,Feature #23;Feature #24,Check network hardware;Inspect cable connections;Review network driver logs;Monitor packet loss rate
8714,0.5205,network_errors,Network Interface Issues,high,Feature #23;Feature #24,Check network hardware;Inspect cable connections;Review network driver logs;Monitor packet loss rate
8715,0.5271,network_errors,Network Interface Issues,high,Feature #23;Feature #24,Check network hardware;Inspect cable connections;Review network driver logs;Monitor packet loss rate
8954,0.5364,network_errors,Network Interface Issues,high,Feature #23;Feature #24,Check network hardware;Inspect cable connections;Review network driver logs;Monitor packet loss rate
8965,0.5218,network_errors,Network Interface Issues,high,Feature #23;Feature #24,Check network hardware;Inspect cable connections;Review network driver logs;Monitor packet loss rate
8969,0.5452,network_errors,Network Interface Issues,high,Feature #23;Feature #24,Check network hardware;Inspect cable connections;Review network driver logs;Monitor packet loss rate
8970,0.5268,network_errors,Network Interface Issues,high,Feature #23;Feature #24,Check network hardware;Inspect cable connections;Review network driver logs;Monitor packet loss rate
8975,0.5297,network_errors,Network Interface Issues,high,Feature #23;Feature #24,Check network hardware;Inspect cable connections;Review network driver logs;Monitor packet loss rate
8976,0.5209,network_errors,Network Interface Issues,high,Feature #23;Feature #24,Check network hardware;Inspect cable connections;Review network driver logs;Monitor packet loss rate
8977,0.539,network_errors,Network Interface Issues,high,Feature #23;Feature #24,Check network hardware;Inspect cable connections;Review network driver logs;Monitor packet loss rate
8978,0.5802,network_errors,Network Interface Issues,high,Feature #23;Feature #24,Check network hardware;Inspect cable connections;Review network driver logs;Monitor packet loss rate
8979,0.5341,network_errors,Network Interface Issues,high,Feature #23;Feature #24,Check network hardware;Inspect cable connections;Review network driver logs;Monitor packet loss rate
8980,0.588,network_errors,Network Interface Issues,high,Feature #23;Feature #24,Check network hardware;Inspect cable connections;Review network driver logs;Monitor packet loss rate
8981,0.5324,network_errors,Network Interface Issues,high,Feature #23;Feature #24,Check network hardware;Inspect cable connections;Review network driver logs;Monitor packet loss rate
8982,0.5527,network_errors,Network Interface Issues,high,Feature #23;Feature #24,Check network hardware;Inspect cable connections;Review network driver logs;Monitor packet loss rate
8983,0.5278,network_errors,Network Interface Issues,high,Feature #23;Feature #24,Check network hardware;Inspect cable connections;Review network driver logs;Monitor packet loss rate
8984,0.5877,network_errors,Network Interface Issues,high,Feature #23;Feature #24,Check network hardware;Inspect cable connections;Review network driver logs;Monitor packet loss rate
8985,0.5486,network_errors,Network Interface Issues,high,Feature #23;Feature #24,Check network hardware;Inspect cable connections;Review network driver logs;Monitor packet loss rate
8986,0.5828,network_errors,Network Interface Issues,high,Feature #23;Feature #24,Check network hardware;Inspect cable connections;Review network driver logs;Monitor packet loss rate
8987,0.5583,network_errors,Network Interface Issues,high,Feature #23;Feature #24,Check network hardware;Inspect cable connections;Review network driver logs;Monitor packet loss rate
8988,0.5792,network_errors,Network Interface Issues,high,Feature #23;Feature #24,Check network hardware;Inspect cable connections;Review network driver logs;Monitor packet loss rate
8989,0.5444,network_errors,Network Interface Issues,high,Feature #23;Feature #24,Check network hardware;Inspect cable connections;Review network driver logs;Monitor packet loss rate
8990,0.5216,network_errors,Network Interface Issues,high,Feature #23;Feature #24,Check network hardware;Inspect cable connections;Review network driver logs;Monitor packet loss rate
8991,0.5517,network_errors,Network Interface Issues,high,Feature #23;Feature #24,Check network hardware;Inspect cable connections;Review network driver logs;Monitor packet loss rate
8992,0.549,network_errors,Network Interface Issues,high,Feature #23;Feature #24,Check network hardware;Inspect cable connections;Review network driver logs;Monitor packet loss rate
8995,0.5283,network_errors,Network Interface Issues,high,Feature #23;Feature #24,Check network hardware;Inspect cable connections;Review network driver logs;Monitor packet loss rate
8996,0.5342,network_errors,Network Interface Issues,high,Feature #23;Feature #24,Check network hardware;Inspect cable connections;Review network driver logs;Monitor packet loss rate
8997,0.5258,network_errors,Network Interface Issues,high,Feature #23;Feature #24,Check network hardware;Inspect cable connections;Review network driver logs;Monitor packet loss rate
8999,0.5291,network_errors,Network Interface Issues,high,Feature #23;Feature #24,Check network hardware;Inspect cable connections;Review network driver logs;Monitor packet loss rate
9001,0.5295,network_errors,Network Interface Issues,high,Feature #23;Feature #24,Check network hardware;Inspect cable connections;Review network driver logs;Monitor packet loss rate
9002,0.5288,network_errors,Network Interface Issues,high,Feature #23;Feature #24,Check network hardware;Inspect cable connections;Review network driver logs;Monitor packet loss rate
9003,0.5288,network_errors,Network Interface Issues,high,Feature #23;Feature #24,Check network hardware;Inspect cable connections;Review network driver logs;Monitor packet loss rate
9004,0.5347,network_errors,Network Interface Issues,high,Feature #23;Feature #24,Check network hardware;Inspect cable connections;Review network driver logs;Monitor packet loss rate
9005,0.5288,network_errors,Network Interface Issues,high,Feature #23;Feature #24,Check network hardware;Inspect cable connections;Review network driver logs;Monitor packet loss rate
9006,0.5506,network_errors,Network Interface Issues,high,Feature #23;Feature #24,Check network hardware;Inspect cable connections;Review network driver logs;Monitor packet loss rate
9015,0.5398,network_errors,Network Interface Issues,high,Feature #23;Feature #24,Check network hardware;Inspect cable connections;Review network driver logs;Monitor packet loss rate
9016,0.5304,network_errors,Network Interface Issues,high,Feature #23;Feature #24,Check network hardware;Inspect cable connections;Review network driver logs;Monitor packet loss rate
9017,0.5613,network_errors,Network Interface Issues,high,Feature #23;Feature #24,Check network hardware;Inspect cable connections;Review network driver logs;Monitor packet loss rate
9018,0.5538,network_errors,Network Interface Issues,high,Feature #23;Feature #24,Check network hardware;Inspect cable connections;Review network driver logs;Monitor packet loss rate
9019,0.5224,network_errors,Network Interface Issues,high,Feature #23;Feature #24,Check network hardware;Inspect cable connections;Review network driver logs;Monitor packet loss rate
9020,0.5508,network_errors,Network Interface Issues,high,Feature #23;Feature #24,Check network hardware;Inspect cable connections;Review network driver logs;Monitor packet loss rate
9479,0.5402,network_errors,Network Interface Issues,high,Feature #23;Feature #24,Check network hardware;Inspect cable connections;Review network driver logs;Monitor packet loss rate
9480,0.5776,network_errors,Network Interface Issues,high,Feature #23;Feature #24,Check network hardware;Inspect cable connections;Review network driver logs;Monitor packet loss rate
9481,0.536,network_errors,Network Interface Issues,high,Feature #23;Feature #24,Check network hardware;Inspect cable connections;Review network driver logs;Monitor packet loss rate
9485,0.5504,network_errors,Network Interface Issues,high,Feature #23;Feature #24,Check network hardware;Inspect cable connections;Review network driver logs;Monitor packet loss rate
9486,0.5357,network_errors,Network Interface Issues,high,Feature #23;Feature #24,Check network hardware;Inspect cable connections;Review network driver logs;Monitor packet loss rate
9488,0.537,network_errors,Network Interface Issues,high,Feature #23;Feature #24,Check network hardware;Inspect cable connections;Review network driver logs;Monitor packet loss rate
9489,0.5364,network_errors,Network Interface Issues,high,Feature #23;Feature #24,Check network hardware;Inspect cable connections;Review network driver logs;Monitor packet loss rate
9491,0.5803,network_errors,Network Interface Issues,high,Feature #23;Feature #24,Check network hardware;Inspect cable connections;Review network driver logs;Monitor packet loss rate
9492,0.5589,network_errors,Network Interface Issues,high,Feature #23;Feature #24,Check network hardware;Inspect cable connections;Review network driver logs;Monitor packet loss rate
9493,0.5272,network_errors,Network Interface Issues,high,Feature #23;Feature #24,Check network hardware;Inspect cable connections;Review network driver logs;Monitor packet loss rate
9494,0.5333,network_errors,Network Interface Issues,high,Feature #23;Feature #24,Check network hardware;Inspect cable connections;Review network driver logs;Monitor packet loss rate
9495,0.5252,network_errors,Network Interface Issues,high,Feature #23;Feature #24,Check network hardware;Inspect cable connections;Review network driver logs;Monitor packet loss rate
9496,0.5271,network_errors,Network Interface Issues,high,Feature #23;Feature #24,Check network hardware;Inspect cable connections;Review network driver logs;Monitor packet loss rate
9497,0.5693,network_errors,Network Interface Issues,high,Feature #23;Feature #24,Check network hardware;Inspect cable connections;Review network driver logs;Monitor packet loss rate
9498,0.5247,network_errors,Network Interface Issues,high,Feature #23;Feature #24,Check network hardware;Inspect cable connections;Review network driver logs;Monitor packet loss rate
9499,0.5412,network_errors,Network Interface Issues,high,Feature #23;Feature #24,Check network hardware;Inspect cable connections;Review network driver logs;Monitor packet loss rate
9500,0.5243,network_errors,Network Interface Issues,high,Feature #23;Feature #24,Check network hardware;Inspect cable connections;Review network driver logs;Monitor packet loss rate
9501,0.5665,network_errors,Network Interface Issues,high,Feature #23;Feature #24,Check network hardware;Inspect cable connections;Review network driver logs;Monitor packet loss rate
9502,0.541,network_errors,Network Interface Issues,high,Feature #23;Feature #24,Check network hardware;Inspect cable connections;Review network driver logs;Monitor packet loss rate
9503,0.5311,network_errors,Network Interface Issues,high,Feature #23;Feature #24,Check network hardware;Inspect cable connections;Review network driver logs;Monitor packet loss rate
9504,0.5221,network_errors,Network Interface Issues,high,Feature #23;Feature #24,Check network hardware;Inspect cable connections;Review network driver logs;Monitor packet loss rate
9505,0.5409,network_errors,Network Interface Issues,high,Feature #23;Feature #24,Check network hardware;Inspect cable connections;Review network driver logs;Monitor packet loss rate
9506,0.5469,network_errors,Network Interface Issues,high,Feature #23;Feature #24,Check network hardware;Inspect cable connections;Review network driver logs;Monitor packet loss rate
9507,0.5233,network_errors,Network Interface Issues,high,Feature #23;Feature #24,Check network hardware;Inspect cable connections;Review network driver logs;Monitor packet loss rate
9508,0.5506,network_errors,Network Interface Issues,high,Feature #23;Feature #24,Check network hardware;Inspect cable connections;Review network driver logs;Monitor packet loss rate
10301,0.5207,network_errors,Network Interface Issues,high,Feature #23;Feature #24,Check network hardware;Inspect cable connections;Review network driver logs;Monitor packet loss rate
10423,0.5219,network_errors,Network Interface Issues,high,Feature #23;Feature #24,Check network hardware;Inspect cable connections;Review network driver logs;Monitor packet loss rate
10424,0.5797,network_errors,Network Interface Issues,high,Feature #23;Feature #24,Check network hardware;Inspect cable connections;Review network driver logs;Monitor packet loss rate
10425,0.5673,network_errors,Network Interface Issues,high,Feature #23;Feature #24,Check network hardware;Inspect cable connections;Review network driver logs;Monitor packet loss rate
10426,0.5488,network_errors,Network Interface Issues,high,Feature #23;Feature #24,Check network hardware;Inspect cable connections;Review network driver logs;Monitor packet loss rate
10427,0.5896,network_errors,Network Interface Issues,high,Feature #23;Feature #24,Check network hardware;Inspect cable connections;Review network driver logs;Monitor packet loss rate
10428,0.594,network_errors,Network Interface Issues,high,Feature #23;Feature #24,Check network hardware;Inspect cable connections;Review network driver logs;Monitor packet loss rate
10429,0.527,network_errors,Network Interface Issues,high,Feature #23;Feature #24,Check network hardware;Inspect cable connections;Review network driver logs;Monitor packet loss rate
10430,0.5448,network_errors,Network Interface Issues,high,Feature #23;Feature #24,Check network hardware;Inspect cable connections;Review network driver logs;Monitor packet loss rate
10431,0.5245,network_errors,Network Interface Issues,high,Feature #23;Feature #24,Check network hardware;Inspect cable connections;Review network driver logs;Monitor packet loss rate
10432,0.5861,network_errors,Network Interface Issues,high,Feature #23;Feature #24,Check network hardware;Inspect cable connections;Review network driver logs;Monitor packet loss rate
10433,0.5348,network_errors,Network Interface Issues,high,Feature #23;Feature #24,Check network hardware;Inspect cable connections;Review network driver logs;Monitor packet loss rate
10434,0.5374,network_errors,Network Interface Issues,high,Feature #23;Feature #24,Check network hardware;Inspect cable connections;Review network driver logs;Monitor packet loss rate
10435,0.5609,network_errors,Network Interface Issues,high,Feature #23;Feature #24,Check network hardware;Inspect cable connections;Review network driver logs;Monitor packet loss rate
10436,0.5814,network_errors,Network Interface Issues,high,Feature #23;Feature #24,Check network hardware;Inspect cable connections;Review network driver logs;Monitor packet loss rate
10437,0.5745,network_errors,Network Interface Issues,high,Feature #23;Feature #24,Check network hardware;Inspect cable connections;Review network driver logs;Monitor packet loss rate
10438,0.5244,network_errors,Network Interface Issues,high,Feature #23;Feature #24,Check network hardware;Inspect cable connections;Review network driver logs;Monitor packet loss rate
10439,0.5686,network_errors,Network Interface Issues,high,Feature #23;Feature #24,Check network hardware;Inspect cable connections;Review network driver logs;Monitor packet loss rate
10440,0.5903,network_errors,Network Interface Issues,high,Feature #23;Feature #24,Check network hardware;Inspect cable connections;Review network driver logs;Monitor packet loss rate
10441,0.5438,network_errors,Network Interface Issues,high,Feature #23;Feature #24,Check network hardware;Inspect cable connections;Review network driver logs;Monitor packet loss rate
10442,0.5417,network_errors,Network Interface Issues,high,Feature #23;Feature #24,Check network hardware;Inspect cable connections;Review network driver logs;Monitor packet loss rate
10443,0.5341,network_errors,Network Interface Issues,high,Feature #23;Feature #24,Check network hardware;Inspect cable connections;Review network driver logs;Monitor packet loss rate
10444,0.5364,network_errors,Network Interface Issues,high,Feature #23;Feature #24,Check network hardware;Inspect cable connections;Review network driver logs;Monitor packet loss rate
10445,0.5567,network_errors,Network Interface Issues,high,Feature #23;Feature #24,Check network hardware;Inspect cable connections;Review network driver logs;Monitor packet loss rate
10446,0.572,network_errors,Network Interface Issues,high,Feature #23;Feature #24,Check network hardware;Inspect cable connections;Review network driver logs;Monitor packet loss rate
10447,0.5389,network_errors,Network Interface Issues,high,Feature #23;Feature #24,Check network hardware;Inspect cable connections;Review network driver logs;Monitor packet loss rate
10448,0.5228,network_errors,Network Interface Issues,high,Feature #23;Feature #24,Check network hardware;Inspect cable connections;Review network driver logs;Monitor packet loss rate
10449,0.5528,network_errors,Network Interface Issues,high,Feature #23;Feature #24,Check network hardware;Inspect cable connections;Review network driver logs;Monitor packet loss rate
10450,0.557,network_errors,Network Interface Issues,high,Feature #23;Feature #24,Check network hardware;Inspect cable connections;Review network driver logs;Monitor packet loss rate
10451,0.562,network_errors,Network Interface Issues,high,Feature #23;Feature #24,Check network hardware;Inspect cable connections;Review network driver logs;Monitor packet loss rate
10452,0.6048,network_errors,Network Interface Issues,high,Feature #23;Feature #24,Check network hardware;Inspect cable connections;Review network driver logs;Monitor packet loss rate
10453,0.5733,network_errors,Network Interface Issues,high,Feature #23;Feature #24,Check network hardware;Inspect cable connections;Review network driver logs;Monitor packet loss rate
10454,0.5825,network_errors,Network Interface Issues,high,Feature #23;Feature #24,Check network hardware;Inspect cable connections;Review network driver logs;Monitor packet loss rate
10455,0.5639,network_errors,Network Interface Issues,high,Feature #23;Feature #24,Check network hardware;Inspect cable connections;Review network driver logs;Monitor packet loss rate
10456,0.5426,network_errors,Network Interface Issues,high,Feature #23;Feature #24,Check network hardware;Inspect cable connections;Review network driver logs;Monitor packet loss rate
10457,0.5328,network_errors,Network Interface Issues,high,Feature #23;Feature #24,Check network hardware;Inspect cable connections;Review network driver logs;Monitor packet loss rate
10458,0.5274,network_errors,Network Interface Issues,high,Feature #23;Feature #24,Check network hardware;Inspect cable connections;Review network driver logs;Monitor packet loss rate
10459,0.5667,network_errors,Network Interface Issues,high,Feature #23;Feature #24,Check network hardware;Inspect cable connections;Review network driver logs;Monitor packet loss rate
10460,0.6023,network_errors,Network Interface Issues,high,Feature #23;Feature #24,Check network hardware;Inspect cable connections;Review network driver logs;Monitor packet loss rate
10461,0.5481,network_errors,Network Interface Issues,high,Feature #23;Feature #24,Check network hardware;Inspect cable connections;Review network driver logs;Monitor packet loss rate
10462,0.5572,network_errors,Network Interface Issues,high,Feature #23;Feature #24,Check network hardware;Inspect cable connections;Review network driver logs;Monitor packet loss rate
10463,0.5328,network_errors,Network Interface Issues,high,Feature #23;Feature #24,Check network hardware;Inspect cable connections;Review network driver logs;Monitor packet loss rate
10464,0.5958,network_errors,Network Interface Issues,high,Feature #23;Feature #24,Check network hardware;Inspect cable connections;Review network driver logs;Monitor packet loss rate
10465,0.5756,network_errors,Network Interface Issues,high,Feature #23;Feature #24,Check network hardware;Inspect cable connections;Review network driver logs;Monitor packet loss rate
10466,0.5229,network_errors,Network Interface Issues,high,Feature #23;Feature #24,Check network hardware;Inspect cable connections;Review network driver logs;Monitor packet loss rate
10468,0.564,network_errors,Network Interface Issues,high,Feature #23;Feature #24,Check network hardware;Inspect cable connections;Review network driver logs;Monitor packet loss rate
10921,0.5658,network_errors,Network Interface Issues,high,Feature #23;Feature #24,Check network hardware;Inspect cable connections;Review network driver logs;Monitor packet loss rate
10922,0.5225,network_errors,Network Interface Issues,high,Feature #23;Feature #24,Check network hardware;Inspect cable connections;Review network driver logs;Monitor packet loss rate
10923,0.5212,network_errors,Network Interface Issues,high,Feature #23;Feature #24,Check network hardware;Inspect cable connections;Review network driver logs;Monitor packet loss rate
10926,0.5275,network_errors,Network Interface Issues,high,Feature #23;Feature #24,Check network hardware;Inspect cable connections;Review network driver logs;Monitor packet loss rate
10927,0.5266,network_errors,Network Interface Issues,high,Feature #23;Feature #24,Check network hardware;Inspect cable connections;Review network driver logs;Monitor packet loss rate
10928,0.5249,network_errors,Network Interface Issues,high,Feature #23;Feature #24,Check network hardware;Inspect cable connections;Review network driver logs;Monitor packet loss rate
10929,0.5235,network_errors,Network Interface Issues,high,Feature #23;Feature #24,Check network hardware;Inspect cable connections;Review network driver logs;Monitor packet loss rate
10931,0.5792,network_errors,Network Interface Issues,high,Feature #23;Feature #24,Check network hardware;Inspect cable connections;Review network driver logs;Monitor packet loss rate
10932,0.5581,network_errors,Network Interface Issues,high,Feature #23;Feature #24,Check network hardware;Inspect cable connections;Review network driver logs;Monitor packet loss rate
10934,0.5246,network_errors,Network Interface Issues,high,Feature #23;Feature #24,Check network hardware;Inspect cable connections;Review network driver logs;Monitor packet loss rate
10935,0.5387,network_errors,Network Interface Issues,high,Feature #23;Feature #24,Check network hardware;Inspect cable connections;Review network driver logs;Monitor packet loss rate
10937,0.5656,network_errors,Network Interface Issues,high,Feature #23;Feature #24,Check network hardware;Inspect cable connections;Review network driver logs;Monitor packet loss rate
10939,0.543,network_errors,Network Interface Issues,high,Feature #23;Feature #24,Check network hardware;Inspect cable connections;Review network driver logs;Monitor packet loss rate
10940,0.5305,network_errors,Network Interface Issues,high,Feature #23;Feature #24,Check network hardware;Inspect cable connections;Review network driver logs;Monitor packet loss rate
10942,0.5559,network_errors,Network Interface Issues,high,Feature #23;Feature #24,Check network hardware;Inspect cable connections;Review network driver logs;Monitor packet loss rate
10944,0.5226,network_errors,Network Interface Issues,high,Feature #23;Feature #24,Check network hardware;Inspect cable connections;Review network driver logs;Monitor packet loss rate
10945,0.5269,network_errors,Network Interface Issues,high,Feature #23;Feature #24,Check network hardware;Inspect cable connections;Review network driver logs;Monitor packet loss rate
10946,0.5329,network_errors,Network Interface Issues,high,Feature #23;Feature #24,Check network hardware;Inspect cable connections;Review network driver logs;Monitor packet loss rate
11728,0.5377,network_errors,Network Interface Issues,high,Feature #23;Feature #24,Check network hardware;Inspect cable connections;Review network driver logs;Monitor packet loss rate
11737,0.5339,network_errors,Network Interface Issues,high,Feature #23;Feature #24,Check network hardware;Inspect cable connections;Review network driver logs;Monitor packet loss rate
11842,0.5421,network_errors,Network Interface Issues,high,Feature #23;Feature #24,Check network hardware;Inspect cable connections;Review network driver logs;Monitor packet loss rate
11847,0.5268,network_errors,Network Interface Issues,high,Feature #23;Feature #24,Check network hardware;Inspect cable connections;Review network driver logs;Monitor packet loss rate
11851,0.5538,network_errors,Network Interface Issues,high,Feature #23;Feature #24,Check network hardware;Inspect cable connections;Review network driver logs;Monitor packet loss rate
11852,0.5697,network_errors,Network Interface Issues,high,Feature #23;Feature #24,Check network hardware;Inspect cable connections;Review network driver logs;Monitor packet loss rate
11856,0.5538,network_errors,Network Interface Issues,high,Feature #23;Feature #24,Check network hardware;Inspect cable connections;Review network driver logs;Monitor packet loss rate
11857,0.5294,network_errors,Network Interface Issues,high,Feature #23;Feature #24,Check network hardware;Inspect cable connections;Review network driver logs;Monitor packet loss rate
11858,0.5383,network_errors,Network Interface Issues,high,Feature #23;Feature #24,Check network hardware;Inspect cable connections;Review network driver logs;Monitor packet loss rate
11859,0.5293,network_errors,Network Interface Issues,high,Feature #23;Feature #24,Check network hardware;Inspect cable connections;Review network driver logs;Monitor packet loss rate
11860,0.533,network_errors,Network Interface Issues,high,Feature #23;Feature #24,Check network hardware;Inspect cable connections;Review network driver logs;Monitor packet loss rate
11861,0.5688,network_errors,Network Interface Issues,high,Feature #23;Feature #24,Check network hardware;Inspect cable connections;Review network driver logs;Monitor packet loss rate
11862,0.5857,network_errors,Network Interface Issues,high,Feature #23;Feature #24,Check network hardware;Inspect cable connections;Review network driver logs;Monitor packet loss rate
11863,0.5349,network_errors,Network Interface Issues,high,Feature #23;Feature #24,Check network hardware;Inspect cable connections;Review network driver logs;Monitor packet loss rate
11864,0.5603,network_errors,Network Interface Issues,high,Feature #23;Feature #24,Check network hardware;Inspect cable connections;Review network driver logs;Monitor packet loss rate
11865,0.5796,network_errors,Network Interface Issues,high,Feature #23;Feature #24,Check network hardware;Inspect cable connections;Review network driver logs;Monitor packet loss rate
11866,0.5758,network_errors,Network Interface Issues,high,Feature #23;Feature #24,Check network hardware;Inspect cable connections;Review network driver logs;Monitor packet loss rate
11867,0.5301,network_errors,Network Interface Issues,high,Feature #23;Feature #24,Check network hardware;Inspect cable connections;Review network driver logs;Monitor packet loss rate
11868,0.5506,network_errors,Network Interface Issues,high,Feature #23;Feature #24,Check network hardware;Inspect cable connections;Review network driver logs;Monitor packet loss rate
11869,0.5433,network_errors,Network Interface Issues,high,Feature #23;Feature #24,Check network hardware;Inspect cable connections;Review network driver logs;Monitor packet loss rate
11870,0.5852,network_errors,Network Interface Issues,high,Feature #23;Feature #24,Check network hardware;Inspect cable connections;Review network driver logs;Monitor packet loss rate
11871,0.5543,network_errors,Network Interface Issues,high,Feature #23;Feature #24,Check network hardware;Inspect cable connections;Review network driver logs;Monitor packet loss rate
11872,0.57,network_errors,Network Interface Issues,high,Feature #23;Feature #24,Check network hardware;Inspect cable connections;Review network driver logs;Monitor packet loss rate
11873,0.576,network_errors,Network Interface Issues,high,Feature #23;Feature #24,Check network hardware;Inspect cable connections;Review network driver logs;Monitor packet loss rate
11874,0.5852,network_errors,Network Interface Issues,high,Feature #23;Feature #24,Check network hardware;Inspect cable connections;Review network driver logs;Monitor packet loss rate
11875,0.5401,network_errors,Network Interface Issues,high,Feature #23;Feature #24,Check network hardware;Inspect cable connections;Review network driver logs;Monitor packet loss rate
11876,0.5586,network_errors,Network Interface Issues,high,Feature #23;Feature #24,Check network hardware;Inspect cable connections;Review network driver logs;Monitor packet loss rate
11877,0.583,network_errors,Network Interface Issues,high,Feature #23;Feature #24,Check network hardware;Inspect cable connections;Review network driver logs;Monitor packet loss rate
11878,0.5583,network_errors,Network Interface Issues,high,Feature #23;Feature #24,Check network hardware;Inspect cable connections;Review network driver logs;Monitor packet loss rate
11879,0.6201,network_errors,Network Interface Issues,high,Feature #23;Feature #24,Check network hardware;Inspect cable connections;Review network driver logs;Monitor packet loss rate
11880,0.5236,network_errors,Network Interface Issues,high,Feature #23;Feature #24,Check network hardware;Inspect cable connections;Review network driver logs;Monitor packet loss rate
11881,0.552,network_errors,Network Interface Issues,high,Feature #23;Feature #24,Check network hardware;Inspect cable connections;Review network driver logs;Monitor packet loss rate
11882,0.5416,network_errors,Network Interface Issues,high,Feature #23;Feature #24,Check network hardware;Inspect cable connections;Review network driver logs;Monitor packet loss rate
11883,0.5569,network_errors,Network Interface Issues,high,Feature #23;Feature #24,Check network hardware;Inspect cable connections;Review network driver logs;Monitor packet loss rate
11884,0.5543,network_errors,Network Interface Issues,high,Feature #23;Feature #24,Check network hardware;Inspect cable connections;Review network driver logs;Monitor packet loss rate
11885,0.5701,network_errors,Network Interface Issues,high,Feature #23;Feature #24,Check network hardware;Inspect cable connections;Review network driver logs;Monitor packet loss rate
11886,0.5817,network_errors,Network Interface Issues,high,Feature #23;Feature #24,Check network hardware;Inspect cable connections;Review network driver logs;Monitor packet loss rate
11887,0.6021,network_errors,Network Interface Issues,high,Feature #23;Feature #24,Check network hardware;Inspect cable connections;Review network driver logs;Monitor packet loss rate
11888,0.5646,network_errors,Network Interface Issues,high,Feature #23;Feature #24,Check network hardware;Inspect cable connections;Review network driver logs;Monitor packet loss rate
11889,0.5565,network_errors,Network Interface Issues,high,Feature #23;Feature #24,Check network hardware;Inspect cable connections;Review network driver logs;Monitor packet loss rate
11890,0.5653,network_errors,Network Interface Issues,high,Feature #23;Feature #24,Check network hardware;Inspect cable connections;Review network driver logs;Monitor packet loss rate
11891,0.5881,network_errors,Network Interface Issues,high,Feature #23;Feature #24,Check network hardware;Inspect cable connections;Review network driver logs;Monitor packet loss rate
11892,0.5994,network_errors,Network Interface Issues,high,Feature #23;Feature #24,Check network hardware;Inspect cable connections;Review network driver logs;Monitor packet loss rate
11893,0.5482,network_errors,Network Interface Issues,high,Feature #23;Feature #24,Check network hardware;Inspect cable connections;Review network driver logs;Monitor packet loss rate
11894,0.5699,network_errors,Network Interface Issues,high,Feature #23;Feature #24,Check network hardware;Inspect cable connections;Review network driver logs;Monitor packet loss rate
11895,0.5754,network_errors,Network Interface Issues,high,Feature #23;Feature #24,Check network hardware;Inspect cable connections;Review network driver logs;Monitor packet loss rate
11896,0.6079,network_errors,Network Interface Issues,high,Feature #23;Feature #24,Check network hardware;Inspect cable connections;Review network driver logs;Monitor packet loss rate
11897,0.5751,network_errors,Network Interface Issues,high,Feature #23;Feature #24,Check network hardware;Inspect cable connections;Review network driver logs;Monitor packet loss rate
11898,0.5609,network_errors,Network Interface Issues,high,Feature #23;Feature #24,Check network hardware;Inspect cable connections;Review network driver logs;Monitor packet loss rate
11899,0.5663,network_errors,Network Interface Issues,high,Feature #23;Feature #24,Check network hardware;Inspect cable connections;Review network driver logs;Monitor packet loss rate
11900,0.6193,network_errors,Network Interface Issues,high,Feature #23;Feature #24,Check network hardware;Inspect cable connections;Review network driver logs;Monitor packet loss rate
11901,0.5777,network_errors,Network Interface Issues,high,Feature #23;Feature #24,Check network hardware;Inspect cable connections;Review network driver logs;Monitor packet loss rate
11902,0.5936,network_errors,Network Interface Issues,high,Feature #23;Feature #24,Check network hardware;Inspect cable connections;Review network driver logs;Monitor packet loss rate
11903,0.5739,network_errors,Network Interface Issues,high,Feature #23;Feature #24,Check network hardware;Inspect cable connections;Review network driver logs;Monitor packet loss rate
11904,0.5624,network_errors,Network Interface Issues,high,Feature #23;Feature #24,Check network hardware;Inspect cable connections;Review network driver logs;Monitor packet loss rate
11905,0.5511,network_errors,Network Interface Issues,high,Feature #23;Feature #24,Check network hardware;Inspect cable connections;Review network driver logs;Monitor packet loss rate
11906,0.5592,network_errors,Network Interface Issues,high,Feature #23;Feature #24,Check network hardware;Inspect cable connections;Review network driver logs;Monitor packet loss rate
11907,0.5999,network_errors,Network Interface Issues,high,Feature #23;Feature #24,Check network hardware;Inspect cable connections;Review network driver logs;Monitor packet loss rate
11908,0.538,network_errors,Network Interface Issues,high,Feature #23;Feature #24,Check network hardware;Inspect cable connections;Review network driver logs;Monitor packet loss rate
13270,0.5371,network_errors,Network Interface Issues,high,Feature #23;Feature #24,Check network hardware;Inspect cable connections;Review network driver logs;Monitor packet loss rate
16151,0.5344,network_errors,Network Interface Issues,high,Feature #23;Feature #24,Check network hardware;Inspect cable connections;Review network driver logs;Monitor packet loss rate
16157,0.5701,network_errors,Network Interface Issues,high,Feature #23;Feature #24,Check network hardware;Inspect cable connections;Review network driver logs;Monitor packet loss rate
16160,0.5321,network_errors,Network Interface Issues,high,Feature #23;Feature #24,Check network hardware;Inspect cable connections;Review network driver logs;Monitor packet loss rate
16161,0.5232,network_errors,Network Interface Issues,high,Feature #23;Feature #24,Check network hardware;Inspect cable connections;Review network driver logs;Monitor packet loss rate
16162,0.5393,network_errors,Network Interface Issues,high,Feature #23;Feature #24,Check network hardware;Inspect cable connections;Review network driver logs;Monitor packet loss rate
16168,0.5257,network_errors,Network Interface Issues,high,Feature #23;Feature #24,Check network hardware;Inspect cable connections;Review network driver logs;Monitor packet loss rate
16174,0.5543,network_errors,Network Interface Issues,high,Feature #23;Feature #24,Check network hardware;Inspect cable connections;Review network driver logs;Monitor packet loss rate
16176,0.5235,network_errors,Network Interface Issues,high,Feature #23;Feature #24,Check network hardware;Inspect cable connections;Review network driver logs;Monitor packet loss rate
16177,0.5647,network_errors,Network Interface Issues,high,Feature #23;Feature #24,Check network hardware;Inspect cable connections;Review network driver logs;Monitor packet loss rate
16178,0.5276,network_errors,Network Interface Issues,high,Feature #23;Feature #24,Check network hardware;Inspect cable connections;Review network driver logs;Monitor packet loss rate
16179,0.5866,network_errors,Network Interface Issues,high,Feature #23;Feature #24,Check network hardware;Inspect cable connections;Review network driver logs;Monitor packet loss rate
16180,0.5551,network_errors,Network Interface Issues,high,Feature #23;Feature #24,Check network hardware;Inspect cable connections;Review network driver logs;Monitor packet loss rate
16181,0.5286,network_errors,Network Interface Issues,high,Feature #23;Feature #24,Check network hardware;Inspect cable connections;Review network driver logs;Monitor packet loss rate
16182,0.5616,network_errors,Network Interface Issues,high,Feature #23;Feature #24,Check network hardware;Inspect cable connections;Review network driver logs;Monitor packet loss rate
16183,0.5446,network_errors,Network Interface Issues,high,Feature #23;Feature #24,Check network hardware;Inspect cable connections;Review network driver logs;Monitor packet loss rate
16184,0.5906,network_errors,Network Interface Issues,high,Feature #23;Feature #24,Check network hardware;Inspect cable connections;Review network driver logs;Monitor packet loss rate
16185,0.5373,network_errors,Network Interface Issues,high,Feature #23;Feature #24,Check network hardware;Inspect cable connections;Review network driver logs;Monitor packet loss rate
16186,0.5393,network_errors,Network Interface Issues,high,Feature #23;Feature #24,Check network hardware;Inspect cable connections;Review network driver logs;Monitor packet loss rate
16187,0.5828,network_errors,Network Interface Issues,high,Feature #23;Feature #24,Check network hardware;Inspect cable connections;Review network driver logs;Monitor packet loss rate
16188,0.5616,network_errors,Network Interface Issues,high,Feature #23;Feature #24,Check network hardware;Inspect cable connections;Review network driver logs;Monitor packet loss rate
16189,0.593,network_errors,Network Interface Issues,high,Feature #23;Feature #24,Check network hardware;Inspect cable connections;Review network driver logs;Monitor packet loss rate
16190,0.5769,network_errors,Network Interface Issues,high,Feature #23;Feature #24,Check network hardware;Inspect cable connections;Review network driver logs;Monitor packet loss rate
16191,0.5228,network_errors,Network Interface Issues,high,Feature #23;Feature #24,Check network hardware;Inspect cable connections;Review network driver logs;Monitor packet loss rate
16192,0.5695,network_errors,Network Interface Issues,high,Feature #23;Feature #24,Check network hardware;Inspect cable connections;Review network driver logs;Monitor packet loss rate
16193,0.583,network_errors,Network Interface Issues,high,Feature #23;Feature #24,Check network hardware;Inspect cable connections;Review network driver logs;Monitor packet loss rate
16194,0.5831,network_errors,Network Interface Issues,high,Feature #23;Feature #24,Check network hardware;Inspect cable connections;Review network driver logs;Monitor packet loss rate
16195,0.5685,network_errors,Network Interface Issues,high,Feature #23;Feature #24,Check network hardware;Inspect cable connections;Review network driver logs;Monitor packet loss rate
16196,0.5763,network_errors,Network Interface Issues,high,Feature #23;Feature #24,Check network hardware;Inspect cable connections;Review network driver logs;Monitor packet loss rate
16197,0.5918,network_errors,Network Interface Issues,high,Feature #23;Feature #24,Check network hardware;Inspect cable connections;Review network driver logs;Monitor packet loss rate
16198,0.5511,network_errors,Network Interface Issues,high,Feature #23;Feature #24,Check network hardware;Inspect cable connections;Review network driver logs;Monitor packet loss rate
16199,0.5907,network_errors,Network Interface Issues,high,Feature #23;Feature #24,Check network hardware;Inspect cable connections;Review network driver logs;Monitor packet loss rate
16200,0.5948,network_errors,Network Interface Issues,high,Feature #23;Feature #24,Check network hardware;Inspect cable connections;Review network driver logs;Monitor packet loss rate
16201,0.5563,network_errors,Network Interface Issues,high,Feature #23;Feature #24,Check network hardware;Inspect cable connections;Review network driver logs;Monitor packet loss rate
16202,0.5486,network_errors,Network Interface Issues,high,Feature #23;Feature #24,Check network hardware;Inspect cable connections;Review network driver logs;Monitor packet loss rate
16203,0.5593,network_errors,Network Interface Issues,high,Feature #23;Feature #24,Check network hardware;Inspect cable connections;Review network driver logs;Monitor packet loss rate
16204,0.5924,network_errors,Network Interface Issues,high,Feature #23;Feature #24,Check network hardware;Inspect cable connections;Review network driver logs;Monitor packet loss rate
16205,0.5664,network_errors,Network Interface Issues,high,Feature #23;Feature #24,Check network hardware;Inspect cable connections;Review network driver logs;Monitor packet loss rate
16206,0.5577,network_errors,Network Interface Issues,high,Feature #23;Feature #24,Check network hardware;Inspect cable connections;Review network driver logs;Monitor packet loss rate
16207,0.5844,network_errors,Network Interface Issues,high,Feature #23;Feature #24,Check network hardware;Inspect cable connections;Review network driver logs;Monitor packet loss rate
16208,0.5449,network_errors,Network Interface Issues,high,Feature #23;Feature #24,Check network hardware;Inspect cable connections;Review network driver logs;Monitor packet loss rate
16209,0.5956,network_errors,Network Interface Issues,high,Feature #23;Feature #24,Check network hardware;Inspect cable connections;Review network driver logs;Monitor packet loss rate
16210,0.5825,network_errors,Network Interface Issues,high,Feature #23;Feature #24,Check network hardware;Inspect cable connections;Review network driver logs;Monitor packet loss rate
16211,0.5634,network_errors,Network Interface Issues,high,Feature #23;Feature #24,Check network hardware;Inspect cable connections;Review network driver logs;Monitor packet loss rate
16212,0.5708,network_errors,Network Interface Issues,high,Feature #23;Feature #24,Check network hardware;Inspect cable connections;Review network driver logs;Monitor packet loss rate
16213,0.6011,network_errors,Network Interface Issues,high,Feature #23;Feature #24,Check network hardware;Inspect cable connections;Review network driver logs;Monitor packet loss rate
16214,0.5481,network_errors,Network Interface Issues,high,Feature #23;Feature #24,Check network hardware;Inspect cable connections;Review network driver logs;Monitor packet loss rate
16215,0.5711,network_errors,Network Interface Issues,high,Feature #23;Feature #24,Check network hardware;Inspect cable connections;Review network driver logs;Monitor packet loss rate
16216,0.5784,network_errors,Network Interface Issues,high,Feature #23;Feature #24,Check network hardware;Inspect cable connections;Review network driver logs;Monitor packet loss rate
16217,0.5929,network_errors,Network Interface Issues,high,Feature #23;Feature #24,Check network hardware;Inspect cable connections;Review network driver logs;Monitor packet loss rate
16218,0.614,network_errors,Network Interface Issues,high,Feature #23;Feature #24,Check network hardware;Inspect cable connections;Review network driver logs;Monitor packet loss rate
16219,0.5422,network_errors,Network Interface Issues,high,Feature #23;Feature #24,Check network hardware;Inspect cable connections;Review network driver logs;Monitor packet loss rate
16220,0.5965,network_errors,Network Interface Issues,high,Feature #23;Feature #24,Check network hardware;Inspect cable connections;Review network driver logs;Monitor packet loss rate
16221,0.5539,network_errors,Network Interface Issues,high,Feature #23;Feature #24,Check network hardware;Inspect cable connections;Review network driver logs;Monitor packet loss rate
16222,0.6085,network_errors,Network Interface Issues,high,Feature #23;Feature #24,Check network hardware;Inspect cable connections;Review network driver logs;Monitor packet loss rate
16223,0.6005,network_errors,Network Interface Issues,high,Feature #23;Feature #24,Check network hardware;Inspect cable connections;Review network driver logs;Monitor packet loss rate
16224,0.5816,network_errors,Network Interface Issues,high,Feature #23;Feature #24,Check network hardware;Inspect cable connections;Review network driver logs;Monitor packet loss rate
16225,0.574,network_errors,Network Interface Issues,high,Feature #23;Feature #24,Check network hardware;Inspect cable connections;Review network driver logs;Monitor packet loss rate
16226,0.5889,network_errors,Network Interface Issues,high,Feature #23;Feature #24,Check network hardware;Inspect cable connections;Review network driver logs;Monitor packet loss rate
16227,0.5669,network_errors,Network Interface Issues,high,Feature #23;Feature #24,Check network hardware;Inspect cable connections;Review network driver logs;Monitor packet loss rate
16228,0.5642,network_errors,Network Interface Issues,high,Feature #23;Feature #24,Check network hardware;Inspect cable connections;Review network driver logs;Monitor packet loss rate
16229,0.5526,network_errors,Network Interface Issues,high,Feature #23;Feature #24,Check network hardware;Inspect cable connections;Review network driver logs;Monitor packet loss rate
16230,0.5548,network_errors,Network Interface Issues,high,Feature #23;Feature #24,Check network hardware;Inspect cable connections;Review network driver logs;Monitor packet loss rate
16231,0.5286,network_errors,Network Interface Issues,high,Feature #23;Feature #24,Check network hardware;Inspect cable connections;Review network driver logs;Monitor packet loss rate
16233,0.5331,network_errors,Network Interface Issues,high,Feature #23;Feature #24,Check network hardware;Inspect cable connections;Review network driver logs;Monitor packet loss rate
16234,0.5283,network_errors,Network Interface Issues,high,Feature #23;Feature #24,Check network hardware;Inspect cable connections;Review network driver logs;Monitor packet loss rate
16236,0.5222,network_errors,Network Interface Issues,high,Feature #23;Feature #24,Check network hardware;Inspect cable connections;Review network driver logs;Monitor packet loss rate
16703,0.5461,network_errors,Network Interface Issues,high,Feature #23;Feature #24,Check network hardware;Inspect cable connections;Review network driver logs;Monitor packet loss rate
16707,0.5353,network_errors,Network Interface Issues,high,Feature #23;Feature #24,Check network hardware;Inspect cable connections;Review network driver logs;Monitor packet loss rate
17502,0.535,network_errors,Network Interface Issues,high,Feature #23;Feature #24,Check network hardware;Inspect cable connections;Review network driver logs;Monitor packet loss rate
17503,0.5426,network_errors,Network Interface Issues,high,Feature #23;Feature #24,Check network hardware;Inspect cable connections;Review network driver logs;Monitor packet loss rate
17599,0.5418,network_errors,Network Interface Issues,high,Feature #23;Feature #24,Check network hardware;Inspect cable connections;Review network driver logs;Monitor packet loss rate
17605,0.5359,network_errors,Network Interface Issues,high,Feature #23;Feature #24,Check network hardware;Inspect cable connections;Review network driver logs;Monitor packet loss rate
17608,0.5444,network_errors,Network Interface Issues,high,Feature #23;Feature #24,Check network hardware;Inspect cable connections;Review network driver logs;Monitor packet loss rate
17609,0.5793,network_errors,Network Interface Issues,high,Feature #23;Feature #24,Check network hardware;Inspect cable connections;Review network driver logs;Monitor packet loss rate
17610,0.5609,network_errors,Network Interface Issues,high,Feature #23;Feature #24,Check network hardware;Inspect cable connections;Review network driver logs;Monitor packet loss rate
17612,0.5643,network_errors,Network Interface Issues,high,Feature #23;Feature #24,Check network hardware;Inspect cable connections;Review network driver logs;Monitor packet loss rate
17613,0.5408,network_errors,Network Interface Issues,high,Feature #23;Feature #24,Check network hardware;Inspect cable connections;Review network driver logs;Monitor packet loss rate
17614,0.584,network_errors,Network Interface Issues,high,Feature #23;Feature #24,Check network hardware;Inspect cable connections;Review network driver logs;Monitor packet loss rate
17617,0.5898,network_errors,Network Interface Issues,high,Feature #23;Feature #24,Check network hardware;Inspect cable connections;Review network driver logs;Monitor packet loss rate
17618,0.5794,network_errors,Network Interface Issues,high,Feature #23;Feature #24,Check network hardware;Inspect cable connections;Review network driver logs;Monitor packet loss rate
17619,0.533,network_errors,Network Interface Issues,high,Feature #23;Feature #24,Check network hardware;Inspect cable connections;Review network driver logs;Monitor packet loss rate
17620,0.5636,network_errors,Network Interface Issues,high,Feature #23;Feature #24,Check network hardware;Inspect cable connections;Review network driver logs;Monitor packet loss rate
17621,0.5933,network_errors,Network Interface Issues,high,Feature #23;Feature #24,Check network hardware;Inspect cable connections;Review network driver logs;Monitor packet loss rate
17622,0.5982,network_errors,Network Interface Issues,high,Feature #23;Feature #24,Check network hardware;Inspect cable connections;Review network driver logs;Monitor packet loss rate
17623,0.5357,network_errors,Network Interface Issues,high,Feature #23;Feature #24,Check network hardware;Inspect cable connections;Review network driver logs;Monitor packet loss rate
17624,0.5893,network_errors,Network Interface Issues,high,Feature #23;Feature #24,Check network hardware;Inspect cable connections;Review network driver logs;Monitor packet loss rate
17625,0.584,network_errors,Network Interface Issues,high,Feature #23;Feature #24,Check network hardware;Inspect cable connections;Review network driver logs;Monitor packet loss rate
17626,0.5429,network_errors,Network Interface Issues,high,Feature #23;Feature #24,Check network hardware;Inspect cable connections;Review network driver logs;Monitor packet loss rate
17627,0.5406,network_errors,Network Interface Issues,high,Feature #23;Feature #24,Check network hardware;Inspect cable connections;Review network driver logs;Monitor packet loss rate
17628,0.5297,network_errors,Network Interface Issues,high,Feature #23;Feature #24,Check network hardware;Inspect cable connections;Review network driver logs;Monitor packet loss rate
17629,0.5259,network_errors,Network Interface Issues,high,Feature #23;Feature #24,Check network hardware;Inspect cable connections;Review network driver logs;Monitor packet loss rate
17630,0.5472,network_errors,Network Interface Issues,high,Feature #23;Feature #24,Check network hardware;Inspect cable connections;Review network driver logs;Monitor packet loss rate
17631,0.5304,network_errors,Network Interface Issues,high,Feature #23;Feature #24,Check network hardware;Inspect cable connections;Review network driver logs;Monitor packet loss rate
17632,0.5535,network_errors,Network Interface Issues,high,Feature #23;Feature #24,Check network hardware;Inspect cable connections;Review network driver logs;Monitor packet loss rate
17633,0.5282,network_errors,Network Interface Issues,high,Feature #23;Feature #24,Check network hardware;Inspect cable connections;Review network driver logs;Monitor packet loss rate
17634,0.5423,network_errors,Network Interface Issues,high,Feature #23;Feature #24,Check network hardware;Inspect cable connections;Review network driver logs;Monitor packet loss rate
17635,0.5415,network_errors,Network Interface Issues,high,Feature #23;Feature #24,Check network hardware;Inspect cable connections;Review network driver logs;Monitor packet loss rate
17636,0.5334,network_errors,Network Interface Issues,high,Feature #23;Feature #24,Check network hardware;Inspect cable connections;Review network driver logs;Monitor packet loss rate
17637,0.5349,network_errors,Network Interface Issues,high,Feature #23;Feature #24,Check network hardware;Inspect cable connections;Review network driver logs;Monitor packet loss rate
17638,0.522,network_errors,Network Interface Issues,high,Feature #23;Feature #24,Check network hardware;Inspect cable connections;Review network driver logs;Monitor packet loss rate
17639,0.6055,network_errors,Network Interface Issues,high,Feature #23;Feature #24,Check network hardware;Inspect cable connections;Review network driver logs;Monitor packet loss rate
17640,0.5492,network_errors,Network Interface Issues,high,Feature #23;Feature #24,Check network hardware;Inspect cable connections;Review network driver logs;Monitor packet loss rate
17641,0.5715,network_errors,Network Interface Issues,high,Feature #23;Feature #24,Check network hardware;Inspect cable connections;Review network driver logs;Monitor packet loss rate
17642,0.5974,network_errors,Network Interface Issues,high,Feature #23;Feature #24,Check network hardware;Inspect cable connections;Review network driver logs;Monitor packet loss rate
17643,0.5427,network_errors,Network Interface Issues,high,Feature #23;Feature #24,Check network hardware;Inspect cable connections;Review network driver logs;Monitor packet loss rate
17644,0.5698,network_errors,Network Interface Issues,high,Feature #23;Feature #24,Check network hardware;Inspect cable connections;Review network driver logs;Monitor packet loss rate
17645,0.5965,network_errors,Network Interface Issues,high,Feature #23;Feature #24,Check network hardware;Inspect cable connections;Review network driver logs;Monitor packet loss rate
17646,0.5477,network_errors,Network Interface Issues,high,Feature #23;Feature #24,Check network hardware;Inspect cable connections;Review network driver logs;Monitor packet loss rate
17647,0.5496,network_errors,Network Interface Issues,high,Feature #23;Feature #24,Check network hardware;Inspect cable connections;Review network driver logs;Monitor packet loss rate
17648,0.5443,network_errors,Network Interface Issues,high,Feature #23;Feature #24,Check network hardware;Inspect cable connections;Review network driver logs;Monitor packet loss rate
17649,0.5393,network_errors,Network Interface Issues,high,Feature #23;Feature #24,Check network hardware;Inspect cable connections;Review network driver logs;Monitor packet loss rate
17650,0.5286,network_errors,Network Interface Issues,high,Feature #23;Feature #24,Check network hardware;Inspect cable connections;Review network driver logs;Monitor packet loss rate
17651,0.5965,network_errors,Network Interface Issues,high,Feature #23;Feature #24,Check network hardware;Inspect cable connections;Review network driver logs;Monitor packet loss rate
17652,0.5486,network_errors,Network Interface Issues,high,Feature #23;Feature #24,Check network hardware;Inspect cable connections;Review network driver logs;Monitor packet loss rate
17653,0.5363,network_errors,Network Interface Issues,high,Feature #23;Feature #24,Check network hardware;Inspect cable connections;Review network driver logs;Monitor packet loss rate
17654,0.5439,network_errors,Network Interface Issues,high,Feature #23;Feature #24,Check network hardware;Inspect cable connections;Review network driver logs;Monitor packet loss rate
17655,0.5585,network_errors,Network Interface Issues,high,Feature #23;Feature #24,Check network hardware;Inspect cable connections;Review network driver logs;Monitor packet loss rate
17656,0.5469,network_errors,Network Interface Issues,high,Feature #23;Feature #24,Check network hardware;Inspect cable connections;Review network driver logs;Monitor packet loss rate
17657,0.5417,network_errors,Network Interface Issues,high,Feature #23;Feature #24,Check network hardware;Inspect cable connections;Review network driver logs;Monitor packet loss rate
17658,0.5757,network_errors,Network Interface Issues,high,Feature #23;Feature #24,Check network hardware;Inspect cable connections;Review network driver logs;Monitor packet loss rate
17659,0.5416,network_errors,Network Interface Issues,high,Feature #23;Feature #24,Check network hardware;Inspect cable connections;Review network driver logs;Monitor packet loss rate
17660,0.5542,network_errors,Network Interface Issues,high,Feature #23;Feature #24,Check network hardware;Inspect cable connections;Review network driver logs;Monitor packet loss rate
17661,0.6034,network_errors,Network Interface Issues,high,Feature #23;Feature #24,Check network hardware;Inspect cable connections;Review network driver logs;Monitor packet loss rate
17662,0.5683,network_errors,Network Interface Issues,high,Feature #23;Feature #24,Check network hardware;Inspect cable connections;Review network driver logs;Monitor packet loss rate
17663,0.5637,network_errors,Network Interface Issues,high,Feature #23;Feature #24,Check network hardware;Inspect cable connections;Review network driver logs;Monitor packet loss rate
17664,0.5699,network_errors,Network Interface Issues,high,Feature #23;Feature #24,Check network hardware;Inspect cable connections;Review network driver logs;Monitor packet loss rate
17665,0.5523,network_errors,Network Interface Issues,high,Feature #23;Feature #24,Check network hardware;Inspect cable connections;Review network driver logs;Monitor packet loss rate
17666,0.5634,network_errors,Network Interface Issues,high,Feature #23;Feature #24,Check network hardware;Inspect cable connections;Review network driver logs;Monitor packet loss rate
17667,0.5481,network_errors,Network Interface Issues,high,Feature #23;Feature #24,Check network hardware;Inspect cable connections;Review network driver logs;Monitor packet loss rate
17668,0.5204,network_errors,Network Interface Issues,high,Feature #23;Feature #24,Check network hardware;Inspect cable connections;Review network driver logs;Monitor packet loss rate
17669,0.5358,network_errors,Network Interface Issues,high,Feature #23;Feature #24,Check network hardware;Inspect cable connections;Review network driver logs;Monitor packet loss rate
18123,0.5579,network_errors,Network Interface Issues,high,Feature #23;Feature #24,Check network hardware;Inspect cable connections;Review network driver logs;Monitor packet loss rate
18124,0.561,network_errors,Network Interface Issues,high,Feature #23;Feature #24,Check network hardware;Inspect cable connections;Review network driver logs;Monitor packet loss rate
18126,0.5383,network_errors,Network Interface Issues,high,Feature #23;Feature #24,Check network hardware;Inspect cable connections;Review network driver logs;Monitor packet loss rate
18127,0.5224,network_errors,Network Interface Issues,high,Feature #23;Feature #24,Check network hardware;Inspect cable connections;Review network driver logs;Monitor packet loss rate
18129,0.5716,network_errors,Network Interface Issues,high,Feature #23;Feature #24,Check network hardware;Inspect cable connections;Review network driver logs;Monitor packet loss rate
18131,0.5277,network_errors,Network Interface Issues,high,Feature #23;Feature #24,Check network hardware;Inspect cable connections;Review network driver logs;Monitor packet loss rate
18132,0.545,network_errors,Network Interface Issues,high,Feature #23;Feature #24,Check network hardware;Inspect cable connections;Review network driver logs;Monitor packet loss rate
18133,0.5213,network_errors,Network Interface Issues,high,Feature #23;Feature #24,Check network hardware;Inspect cable connections;Review network driver logs;Monitor packet loss rate
18134,0.5711,network_errors,Network Interface Issues,high,Feature #23;Feature #24,Check network hardware;Inspect cable connections;Review network driver logs;Monitor packet loss rate
18135,0.5535,network_errors,Network Interface Issues,high,Feature #23;Feature #24,Check network hardware;Inspect cable connections;Review network driver logs;Monitor packet loss rate
18136,0.5289,network_errors,Network Interface Issues,high,Feature #23;Feature #24,Check network hardware;Inspect cable connections;Review network driver logs;Monitor packet loss rate
18137,0.5484,network_errors,Network Interface Issues,high,Feature #23;Feature #24,Check network hardware;Inspect cable connections;Review network driver logs;Monitor packet loss rate
18138,0.5311,network_errors,Network Interface Issues,high,Feature #23;Feature #24,Check network hardware;Inspect cable connections;Review network driver logs;Monitor packet loss rate
18139,0.6068,network_errors,Network Interface Issues,high,Feature #23;Feature #24,Check network hardware;Inspect cable connections;Review network driver logs;Monitor packet loss rate
18140,0.5464,network_errors,Network Interface Issues,high,Feature #23;Feature #24,Check network hardware;Inspect cable connections;Review network driver logs;Monitor packet loss rate
18142,0.532,network_errors,Network Interface Issues,high,Feature #23;Feature #24,Check network hardware;Inspect cable connections;Review network driver logs;Monitor packet loss rate
18143,0.5405,network_errors,Network Interface Issues,high,Feature #23;Feature #24,Check network hardware;Inspect cable connections;Review network driver logs;Monitor packet loss rate
18144,0.5814,network_errors,Network Interface Issues,high,Feature #23;Feature #24,Check network hardware;Inspect cable connections;Review network driver logs;Monitor packet loss rate
19054,0.5206,network_errors,Network Interface Issues,high,Feature #23;Feature #24,Check network hardware;Inspect cable connections;Review network driver logs;Monitor packet loss rate
19055,0.5303,network_errors,Network Interface Issues,high,Feature #23;Feature #24,Check network hardware;Inspect cable connections;Review network driver logs;Monitor packet loss rate
19056,0.5639,network_errors,Network Interface Issues,high,Feature #23;Feature #24,Check network hardware;Inspect cable connections;Review network driver logs;Monitor packet loss rate
19058,0.5309,network_errors,Network Interface Issues,high,Feature #23;Feature #24,Check network hardware;Inspect cable connections;Review network driver logs;Monitor packet loss rate
19059,0.5565,network_errors,Network Interface Issues,high,Feature #23;Feature #24,Check network hardware;Inspect cable connections;Review network driver logs;Monitor packet loss rate
19060,0.5878,network_errors,Network Interface Issues,high,Feature #23;Feature #24,Check network hardware;Inspect cable connections;Review network driver logs;Monitor packet loss rate
19061,0.5312,network_errors,Network Interface Issues,high,Feature #23;Feature #24,Check network hardware;Inspect cable connections;Review network driver logs;Monitor packet loss rate
19062,0.5415,network_errors,Network Interface Issues,high,Feature #23;Feature #24,Check network hardware;Inspect cable connections;Review network driver logs;Monitor packet loss rate
19063,0.5347,network_errors,Network Interface Issues,high,Feature #23;Feature #24,Check network hardware;Inspect cable connections;Review network driver logs;Monitor packet loss rate
19064,0.5381,network_errors,Network Interface Issues,high,Feature #23;Feature #24,Check network hardware;Inspect cable connections;Review network driver logs;Monitor packet loss rate
19065,0.5289,network_errors,Network Interface Issues,high,Feature #23;Feature #24,Check network hardware;Inspect cable connections;Review network driver logs;Monitor packet loss rate
19066,0.5391,network_errors,Network Interface Issues,high,Feature #23;Feature #24,Check network hardware;Inspect cable connections;Review network driver logs;Monitor packet loss rate
19067,0.5395,network_errors,Network Interface Issues,high,Feature #23;Feature #24,Check network hardware;Inspect cable connections;Review network driver logs;Monitor packet loss rate
19068,0.5685,network_errors,Network Interface Issues,high,Feature #23;Feature #24,Check network hardware;Inspect cable connections;Review network driver logs;Monitor packet loss rate
19069,0.5882,network_errors,Network Interface Issues,high,Feature #23;Feature #24,Check network hardware;Inspect cable connections;Review network driver logs;Monitor packet loss rate
19070,0.5244,network_errors,Network Interface Issues,high,Feature #23;Feature #24,Check network hardware;Inspect cable connections;Review network driver logs;Monitor packet loss rate
19071,0.537,network_errors,Network Interface Issues,high,Feature #23;Feature #24,Check network hardware;Inspect cable connections;Review network driver logs;Monitor packet loss rate
19072,0.5358,network_errors,Network Interface Issues,high,Feature #23;Feature #24,Check network hardware;Inspect cable connections;Review network driver logs;Monitor packet loss rate
19073,0.5445,network_errors,Network Interface Issues,high,Feature #23;Feature #24,Check network hardware;Inspect cable connections;Review network driver logs;Monitor packet loss rate
19074,0.5833,network_errors,Network Interface Issues,high,Feature #23;Feature #24,Check network hardware;Inspect cable connections;Review network driver logs;Monitor packet loss rate
19076,0.5551,network_errors,Network Interface Issues,high,Feature #23;Feature #24,Check network hardware;Inspect cable connections;Review network driver logs;Monitor packet loss rate
19077,0.5887,network_errors,Network Interface Issues,high,Feature #23;Feature #24,Check network hardware;Inspect cable connections;Review network driver logs;Monitor packet loss rate
19078,0.5676,network_errors,Network Interface Issues,high,Feature #23;Feature #24,Check network hardware;Inspect cable connections;Review network driver logs;Monitor packet loss rate
19079,0.5339,network_errors,Network Interface Issues,high,Feature #23;Feature #24,Check network hardware;Inspect cable connections;Review network driver logs;Monitor packet loss rate
19080,0.5417,network_errors,Network Interface Issues,high,Feature #23;Feature #24,Check network hardware;Inspect cable connections;Review network driver logs;Monitor packet loss rate
19081,0.5764,network_errors,Network Interface Issues,high,Feature #23;Feature #24,Check network hardware;Inspect cable connections;Review network driver logs;Monitor packet loss rate
19082,0.6112,network_errors,Network Interface Issues,high,Feature #23;Feature #24,Check network hardware;Inspect cable connections;Review network driver logs;Monitor packet loss rate
19083,0.5764,network_errors,Network Interface Issues,high,Feature #23;Feature #24,Check network hardware;Inspect cable connections;Review network driver logs;Monitor packet loss rate
19084,0.5344,network_errors,Network Interface Issues,high,Feature #23;Feature #24,Check network hardware;Inspect cable connections;Review network driver logs;Monitor packet loss rate
19085,0.5402,network_errors,Network Interface Issues,high,Feature #23;Feature #24,Check network hardware;Inspect cable connections;Review network driver logs;Monitor packet loss rate
19086,0.5677,network_errors,Network Interface Issues,high,Feature #23;Feature #24,Check network hardware;Inspect cable connections;Review network driver logs;Monitor packet loss rate
19087,0.5965,network_errors,Network Interface Issues,high,Feature #23;Feature #24,Check network hardware;Inspect cable connections;Review network driver logs;Monitor packet loss rate
19088,0.5444,network_errors,Network Interface Issues,high,Feature #23;Feature #24,Check network hardware;Inspect cable connections;Review network driver logs;Monitor packet loss rate
19089,0.5395,network_errors,Network Interface Issues,high,Feature #23;Feature #24,Check network hardware;Inspect cable connections;Review network driver logs;Monitor packet loss rate
19090,0.5402,network_errors,Network Interface Issues,high,Feature #23;Feature #24,Check network hardware;Inspect cable connections;Review network driver logs;Monitor packet loss rate
19091,0.5984,network_errors,Network Interface Issues,high,Feature #23;Feature #24,Check network hardware;Inspect cable connections;Review network driver logs;Monitor packet loss rate
19092,0.5642,network_errors,Network Interface Issues,high,Feature #23;Feature #24,Check network hardware;Inspect cable connections;Review network driver logs;Monitor packet loss rate
19093,0.5296,network_errors,Network Interface Issues,high,Feature #23;Feature #24,Check network hardware;Inspect cable connections;Review network driver logs;Monitor packet loss rate
19094,0.5984,network_errors,Network Interface Issues,high,Feature #23;Feature #24,Check network hardware;Inspect cable connections;Review network driver logs;Monitor packet loss rate
19095,0.5937,network_errors,Network Interface Issues,high,Feature #23;Feature #24,Check network hardware;Inspect cable connections;Review network driver logs;Monitor packet loss rate
19096,0.555,network_errors,Network Interface Issues,high,Feature #23;Feature #24,Check network hardware;Inspect cable connections;Review network driver logs;Monitor packet loss rate
19097,0.5453,network_errors,Network Interface Issues,high,Feature #23;Feature #24,Check network hardware;Inspect cable connections;Review network driver logs;Monitor packet loss rate
19098,0.5758,network_errors,Network Interface Issues,high,Feature #23;Feature #24,Check network hardware;Inspect cable connections;Review network driver logs;Monitor packet loss rate
19099,0.6057,network_errors,Network Interface Issues,high,Feature #23;Feature #24,Check network hardware;Inspect cable connections;Review network driver logs;Monitor packet loss rate
19100,0.5983,network_errors,Network Interface Issues,high,Feature #23;Feature #24,Check network hardware;Inspect cable connections;Review network driver logs;Monitor packet loss rate
19101,0.57,network_errors,Network Interface Issues,high,Feature #23;Feature #24,Check network hardware;Inspect cable connections;Review network driver logs;Monitor packet loss rate
19102,0.5537,network_errors,Network Interface Issues,high,Feature #23;Feature #24,Check network hardware;Inspect cable connections;Review network driver logs;Monitor packet loss rate
19103,0.5487,network_errors,Network Interface Issues,high,Feature #23;Feature #24,Check network hardware;Inspect cable connections;Review network driver logs;Monitor packet loss rate
19104,0.5379,network_errors,Network Interface Issues,high,Feature #23;Feature #24,Check network hardware;Inspect cable connections;Review network driver logs;Monitor packet loss rate
19105,0.5939,network_errors,Network Interface Issues,high,Feature #23;Feature #24,Check network hardware;Inspect cable connections;Review network driver logs;Monitor packet loss rate
19106,0.5571,network_errors,Network Interface Issues,high,Feature #23;Feature #24,Check network hardware;Inspect cable connections;Review network driver logs;Monitor packet loss rate
19107,0.5865,network_errors,Network Interface Issues,high,Feature #23;Feature #24,Check network hardware;Inspect cable connections;Review network driver logs;Monitor packet loss rate
19108,0.5935,network_errors,Network Interface Issues,high,Feature #23;Feature #24,Check network hardware;Inspect cable connections;Review network driver logs;Monitor packet loss rate
19109,0.5293,network_errors,Network Interface Issues,high,Feature #23;Feature #24,Check network hardware;Inspect cable connections;Review network driver logs;Monitor packet loss rate
19110,0.5516,network_errors,Network Interface Issues,high,Feature #23;Feature #24,Check network hardware;Inspect cable connections;Review network driver logs;Monitor packet loss rate
19111,0.5299,network_errors,Network Interface Issues,high,Feature #23;Feature #24,Check network hardware;Inspect cable connections;Review network driver logs;Monitor packet loss rate
19112,0.5462,network_errors,Network Interface Issues,high,Feature #23;Feature #24,Check network hardware;Inspect cable connections;Review network driver logs;Monitor packet loss rate
20490,0.5439,network_errors,Network Interface Issues,high,Feature #23;Feature #24,Check network hardware;Inspect cable connections;Review network driver logs;Monitor packet loss rate
20493,0.5234,network_errors,Network Interface Issues,high,Feature #23;Feature #24,Check network hardware;Inspect cable connections;Review network driver logs;Monitor packet loss rate
20497,0.5543,network_errors,Network Interface Issues,high,Feature #23;Feature #24,Check network hardware;Inspect cable connections;Review network driver logs;Monitor packet loss rate
20498,0.5669,network_errors,Network Interface Issues,high,Feature #23;Feature #24,Check network hardware;Inspect cable connections;Review network driver logs;Monitor packet loss rate
20499,0.55,network_errors,Network Interface Issues,high,Feature #23;Feature #24,Check network hardware;Inspect cable connections;Review network driver logs;Monitor packet loss rate
20500,0.5475,network_errors,Network Interface Issues,high,Feature #23;Feature #24,Check network hardware;Inspect cable connections;Review network driver logs;Monitor packet loss rate
20501,0.6012,network_errors,Network Interface Issues,high,Feature #23;Feature #24,Check network hardware;Inspect cable connections;Review network driver logs;Monitor packet loss rate
20502,0.5442,network_errors,Network Interface Issues,high,Feature #23;Feature #24,Check network hardware;Inspect cable connections;Review network driver logs;Monitor packet loss rate
20503,0.5574,network_errors,Network Interface Issues,high,Feature #23;Feature #24,Check network hardware;Inspect cable connections;Review network driver logs;Monitor packet loss rate
20504,0.5293,network_errors,Network Interface Issues,high,Feature #23;Feature #24,Check network hardware;Inspect cable connections;Review network driver logs;Monitor packet loss rate
20505,0.5977,network_errors,Network Interface Issues,high,Feature #23;Feature #24,Check network hardware;Inspect cable connections;Review network driver logs;Monitor packet loss rate
20506,0.5311,network_errors,Network Interface Issues,high,Feature #23;Feature #24,Check network hardware;Inspect cable connections;Review network driver logs;Monitor packet loss rate
20507,0.5528,network_errors,Network Interface Issues,high,Feature #23;Feature #24,Check network hardware;Inspect cable connections;Review network driver logs;Monitor packet loss rate
20508,0.5219,network_errors,Network Interface Issues,high,Feature #23;Feature #24,Check network hardware;Inspect cable connections;Review network driver logs;Monitor packet loss rate
20509,0.5768,network_errors,Network Interface Issues,high,Feature #23;Feature #24,Check network hardware;Inspect cable connections;Review network driver logs;Monitor packet loss rate
20510,0.5364,network_errors,Network Interface Issues,high,Feature #23;Feature #24,Check network hardware;Inspect cable connections;Review network driver logs;Monitor packet loss rate
20511,0.5496,network_errors,Network Interface Issues,high,Feature #23;Feature #24,Check network hardware;Inspect cable connections;Review network driver logs;Monitor packet loss rate
20512,0.5404,network_errors,Network Interface Issues,high,Feature #23;Feature #24,Check network hardware;Inspect cable connections;Review network driver logs;Monitor packet loss rate
20513,0.5894,network_errors,Network Interface Issues,high,Feature #23;Feature #24,Check network hardware;Inspect cable connections;Review network driver logs;Monitor packet loss rate
20514,0.5525,network_errors,Network Interface Issues,high,Feature #23;Feature #24,Check network hardware;Inspect cable connections;Review network driver logs;Monitor packet loss rate
20515,0.55,network_errors,Network Interface Issues,high,Feature #23;Feature #24,Check network hardware;Inspect cable connections;Review network driver logs;Monitor packet loss rate
20516,0.5306,network_errors,Network Interface Issues,high,Feature #23;Feature #24,Check network hardware;Inspect cable connections;Review network driver logs;Monitor packet loss rate
20517,0.5357,network_errors,Network Interface Issues,high,Feature #23;Feature #24,Check network hardware;Inspect cable connections;Review network driver logs;Monitor packet loss rate
20518,0.5592,network_errors,Network Interface Issues,high,Feature #23;Feature #24,Check network hardware;Inspect cable connections;Review network driver logs;Monitor packet loss rate
20519,0.5334,network_errors,Network Interface Issues,high,Feature #23;Feature #24,Check network hardware;Inspect cable connections;Review network driver logs;Monitor packet loss rate
20520,0.5243,network_errors,Network Interface Issues,high,Feature #23;Feature #24,Check network hardware;Inspect cable connections;Review network driver logs;Monitor packet loss rate
20521,0.5361,network_errors,Network Interface Issues,high,Feature #23;Feature #24,Check network hardware;Inspect cable connections;Review network driver logs;Monitor packet loss rate
20522,0.53,network_errors,Network Interface Issues,high,Feature #23;Feature #24,Check network hardware;Inspect cable connections;Review network driver logs;Monitor packet loss rate
20523,0.5755,network_errors,Network Interface Issues,high,Feature #23;Feature #24,Check network hardware;Inspect cable connections;Review network driver logs;Monitor packet loss rate
20524,0.5327,network_errors,Network Interface Issues,high,Feature #23;Feature #24,Check network hardware;Inspect cable connections;Review network driver logs;Monitor packet loss rate
20525,0.5309,network_errors,Network Interface Issues,high,Feature #23;Feature #24,Check network hardware;Inspect cable connections;Review network driver logs;Monitor packet loss rate
20526,0.5878,network_errors,Network Interface Issues,high,Feature #23;Feature #24,Check network hardware;Inspect cable connections;Review network driver logs;Monitor packet loss rate
20527,0.5716,network_errors,Network Interface Issues,high,Feature #23;Feature #24,Check network hardware;Inspect cable connections;Review network driver logs;Monitor packet loss rate
20528,0.5437,network_errors,Network Interface Issues,high,Feature #23;Feature #24,Check network hardware;Inspect cable connections;Review network driver logs;Monitor packet loss rate
20529,0.5462,network_errors,Network Interface Issues,high,Feature #23;Feature #24,Check network hardware;Inspect cable connections;Review network driver logs;Monitor packet loss rate
20530,0.5369,network_errors,Network Interface Issues,high,Feature #23;Feature #24,Check network hardware;Inspect cable connections;Review network driver logs;Monitor packet loss rate
20531,0.5522,network_errors,Network Interface Issues,high,Feature #23;Feature #24,Check network hardware;Inspect cable connections;Review network driver logs;Monitor packet loss rate
20532,0.5363,network_errors,Network Interface Issues,high,Feature #23;Feature #24,Check network hardware;Inspect cable connections;Review network driver logs;Monitor packet loss rate
20533,0.5484,network_errors,Network Interface Issues,high,Feature #23;Feature #24,Check network hardware;Inspect cable connections;Review network driver logs;Monitor packet loss rate
20534,0.5664,network_errors,Network Interface Issues,high,Feature #23;Feature #24,Check network hardware;Inspect cable connections;Review network driver logs;Monitor packet loss rate
20535,0.5327,network_errors,Network Interface Issues,high,Feature #23;Feature #24,Check network hardware;Inspect cable connections;Review network driver logs;Monitor packet loss rate
20536,0.5325,network_errors,Network Interface Issues,high,Feature #23;Feature #24,Check network hardware;Inspect cable connections;Review network driver logs;Monitor packet loss rate
20537,0.5579,network_errors,Network Interface Issues,high,Feature #23;Feature #24,Check network hardware;Inspect cable connections;Review network driver logs;Monitor packet loss rate
20538,0.5446,network_errors,Network Interface Issues,high,Feature #23;Feature #24,Check network hardware;Inspect cable connections;Review network driver logs;Monitor packet loss rate
20539,0.5494,network_errors,Network Interface Issues,high,Feature #23;Feature #24,Check network hardware;Inspect cable connections;Review network driver logs;Monitor packet loss rate
20540,0.5469,network_errors,Network Interface Issues,high,Feature #23;Feature #24,Check network hardware;Inspect cable connections;Review network driver logs;Monitor packet loss rate
20541,0.5575,network_errors,Network Interface Issues,high,Feature #23;Feature #24,Check network hardware;Inspect cable connections;Review network driver logs;Monitor packet loss rate
20542,0.5467,network_errors,Network Interface Issues,high,Feature #23;Feature #24,Check network hardware;Inspect cable connections;Review network driver logs;Monitor packet loss rate
20543,0.5592,network_errors,Network Interface Issues,high,Feature #23;Feature #24,Check network hardware;Inspect cable connections;Review network driver logs;Monitor packet loss rate
20544,0.5409,network_errors,Network Interface Issues,high,Feature #23;Feature #24,Check network hardware;Inspect cable connections;Review network driver logs;Monitor packet loss rate
20545,0.5908,network_errors,Network Interface Issues,high,Feature #23;Feature #24,Check network hardware;Inspect cable connections;Review network driver logs;Monitor packet loss rate
20546,0.5293,network_errors,Network Interface Issues,high,Feature #23;Feature #24,Check network hardware;Inspect cable connections;Review network driver logs;Monitor packet loss rate
20547,0.5541,network_errors,Network Interface Issues,high,Feature #23;Feature #24,Check network hardware;Inspect cable connections;Review network driver logs;Monitor packet loss rate
20548,0.543,network_errors,Network Interface Issues,high,Feature #23;Feature #24,Check network hardware;Inspect cable connections;Review network driver logs;Monitor packet loss rate
20549,0.5248,network_errors,Network Interface Issues,high,Feature #23;Feature #24,Check network hardware;Inspect cable connections;Review network driver logs;Monitor packet loss rate
20990,0.5665,network_errors,Network Interface Issues,high,Feature #23;Feature #24,Check network hardware;Inspect cable connections;Review network driver logs;Monitor packet loss rate
20991,0.5739,network_errors,Network Interface Issues,high,Feature #23;Feature #24,Check network hardware;Inspect cable connections;Review network driver logs;Monitor packet loss rate
20993,0.527,network_errors,Network Interface Issues,high,Feature #23;Feature #24,Check network hardware;Inspect cable connections;Review network driver logs;Monitor packet loss rate
20994,0.5429,network_errors,Network Interface Issues,high,Feature #23;Feature #24,Check network hardware;Inspect cable connections;Review network driver logs;Monitor packet loss rate
20995,0.5959,network_errors,Network Interface Issues,high,Feature #23;Feature #24,Check network hardware;Inspect cable connections;Review network driver logs;Monitor packet loss rate
20996,0.5548,network_errors,Network Interface Issues,high,Feature #23;Feature #24,Check network hardware;Inspect cable connections;Review network driver logs;Monitor packet loss rate
20998,0.5709,network_errors,Network Interface Issues,high,Feature #23;Feature #24,Check network hardware;Inspect cable connections;Review network driver logs;Monitor packet loss rate
20999,0.5924,network_errors,Network Interface Issues,high,Feature #23;Feature #24,Check network hardware;Inspect cable connections;Review network driver logs;Monitor packet loss rate
21000,0.5446,network_errors,Network Interface Issues,high,Feature #23;Feature #24,Check network hardware;Inspect cable connections;Review network driver logs;Monitor packet loss rate
21001,0.5323,network_errors,Network Interface Issues,high,Feature #23;Feature #24,Check network hardware;Inspect cable connections;Review network driver logs;Monitor packet loss rate
21002,0.5954,network_errors,Network Interface Issues,high,Feature #23;Feature #24,Check network hardware;Inspect cable connections;Review network driver logs;Monitor packet loss rate
21004,0.5239,network_errors,Network Interface Issues,high,Feature #23;Feature #24,Check network hardware;Inspect cable connections;Review network driver logs;Monitor packet loss rate
21005,0.55,network_errors,Network Interface Issues,high,Feature #23;Feature #24,Check network hardware;Inspect cable connections;Review network driver logs;Monitor packet loss rate
21006,0.6278,network_errors,Network Interface Issues,high,Feature #23;Feature #24,Check network hardware;Inspect cable connections;Review network driver logs;Monitor packet loss rate
21007,0.5276,network_errors,Network Interface Issues,high,Feature #23;Feature #24,Check network hardware;Inspect cable connections;Review network driver logs;Monitor packet loss rate
21008,0.5299,network_errors,Network Interface Issues,high,Feature #23;Feature #24,Check network hardware;Inspect cable connections;Review network driver logs;Monitor packet loss rate
21009,0.5317,network_errors,Network Interface Issues,high,Feature #23;Feature #24,Check network hardware;Inspect cable connections;Review network driver logs;Monitor packet loss rate
21010,0.5835,network_errors,Network Interface Issues,high,Feature #23;Feature #24,Check network hardware;Inspect cable connections;Review network driver logs;Monitor packet loss rate
21012,0.5342,network_errors,Network Interface Issues,high,Feature #23;Feature #24,Check network hardware;Inspect cable connections;Review network driver logs;Monitor packet loss rate
21014,0.5775,network_errors,Network Interface Issues,high,Feature #23;Feature #24,Check network hardware;Inspect cable connections;Review network driver logs;Monitor packet loss rate
21015,0.5625,network_errors,Network Interface Issues,high,Feature #23;Feature #24,Check network hardware;Inspect cable connections;Review network driver logs;Monitor packet loss rate
21016,0.5334,network_errors,Network Interface Issues,high,Feature #23;Feature #24,Check network hardware;Inspect cable connections;Review network driver logs;Monitor packet loss rate
21018,0.5802,network_errors,Network Interface Issues,high,Feature #23;Feature #24,Check network hardware;Inspect cable connections;Review network driver logs;Monitor packet loss rate
21019,0.5352,network_errors,Network Interface Issues,high,Feature #23;Feature #24,Check network hardware;Inspect cable connections;Review network driver logs;Monitor packet loss rate
21021,0.5294,network_errors,Network Interface Issues,high,Feature #23;Feature #24,Check network hardware;Inspect cable connections;Review network driver logs;Monitor packet loss rate
21022,0.5223,network_errors,Network Interface Issues,high,Feature #23;Feature #24,Check network hardware;Inspect cable connections;Review network driver logs;Monitor packet loss rate
21023,0.5646,network_errors,Network Interface Issues,high,Feature #23;Feature #24,Check network hardware;Inspect cable connections;Review network driver logs;Monitor packet loss rate
21919,0.5425,network_errors,Network Interface Issues,high,Feature #23;Feature #24,Check network hardware;Inspect cable connections;Review network driver logs;Monitor packet loss rate
21928,0.5276,network_errors,Network Interface Issues,high,Feature #23;Feature #24,Check network hardware;Inspect cable connections;Review network driver logs;Monitor packet loss rate
21930,0.5651,network_errors,Network Interface Issues,high,Feature #23;Feature #24,Check network hardware;Inspect cable connections;Review network driver logs;Monitor packet loss rate
21934,0.5224,network_errors,Network Interface Issues,high,Feature #23;Feature #24,Check network hardware;Inspect cable connections;Review network driver logs;Monitor packet loss rate
21937,0.5559,network_errors,Network Interface Issues,high,Feature #23;Feature #24,Check network hardware;Inspect cable connections;Review network driver logs;Monitor packet loss rate
21938,0.5354,network_errors,Network Interface Issues,high,Feature #23;Feature #24,Check network hardware;Inspect cable connections;Review network driver logs;Monitor packet loss rate
21939,0.5457,network_errors,Network Interface Issues,high,Feature #23;Feature #24,Check network hardware;Inspect cable connections;Review network driver logs;Monitor packet loss rate
21940,0.5325,network_errors,Network Interface Issues,high,Feature #23;Feature #24,Check network hardware;Inspect cable connections;Review network driver logs;Monitor packet loss rate
21941,0.5439,network_errors,Network Interface Issues,high,Feature #23;Feature #24,Check network hardware;Inspect cable connections;Review network driver logs;Monitor packet loss rate
21942,0.5562,network_errors,Network Interface Issues,high,Feature #23;Feature #24,Check network hardware;Inspect cable connections;Review network driver logs;Monitor packet loss rate
21943,0.5828,network_errors,Network Interface Issues,high,Feature #23;Feature #24,Check network hardware;Inspect cable connections;Review network driver logs;Monitor packet loss rate
21944,0.5824,network_errors,Network Interface Issues,high,Feature #23;Feature #24,Check network hardware;Inspect cable connections;Review network driver logs;Monitor packet loss rate
21945,0.5361,network_errors,Network Interface Issues,high,Feature #23;Feature #24,Check network hardware;Inspect cable connections;Review network driver logs;Monitor packet loss rate
21946,0.5293,network_errors,Network Interface Issues,high,Feature #23;Feature #24,Check network hardware;Inspect cable connections;Review network driver logs;Monitor packet loss rate
21947,0.5411,network_errors,Network Interface Issues,high,Feature #23;Feature #24,Check network hardware;Inspect cable connections;Review network driver logs;Monitor packet loss rate
21948,0.5888,network_errors,Network Interface Issues,high,Feature #23;Feature #24,Check network hardware;Inspect cable connections;Review network driver logs;Monitor packet loss rate
21949,0.5626,network_errors,Network Interface Issues,high,Feature #23;Feature #24,Check network hardware;Inspect cable connections;Review network driver logs;Monitor packet loss rate
21950,0.5339,network_errors,Network Interface Issues,high,Feature #23;Feature #24,Check network hardware;Inspect cable connections;Review network driver logs;Monitor packet loss rate
21951,0.5394,network_errors,Network Interface Issues,high,Feature #23;Feature #24,Check network hardware;Inspect cable connections;Review network driver logs;Monitor packet loss rate
21952,0.5621,network_errors,Network Interface Issues,high,Feature #23;Feature #24,Check network hardware;Inspect cable connections;Review network driver logs;Monitor packet loss rate
21953,0.5838,network_errors,Network Interface Issues,high,Feature #23;Feature #24,Check network hardware;Inspect cable connections;Review network driver logs;Monitor packet loss rate
21954,0.5616,network_errors,Network Interface Issues,high,Feature #23;Feature #24,Check network hardware;Inspect cable connections;Review network driver logs;Monitor packet loss rate
21955,0.547,network_errors,Network Interface Issues,high,Feature #23;Feature #24,Check network hardware;Inspect cable connections;Review network driver logs;Monitor packet loss rate
21956,0.5239,network_errors,Network Interface Issues,high,Feature #23;Feature #24,Check network hardware;Inspect cable connections;Review network driver logs;Monitor packet loss rate
21957,0.5347,network_errors,Network Interface Issues,high,Feature #23;Feature #24,Check network hardware;Inspect cable connections;Review network driver logs;Monitor packet loss rate
21958,0.5849,network_errors,Network Interface Issues,high,Feature #23;Feature #24,Check network hardware;Inspect cable connections;Review network driver logs;Monitor packet loss rate
21959,0.5442,network_errors,Network Interface Issues,high,Feature #23;Feature #24,Check network hardware;Inspect cable connections;Review network driver logs;Monitor packet loss rate
21960,0.5633,network_errors,Network Interface Issues,high,Feature #23;Feature #24,Check network hardware;Inspect cable connections;Review network driver logs;Monitor packet loss rate
21961,0.5611,network_errors,Network Interface Issues,high,Feature #23;Feature #24,Check network hardware;Inspect cable connections;Review network driver logs;Monitor packet loss rate
21962,0.5786,network_errors,Network Interface Issues,high,Feature #23;Feature #24,Check network hardware;Inspect cable connections;Review network driver logs;Monitor packet loss rate
21963,0.5878,network_errors,Network Interface Issues,high,Feature #23;Feature #24,Check network hardware;Inspect cable connections;Review network driver logs;Monitor packet loss rate
21964,0.5332,network_errors,Network Interface Issues,high,Feature #23;Feature #24,Check network hardware;Inspect cable connections;Review network driver logs;Monitor packet loss rate
21965,0.5455,network_errors,Network Interface Issues,high,Feature #23;Feature #24,Check network hardware;Inspect cable connections;Review network driver logs;Monitor packet loss rate
21966,0.5611,network_errors,Network Interface Issues,high,Feature #23;Feature #24,Check network hardware;Inspect cable connections;Review network driver logs;Monitor packet loss rate
21967,0.5981,network_errors,Network Interface Issues,high,Feature #23;Feature #24,Check network hardware;Inspect cable connections;Review network driver logs;Monitor packet loss rate
21968,0.5345,network_errors,Network Interface Issues,high,Feature #23;Feature #24,Check network hardware;Inspect cable connections;Review network driver logs;Monitor packet loss rate
21969,0.5549,network_errors,Network Interface Issues,high,Feature #23;Feature #24,Check network hardware;Inspect cable connections;Review network driver logs;Monitor packet loss rate
21970,0.5619,network_errors,Network Interface Issues,high,Feature #23;Feature #24,Check network hardware;Inspect cable connections;Review network driver logs;Monitor packet loss rate
21971,0.6032,network_errors,Network Interface Issues,high,Feature #23;Feature #24,Check network hardware;Inspect cable connections;Review network driver logs;Monitor packet loss rate
21972,0.6004,network_errors,Network Interface Issues,high,Feature #23;Feature #24,Check network hardware;Inspect cable connections;Review network driver logs;Monitor packet loss rate
21973,0.5395,network_errors,Network Interface Issues,high,Feature #23;Feature #24,Check network hardware;Inspect cable connections;Review network driver logs;Monitor packet loss rate
21974,0.5466,network_errors,Network Interface Issues,high,Feature #23;Feature #24,Check network hardware;Inspect cable connections;Review network driver logs;Monitor packet loss rate
21975,0.5614,network_errors,Network Interface Issues,high,Feature #23;Feature #24,Check network hardware;Inspect cable connections;Review network driver logs;Monitor packet loss rate
21976,0.6092,network_errors,Network Interface Issues,high,Feature #23;Feature #24,Check network hardware;Inspect cable connections;Review network driver logs;Monitor packet loss rate
21977,0.5581,network_errors,Network Interface Issues,high,Feature #23;Feature #24,Check network hardware;Inspect cable connections;Review network driver logs;Monitor packet loss rate
21978,0.5429,network_errors,Network Interface Issues,high,Feature #23;Feature #24,Check network hardware;Inspect cable connections;Review network driver logs;Monitor packet loss rate
21979,0.5931,network_errors,Network Interface Issues,high,Feature #23;Feature #24,Check network hardware;Inspect cable connections;Review network driver logs;Monitor packet loss rate
21980,0.6178,network_errors,Network Interface Issues,high,Feature #23;Feature #24,Check network hardware;Inspect cable connections;Review network driver logs;Monitor packet loss rate
21981,0.5441,network_errors,Network Interface Issues,high,Feature #23;Feature #24,Check network hardware;Inspect cable connections;Review network driver logs;Monitor packet loss rate
21982,0.5586,network_errors,Network Interface Issues,high,Feature #23;Feature #24,Check network hardware;Inspect cable connections;Review network driver logs;Monitor packet loss rate
21983,0.603,network_errors,Network Interface Issues,high,Feature #23;Feature #24,Check network hardware;Inspect cable connections;Review network driver logs;Monitor packet loss rate
21984,0.5997,network_errors,Network Interface Issues,high,Feature #23;Feature #24,Check network hardware;Inspect cable connections;Review network driver logs;Monitor packet loss rate
21985,0.5416,network_errors,Network Interface Issues,high,Feature #23;Feature #24,Check network hardware;Inspect cable connections;Review network driver logs;Monitor packet loss rate
21986,0.5566,network_errors,Network Interface Issues,high,Feature #23;Feature #24,Check network hardware;Inspect cable connections;Review network driver logs;Monitor packet loss rate
21987,0.6024,network_errors,Network Interface Issues,high,Feature #23;Feature #24,Check network hardware;Inspect cable connections;Review network driver logs;Monitor packet loss rate
21988,0.5751,network_errors,Network Interface Issues,high,Feature #23;Feature #24,Check network hardware;Inspect cable connections;Review network driver logs;Monitor packet loss rate
21989,0.549,network_errors,Network Interface Issues,high,Feature #23;Feature #24,Check network hardware;Inspect cable connections;Review network driver logs;Monitor packet loss rate
21990,0.5841,network_errors,Network Interface Issues,high,Feature #23;Feature #24,Check network hardware;Inspect cable connections;Review network driver logs;Monitor packet loss rate
21991,0.5436,network_errors,Network Interface Issues,high,Feature #23;Feature #24,Check network hardware;Inspect cable connections;Review network driver logs;Monitor packet loss rate
21995,0.5254,network_errors,Network Interface Issues,high,Feature #23;Feature #24,Check network hardware;Inspect cable connections;Review network driver logs;Monitor packet loss rate
22458,0.5223,network_errors,Network Interface Issues,high,Feature #23;Feature #24,Check network hardware;Inspect cable connections;Review network driver logs;Monitor packet loss rate
22463,0.5208,network_errors,Network Interface Issues,high,Feature #23;Feature #24,Check network hardware;Inspect cable connections;Review network driver logs;Monitor packet loss rate
22464,0.5228,network_errors,Network Interface Issues,high,Feature #23;Feature #24,Check network hardware;Inspect cable connections;Review network driver logs;Monitor packet loss rate
22467,0.5263,network_errors,Network Interface Issues,high,Feature #23;Feature #24,Check network hardware;Inspect cable connections;Review network driver logs;Monitor packet loss rate
23372,0.5276,network_errors,Network Interface Issues,high,Feature #23;Feature #24,Check network hardware;Inspect cable connections;Review network driver logs;Monitor packet loss rate
23374,0.5311,network_errors,Network Interface Issues,high,Feature #23;Feature #24,Check network hardware;Inspect cable connections;Review network driver logs;Monitor packet loss rate
23375,0.5378,network_errors,Network Interface Issues,high,Feature #23;Feature #24,Check network hardware;Inspect cable connections;Review network driver logs;Monitor packet loss rate
23378,0.5385,network_errors,Network Interface Issues,high,Feature #23;Feature #24,Check network hardware;Inspect cable connections;Review network driver logs;Monitor packet loss rate
23379,0.5677,network_errors,Network Interface Issues,high,Feature #23;Feature #24,Check network hardware;Inspect cable connections;Review network driver logs;Monitor packet loss rate
23380,0.5803,network_errors,Network Interface Issues,high,Feature #23;Feature #24,Check network hardware;Inspect cable connections;Review network driver logs;Monitor packet loss rate
23381,0.5343,network_errors,Network Interface Issues,high,Feature #23;Feature #24,Check network hardware;Inspect cable connections;Review network driver logs;Monitor packet loss rate
23383,0.548,network_errors,Network Interface Issues,high,Feature #23;Feature #24,Check network hardware;Inspect cable connections;Review network driver logs;Monitor packet loss rate
23384,0.5403,network_errors,Network Interface Issues,high,Feature #23;Feature #24,Check network hardware;Inspect cable connections;Review network driver logs;Monitor packet loss rate
23385,0.5701,network_errors,Network Interface Issues,high,Feature #23;Feature #24,Check network hardware;Inspect cable connections;Review network driver logs;Monitor packet loss rate
23387,0.5219,network_errors,Network Interface Issues,high,Feature #23;Feature #24,Check network hardware;Inspect cable connections;Review network driver logs;Monitor packet loss rate
23391,0.5402,network_errors,Network Interface Issues,high,Feature #23;Feature #24,Check network hardware;Inspect cable connections;Review network driver logs;Monitor packet loss rate
23392,0.526,network_errors,Network Interface Issues,high,Feature #23;Feature #24,Check network hardware;Inspect cable connections;Review network driver logs;Monitor packet loss rate
23393,0.5679,network_errors,Network Interface Issues,high,Feature #23;Feature #24,Check network hardware;Inspect cable connections;Review network driver logs;Monitor packet loss rate
23394,0.5404,network_errors,Network Interface Issues,high,Feature #23;Feature #24,Check network hardware;Inspect cable connections;Review network driver logs;Monitor packet loss rate
